{   "flipped":true,
    "size":80,
    "cameraX":-75,
    "cameraY":100,
    "x":125,
    "y":-120,
    "animations":{
        "idle":{"frames":"14"},
        "up":{"frames":"3"},
        "down":{"frames":"3"},
        "left":{"frames":"3"},
        "right":{"frames":"3"},
        "seconds per frame":0.025
    },
    "offsets":{
        "idle":{"x":0,"y":0},
        "up":{"x":-50,"y":40},
        "down":{"x":0,"y":-25},
        "right":{"x":-80,"y":10},
        "left":{"x":0,"y":-15}
    },
    "healthColor":"#b7d854"
}