{
    "size":75,
    "cameraX":80,
    "cameraY":-25,
    "x":-150,
    "y":0,
    "animations":{
        "idle":{"frames":"14"},
        "up":{"frames":"14"},
        "down":{"frames":"13"},
        "left":{"frames":"14"},
        "right":{"frames":"14"},
        "seconds per frame":0.025
    },
    "offsets":{
        "idle":{"x":0,"y":0},
        "up":{"x":0,"y":100},
        "down":{"x":-100,"y":-100},
        "left":{"x":-200,"y":0},
        "right":{"x":0,"y":0}
    },
    "healthColor":"#f9f594"
}