{
    "size":75,
    "cameraX":75,
    "cameraY":0,
    "x":-150,
    "y":-25,
    "animations":{
        "idle":{"frames":"14"},
        "up":{"frames":"6"},
        "down":{"frames":"30"},
        "left":{"frames":"32"},
        "right":{"frames":"6"},
        "seconds per frame":0.025
    },
    "offsets":{
        "idle":{"x":0,"y":0},
        "up":{"x":0,"y":50},
        "down":{"x":0,"y":-100},
        "left":{"x":-100,"y":0},
        "right":{"x":50,"y":0}
    },
    "healthColor":"#9e6898"
}