{
    "size":75,
    "cameraX":-50,
    "cameraY":25,
    "x":100,
    "y":-55,
    "animations":{
        "idle":{"frames":"14"},
        "up":{"frames":"6"},
        "down":{"frames":"6"},
        "left":{"frames":"6"},
        "right":{"frames":"6"},
        "seconds per frame":0.025
    },
    "offsets":{
        "idle":{"x":0,"y":0},
        "up":{"x":0,"y":50},
        "down":{"x":-25,"y":-40},
        "left":{"x":-50,"y":0},
        "right":{"x":25,"y":0}
    },
    "healthColor":"#9bc0ac"
}