{
	"song": {
		"player1": "bf",
		"events": [
			[
				0,
				[
					[
						"game_zoom",
						"0.8",
						""
					]
				]
			],
			[
				33529.4117647059,
				[
					[
						"game_zoom",
						"2",
						""
					]
				]
			],
			[
				33882.3529411765,
				[
					[
						"game_zoom",
						"0.8",
						""
					]
				]
			],
			[
				39176.4705882353,
				[
					[
						"Hey!",
						"BF",
						""
					],
					[
						"game_zoom",
						"2",
						""
					]
				]
			],
			[
				39529.4117647059,
				[
					[
						"game_zoom",
						"0.8",
						""
					]
				]
			],
			[
				50823.5294117647,
				[
					[
						"game_zoom",
						"2",
						""
					]
				]
			],
			[
				73058.8235294117,
				[
					[
						"game_zoom",
						"0.8",
						""
					]
				]
			],
			[
				95823.5294117646,
				[
					[
						"Hey!",
						"BF",
						""
					]
				]
			],
			[
				101294.117647059,
				[
					[
						"game_zoom",
						"2",
						""
					]
				]
			],
			[
				101647.058823529,
				[
					[
						"game_zoom",
						"0.8",
						""
					]
				]
			],
			[
				106941.176470588,
				[
					[
						"Hey!",
						"BF",
						""
					],
					[
						"game_zoom",
						"2",
						""
					]
				]
			],
			[
				107294.117647059,
				[
					[
						"game_zoom",
						"0.8",
						""
					]
				]
			],
			[
				140470.588235294,
				[
					[
						"game_zoom",
						"2",
						""
					]
				]
			],
			[
				141529.411764706,
				[
					[
						"game_zoom",
						"camHUD.visible",
						"false"
					]
				]
			]
		],
		"gfVersion": "gf",
		"notes": [
			{
				"sectionNotes": [],
				"lengthInSteps": 16,
				"mustHitSection": false
			},
			{
				"sectionNotes": [],
				"lengthInSteps": 16,
				"mustHitSection": false
			},
			{
				"sectionNotes": [],
				"lengthInSteps": 16,
				"mustHitSection": true
			},
			{
				"sectionNotes": [],
				"lengthInSteps": 16,
				"mustHitSection": true
			},
			{
				"sectionNotes": [
					[
						5647.05882352941,
						2,
						0
					],
					[
						6000,
						2,
						0
					],
					[
						6529.41176470588,
						0,
						0
					],
					[
						6705.88235294118,
						3,
						0
					],
					[
						6882.35294117647,
						1,
						0
					]
				],
				"lengthInSteps": 16,
				"mustHitSection": false
			},
			{
				"sectionNotes": [
					[
						7058.82352941176,
						2,
						0
					],
					[
						7411.76470588235,
						2,
						0
					],
					[
						7764.70588235294,
						3,
						0
					],
					[
						7886.02941176471,
						1,
						0
					],
					[
						8000.73529411765,
						0,
						0
					],
					[
						8117.64705882353,
						2,
						264.705882352941
					]
				],
				"lengthInSteps": 16,
				"mustHitSection": false
			},
			{
				"sectionNotes": [
					[
						8470.58823529412,
						3,
						264.705882352941
					],
					[
						8823.52941176471,
						0,
						0
					],
					[
						9176.47058823529,
						1,
						0
					],
					[
						9529.41176470588,
						2,
						617.647058823529
					],
					[
						9529.41176470588,
						3,
						0
					]
				],
				"lengthInSteps": 16,
				"mustHitSection": false
			},
			{
				"sectionNotes": [
					[
						10588.2352941176,
						0,
						0
					],
					[
						10941.1764705882,
						3,
						264.705882352941
					],
					[
						10235.2941176471,
						1,
						264.705882352941
					]
				],
				"lengthInSteps": 16,
				"mustHitSection": false
			},
			{
				"sectionNotes": [
					[
						11294.1176470588,
						2,
						264.705882352941
					],
					[
						11647.0588235294,
						0,
						0
					],
					[
						12000,
						1,
						0
					],
					[
						12352.9411764706,
						3,
						264.705882352941
					]
				],
				"lengthInSteps": 16,
				"mustHitSection": false
			},
			{
				"sectionNotes": [
					[
						12705.8823529412,
						1,
						264.705882352941
					],
					[
						13058.8235294118,
						0,
						264.705882352941
					],
					[
						13411.7647058824,
						2,
						264.705882352941
					],
					[
						13764.7058823529,
						3,
						264.705882352941
					],
					[
						13764.7058823529,
						0,
						0
					]
				],
				"lengthInSteps": 16,
				"mustHitSection": false
			},
			{
				"sectionNotes": [
					[
						14117.6470588235,
						1,
						264.705882352941
					],
					[
						14647.0588235294,
						3,
						0
					],
					[
						14823.5294117647,
						2,
						0
					],
					[
						15176.4705882353,
						2,
						0
					]
				],
				"lengthInSteps": 16,
				"mustHitSection": false
			},
			{
				"sectionNotes": [
					[
						15750,
						3,
						0
					],
					[
						15705.8823529412,
						2,
						0
					],
					[
						16058.8235294118,
						1,
						0
					],
					[
						16235.2941176471,
						0,
						0
					],
					[
						16588.2352941176,
						1,
						264.705882352941
					]
				],
				"lengthInSteps": 16,
				"mustHitSection": false
			},
			{
				"sectionNotes": [
					[
						16941.1764705882,
						2,
						0
					],
					[
						17294.1176470588,
						2,
						0
					],
					[
						17823.5294117647,
						0,
						0
					],
					[
						18000,
						3,
						0
					],
					[
						18176.4705882353,
						1,
						0
					],
					[
						16941.1764705882,
						6,
						0
					],
					[
						17294.1176470588,
						6,
						0
					],
					[
						17823.5294117647,
						7,
						0
					]
				],
				"lengthInSteps": 16,
				"mustHitSection": true
			},
			{
				"sectionNotes": [
					[
						18352.9411764706,
						2,
						0
					],
					[
						18705.8823529412,
						2,
						0
					],
					[
						19058.8235294118,
						3,
						0
					],
					[
						19180.1470588235,
						1,
						0
					],
					[
						19294.8529411765,
						0,
						0
					],
					[
						19411.7647058824,
						2,
						264.705882352941
					],
					[
						18352.9411764706,
						5,
						0
					],
					[
						18882.3529411765,
						5,
						0
					],
					[
						19411.7647058824,
						4,
						0
					]
				],
				"lengthInSteps": 16,
				"mustHitSection": true
			},
			{
				"sectionNotes": [
					[
						19764.7058823529,
						3,
						264.705882352941
					],
					[
						20117.6470588235,
						0,
						0
					],
					[
						20470.5882352941,
						1,
						0
					],
					[
						20823.5294117647,
						2,
						617.647058823529
					],
					[
						20823.5294117647,
						3,
						0
					],
					[
						19764.7058823529,
						7,
						0
					],
					[
						20117.6470588235,
						7,
						0
					],
					[
						20647.0588235294,
						6,
						0
					]
				],
				"lengthInSteps": 16,
				"mustHitSection": true
			},
			{
				"sectionNotes": [
					[
						21882.3529411765,
						0,
						0
					],
					[
						22235.2941176471,
						3,
						264.705882352941
					],
					[
						21176.4705882353,
						4,
						0
					],
					[
						21705.8823529412,
						4,
						0
					],
					[
						22235.2941176471,
						4,
						0
					],
					[
						21529.4117647059,
						1,
						264.705882352941
					]
				],
				"lengthInSteps": 16,
				"mustHitSection": true
			},
			{
				"sectionNotes": [
					[
						22588.2352941176,
						2,
						264.705882352941
					],
					[
						22941.1764705882,
						0,
						0
					],
					[
						23294.1176470588,
						1,
						0
					],
					[
						23647.0588235294,
						3,
						264.705882352941
					],
					[
						22588.2352941176,
						6,
						0
					],
					[
						23470.5882352941,
						6,
						0
					],
					[
						22941.1764705882,
						7,
						0
					]
				],
				"lengthInSteps": 16,
				"mustHitSection": true
			},
			{
				"sectionNotes": [
					[
						24000,
						1,
						264.705882352941
					],
					[
						24352.9411764706,
						0,
						264.705882352941
					],
					[
						24705.8823529412,
						2,
						264.705882352941
					],
					[
						25058.8235294118,
						3,
						264.705882352941
					],
					[
						25058.8235294118,
						0,
						0
					],
					[
						24000,
						6,
						0
					],
					[
						24529.4117647059,
						6,
						0
					],
					[
						25058.8235294118,
						6,
						0
					]
				],
				"lengthInSteps": 16,
				"mustHitSection": true
			},
			{
				"sectionNotes": [
					[
						25411.7647058824,
						1,
						264.705882352941
					],
					[
						25941.1764705882,
						3,
						0
					],
					[
						26117.6470588235,
						2,
						0
					],
					[
						26470.5882352941,
						2,
						0
					],
					[
						25411.7647058824,
						4,
						0
					],
					[
						25764.7058823529,
						4,
						0
					],
					[
						26294.1176470588,
						4,
						0
					]
				],
				"lengthInSteps": 16,
				"mustHitSection": true
			},
			{
				"sectionNotes": [
					[
						27044.1176470588,
						3,
						0
					],
					[
						27000,
						2,
						0
					],
					[
						27352.9411764706,
						1,
						0
					],
					[
						27529.4117647059,
						0,
						0
					],
					[
						27882.3529411765,
						1,
						264.705882352941
					],
					[
						26823.5294117647,
						6,
						0
					],
					[
						27176.4705882353,
						4,
						0
					],
					[
						27264.7058823529,
						7,
						0
					],
					[
						27352.9411764706,
						5,
						0
					],
					[
						26876.4705882353,
						4,
						0
					],
					[
						27705.8823529412,
						6,
						0
					],
					[
						27756.6176470588,
						7,
						0
					]
				],
				"lengthInSteps": 16,
				"mustHitSection": true
			},
			{
				"sectionNotes": [
					[
						28235.2941176471,
						2,
						0
					],
					[
						28588.2352941176,
						2,
						0
					],
					[
						28764.7058823529,
						1,
						264.705882352941
					],
					[
						29294.1176470588,
						0,
						0
					],
					[
						28235.2941176471,
						6,
						0
					],
					[
						28764.7058823529,
						6,
						0
					],
					[
						29294.1176470588,
						4,
						0
					]
				],
				"lengthInSteps": 16,
				"mustHitSection": false
			},
			{
				"sectionNotes": [
					[
						29647.0588235294,
						2,
						0
					],
					[
						29823.5294117647,
						3,
						0
					],
					[
						30000,
						2,
						0
					],
					[
						30176.4705882353,
						0,
						0
					],
					[
						30352.9411764706,
						3,
						264.705882352941
					],
					[
						30705.8823529412,
						1,
						264.705882352941
					],
					[
						29823.5294117647,
						4,
						0
					],
					[
						30352.9411764706,
						6,
						0
					],
					[
						30705.8823529412,
						7,
						0
					]
				],
				"lengthInSteps": 16,
				"mustHitSection": false
			},
			{
				"sectionNotes": [
					[
						31058.8235294118,
						0,
						0
					],
					[
						31235.2941176471,
						2,
						0
					],
					[
						31411.7647058824,
						0,
						0
					],
					[
						31588.2352941176,
						3,
						0
					],
					[
						31764.7058823529,
						1,
						264.705882352941
					],
					[
						32117.6470588235,
						2,
						264.705882352941
					],
					[
						31058.8235294118,
						5,
						0
					],
					[
						31588.2352941176,
						5,
						0
					],
					[
						32117.6470588235,
						6,
						0
					],
					[
						32294.1176470588,
						4,
						0
					]
				],
				"lengthInSteps": 16,
				"mustHitSection": false
			},
			{
				"sectionNotes": [
					[
						32470.5882352941,
						3,
						0
					],
					[
						32647.0588235294,
						0,
						0
					],
					[
						32823.5294117647,
						2,
						0
					],
					[
						33000,
						3,
						0
					],
					[
						33176.4705882353,
						0,
						0
					],
					[
						33352.9411764706,
						1,
						0
					],
					[
						32470.5882352941,
						7,
						0
					],
					[
						33000,
						7,
						0
					],
					[
						33352.9411764706,
						7,
						0
					],
					[
						33529.4117647059,
						2,
						0
					],
					[
						33560.2941176471,
						3,
						0
					],
					[
						33705.8823529412,
						2,
						0
					],
					[
						33741.1764705882,
						3,
						0
					]
				],
				"lengthInSteps": 16,
				"mustHitSection": false
			},
			{
				"sectionNotes": [
					[
						33882.3529411765,
						2,
						0
					],
					[
						34235.2941176471,
						2,
						0
					],
					[
						34411.7647058823,
						1,
						264.705882352941
					],
					[
						34941.1764705882,
						0,
						0
					],
					[
						34941.1764705882,
						4,
						0
					],
					[
						33882.3529411765,
						5,
						0
					],
					[
						34411.7647058823,
						5,
						0
					]
				],
				"lengthInSteps": 16,
				"mustHitSection": true
			},
			{
				"sectionNotes": [
					[
						35294.1176470588,
						2,
						0
					],
					[
						35470.5882352941,
						3,
						0
					],
					[
						35647.0588235294,
						2,
						0
					],
					[
						35823.5294117647,
						0,
						0
					],
					[
						36000,
						3,
						264.705882352941
					],
					[
						36352.9411764706,
						1,
						264.705882352941
					],
					[
						35470.5882352941,
						4,
						0
					],
					[
						36000,
						6,
						0
					],
					[
						36352.9411764706,
						7,
						0
					]
				],
				"lengthInSteps": 16,
				"mustHitSection": true
			},
			{
				"sectionNotes": [
					[
						36705.8823529412,
						0,
						0
					],
					[
						36882.3529411765,
						2,
						0
					],
					[
						37058.8235294118,
						0,
						0
					],
					[
						37235.2941176471,
						3,
						0
					],
					[
						37411.7647058824,
						1,
						264.705882352941
					],
					[
						37764.7058823529,
						2,
						264.705882352941
					],
					[
						36705.8823529412,
						5,
						0
					],
					[
						37235.2941176471,
						5,
						0
					],
					[
						37764.7058823529,
						6,
						0
					],
					[
						37941.1764705882,
						4,
						0
					]
				],
				"lengthInSteps": 16,
				"mustHitSection": true
			},
			{
				"sectionNotes": [
					[
						38117.6470588235,
						3,
						0
					],
					[
						38294.1176470588,
						0,
						0
					],
					[
						38470.5882352941,
						2,
						0
					],
					[
						38647.0588235294,
						3,
						0
					],
					[
						38823.5294117647,
						0,
						0
					],
					[
						39000,
						1,
						0
					],
					[
						38117.6470588235,
						7,
						0
					],
					[
						38647.0588235294,
						7,
						0
					],
					[
						39000,
						7,
						0
					]
				],
				"lengthInSteps": 16,
				"mustHitSection": true
			},
			{
				"sectionNotes": [
					[
						39882.3529411765,
						1,
						0
					],
					[
						40588.2352941176,
						0,
						0
					],
					[
						40235.294117647,
						3,
						0
					],
					[
						40764.7058823529,
						2,
						441.176470588235
					]
				],
				"lengthInSteps": 16,
				"mustHitSection": false
			},
			{
				"sectionNotes": [
					[
						41117.6470588235,
						6,
						0
					],
					[
						41470.5882352941,
						6,
						0
					],
					[
						41823.5294117647,
						6,
						0
					],
					[
						42176.4705882353,
						7,
						0
					],
					[
						41294.1176470588,
						3,
						0
					],
					[
						41647.0588235294,
						2,
						0
					],
					[
						41823.5294117647,
						1,
						0
					],
					[
						42000,
						0,
						0
					]
				],
				"lengthInSteps": 16,
				"mustHitSection": false
			},
			{
				"sectionNotes": [
					[
						42352.9411764706,
						5,
						617.647058823529
					],
					[
						43411.7647058823,
						6,
						617.647058823529
					],
					[
						42705.8823529412,
						1,
						0
					],
					[
						43058.8235294117,
						3,
						0
					],
					[
						43411.7647058823,
						0,
						0
					],
					[
						43588.2352941176,
						2,
						441.176470588235
					]
				],
				"lengthInSteps": 16,
				"mustHitSection": false
			},
			{
				"sectionNotes": [
					[
						44117.6470588235,
						4,
						0
					],
					[
						44470.5882352941,
						5,
						0
					],
					[
						44823.5294117647,
						7,
						0
					],
					[
						44117.6470588235,
						0,
						0
					],
					[
						44470.5882352941,
						1,
						0
					],
					[
						44823.5294117647,
						3,
						0
					]
				],
				"lengthInSteps": 16,
				"mustHitSection": false
			},
			{
				"sectionNotes": [
					[
						45529.4117647059,
						1,
						0
					],
					[
						46235.294117647,
						0,
						0
					],
					[
						45882.3529411765,
						3,
						0
					],
					[
						46411.7647058823,
						2,
						441.176470588235
					]
				],
				"lengthInSteps": 16,
				"mustHitSection": true
			},
			{
				"sectionNotes": [
					[
						46764.7058823529,
						6,
						0
					],
					[
						47117.6470588235,
						6,
						0
					],
					[
						47470.5882352941,
						6,
						0
					],
					[
						47823.5294117647,
						7,
						0
					],
					[
						46941.1764705882,
						3,
						0
					],
					[
						47294.1176470588,
						2,
						0
					],
					[
						47470.5882352941,
						1,
						0
					],
					[
						47647.0588235294,
						0,
						0
					]
				],
				"lengthInSteps": 16,
				"mustHitSection": true
			},
			{
				"sectionNotes": [
					[
						48000,
						5,
						617.647058823529
					],
					[
						48352.9411764706,
						1,
						0
					],
					[
						48705.8823529412,
						3,
						0
					],
					[
						49058.8235294117,
						0,
						0
					],
					[
						49058.8235294117,
						6,
						264.705882352941
					],
					[
						49235.294117647,
						2,
						0
					]
				],
				"lengthInSteps": 16,
				"mustHitSection": true
			},
			{
				"sectionNotes": [
					[
						49411.7647058823,
						3,
						0
					],
					[
						49764.7058823529,
						1,
						0
					],
					[
						49764.7058823529,
						5,
						0
					],
					[
						49941.1764705882,
						5,
						0
					],
					[
						49941.1764705882,
						1,
						0
					],
					[
						49411.7647058823,
						7,
						0
					],
					[
						50294.1176470588,
						0,
						0
					],
					[
						50294.1176470588,
						7,
						0
					],
					[
						50470.5882352941,
						4,
						0
					],
					[
						50647.0588235294,
						7,
						0
					],
					[
						50470.5882352941,
						0,
						264.705882352941
					],
					[
						50647.0588235294,
						1,
						88.2352941176471
					]
				],
				"lengthInSteps": 16,
				"mustHitSection": true
			},
			{
				"sectionNotes": [
					[
						50823.5294117647,
						2,
						0
					],
					[
						51176.4705882353,
						1,
						0
					],
					[
						51882.3529411764,
						1,
						0
					],
					[
						51529.4117647058,
						3,
						88.2352941176471
					],
					[
						51705.8823529411,
						0,
						88.2352941176471
					],
					[
						51352.9411764705,
						2,
						88.2352941176471
					]
				],
				"lengthInSteps": 16,
				"mustHitSection": false
			},
			{
				"sectionNotes": [
					[
						52235.294117647,
						2,
						264.705882352941
					],
					[
						52588.2352941176,
						0,
						0
					],
					[
						53470.5882352941,
						3,
						0
					],
					[
						52941.1764705882,
						1,
						264.705882352941
					],
					[
						53294.1176470588,
						2,
						0
					]
				],
				"lengthInSteps": 16,
				"mustHitSection": false
			},
			{
				"sectionNotes": [
					[
						53647.0588235294,
						0,
						264.705882352941
					],
					[
						53999.9999999999,
						1,
						264.705882352941
					],
					[
						54352.9411764705,
						3,
						0
					],
					[
						54529.4117647058,
						0,
						0
					],
					[
						54705.8823529411,
						3,
						264.705882352941
					]
				],
				"lengthInSteps": 16,
				"mustHitSection": false
			},
			{
				"sectionNotes": [
					[
						55058.8235294117,
						1,
						176.470588235294
					],
					[
						55411.7647058823,
						3,
						0
					],
					[
						55588.2352941176,
						0,
						0
					],
					[
						55764.7058823529,
						1,
						352.941176470588
					],
					[
						56117.6470588235,
						0,
						264.705882352941
					]
				],
				"lengthInSteps": 16,
				"mustHitSection": false
			},
			{
				"sectionNotes": [
					[
						56470.5882352941,
						2,
						617.647058823529
					]
				],
				"lengthInSteps": 16,
				"mustHitSection": false
			},
			{
				"sectionNotes": [
					[
						58235.294117647,
						3,
						264.705882352941
					],
					[
						58588.2352941176,
						0,
						0
					],
					[
						58826.4705882352,
						1,
						0
					],
					[
						59060.294117647,
						3,
						0
					]
				],
				"lengthInSteps": 16,
				"mustHitSection": false
			},
			{
				"sectionNotes": [
					[
						60176.4705882352,
						3,
						0
					],
					[
						60352.9411764705,
						2,
						0
					],
					[
						60529.4117647058,
						1,
						0
					],
					[
						59300.7352941176,
						2,
						617.647058823529
					]
				],
				"lengthInSteps": 16,
				"mustHitSection": false
			},
			{
				"sectionNotes": [
					[
						60705.8823529411,
						3,
						0
					],
					[
						60882.3529411764,
						0,
						0
					],
					[
						61235.294117647,
						3,
						0
					],
					[
						61588.2352941176,
						3,
						0
					],
					[
						61764.7058823529,
						3,
						0
					],
					[
						61941.1764705882,
						0,
						0
					]
				],
				"lengthInSteps": 16,
				"mustHitSection": false
			},
			{
				"sectionNotes": [
					[
						62117.6470588235,
						2,
						0
					],
					[
						62470.5882352941,
						1,
						0
					],
					[
						63176.4705882353,
						1,
						0
					],
					[
						62823.5294117647,
						3,
						88.2352941176471
					],
					[
						63000,
						0,
						88.2352941176471
					],
					[
						62647.0588235294,
						2,
						88.2352941176471
					],
					[
						62117.6470588235,
						6,
						0,
						"Hey!"
					]
				],
				"lengthInSteps": 16,
				"mustHitSection": true
			},
			{
				"sectionNotes": [
					[
						63529.4117647058,
						2,
						264.705882352941
					],
					[
						64764.7058823529,
						3,
						0
					],
					[
						64588.2352941176,
						2,
						0
					],
					[
						64235.294117647,
						0,
						264.705882352941
					],
					[
						63882.3529411764,
						3,
						0
					]
				],
				"lengthInSteps": 16,
				"mustHitSection": true
			},
			{
				"sectionNotes": [
					[
						65647.0588235294,
						3,
						0
					],
					[
						65823.5294117647,
						0,
						0
					],
					[
						65999.9999999999,
						3,
						264.705882352941
					],
					[
						64941.1764705882,
						1,
						264.705882352941
					],
					[
						65294.1176470587,
						2,
						264.705882352941
					]
				],
				"lengthInSteps": 16,
				"mustHitSection": true
			},
			{
				"sectionNotes": [
					[
						66352.9411764705,
						1,
						176.470588235294
					],
					[
						66705.8823529411,
						3,
						0
					],
					[
						66882.3529411764,
						0,
						0
					],
					[
						67411.7647058823,
						3,
						264.705882352941
					],
					[
						67058.8235294117,
						1,
						352.941176470588
					]
				],
				"lengthInSteps": 16,
				"mustHitSection": true
			},
			{
				"sectionNotes": [
					[
						67764.7058823529,
						2,
						617.647058823529
					]
				],
				"lengthInSteps": 16,
				"mustHitSection": true
			},
			{
				"sectionNotes": [
					[
						69529.4117647058,
						0,
						264.705882352941
					],
					[
						69882.3529411764,
						1,
						0
					],
					[
						70116.1764705882,
						3,
						0
					],
					[
						70358.8235294117,
						0,
						0
					]
				],
				"lengthInSteps": 16,
				"mustHitSection": true
			},
			{
				"sectionNotes": [
					[
						71470.5882352941,
						3,
						0
					],
					[
						71823.5294117646,
						1,
						0
					],
					[
						70594.8529411764,
						2,
						617.647058823529
					],
					[
						71647.0588235293,
						0,
						0
					]
				],
				"lengthInSteps": 16,
				"mustHitSection": true
			},
			{
				"sectionNotes": [
					[
						71999.9999999999,
						3,
						0
					],
					[
						72176.4705882352,
						0,
						0
					],
					[
						72529.4117647058,
						3,
						0
					],
					[
						72882.3529411764,
						0,
						0
					],
					[
						73058.8235294117,
						2,
						0
					],
					[
						73235.294117647,
						3,
						0
					]
				],
				"lengthInSteps": 16,
				"mustHitSection": true
			},
			{
				"sectionNotes": [
					[
						73411.7647058823,
						2,
						0
					],
					[
						73764.7058823529,
						2,
						0
					],
					[
						74294.1176470588,
						0,
						0
					],
					[
						74470.5882352941,
						3,
						0
					],
					[
						74647.0588235294,
						1,
						0
					],
					[
						73411.7647058823,
						6,
						264.705882352941
					],
					[
						74117.6470588234,
						4,
						0
					],
					[
						74470.588235294,
						4,
						0
					],
					[
						74647.0588235293,
						7,
						0
					]
				],
				"lengthInSteps": 16,
				"mustHitSection": false
			},
			{
				"sectionNotes": [
					[
						74823.5294117647,
						2,
						0
					],
					[
						75176.4705882353,
						2,
						0
					],
					[
						75529.4117647059,
						3,
						0
					],
					[
						75650.7352941177,
						1,
						0
					],
					[
						75765.4411764706,
						0,
						0
					],
					[
						75882.3529411765,
						2,
						264.705882352941
					],
					[
						74823.5294117646,
						6,
						0
					],
					[
						75882.3529411764,
						6,
						0
					],
					[
						76003.6764705881,
						5,
						0
					],
					[
						76124.9999999999,
						4,
						0
					]
				],
				"lengthInSteps": 16,
				"mustHitSection": false
			},
			{
				"sectionNotes": [
					[
						76235.294117647,
						3,
						264.705882352941
					],
					[
						76588.2352941177,
						0,
						0
					],
					[
						76941.1764705882,
						1,
						0
					],
					[
						77294.1176470588,
						2,
						617.647058823529
					],
					[
						77294.1176470588,
						3,
						0
					],
					[
						76235.294117647,
						7,
						264.705882352941
					],
					[
						76588.2352941177,
						4,
						0
					],
					[
						76941.1764705882,
						5,
						0
					],
					[
						77294.1176470588,
						6,
						617.647058823529
					],
					[
						77294.1176470588,
						7,
						0
					]
				],
				"lengthInSteps": 16,
				"mustHitSection": false
			},
			{
				"sectionNotes": [
					[
						78352.9411764706,
						0,
						0
					],
					[
						78705.8823529412,
						3,
						264.705882352941
					],
					[
						78352.9411764706,
						4,
						0
					],
					[
						78705.8823529412,
						7,
						264.705882352941
					],
					[
						77999.9999999999,
						5,
						264.705882352941
					],
					[
						77999.9999999999,
						1,
						264.705882352941
					]
				],
				"lengthInSteps": 16,
				"mustHitSection": false
			},
			{
				"sectionNotes": [
					[
						79058.8235294118,
						2,
						264.705882352941
					],
					[
						79411.7647058823,
						0,
						0
					],
					[
						79764.7058823529,
						1,
						0
					],
					[
						80117.6470588235,
						3,
						264.705882352941
					],
					[
						79411.7647058822,
						6,
						264.705882352941
					],
					[
						79764.7058823528,
						7,
						0
					]
				],
				"lengthInSteps": 16,
				"mustHitSection": false
			},
			{
				"sectionNotes": [
					[
						80470.5882352941,
						1,
						264.705882352941
					],
					[
						80823.5294117647,
						0,
						264.705882352941
					],
					[
						81176.4705882353,
						2,
						264.705882352941
					],
					[
						81529.4117647059,
						3,
						264.705882352941
					],
					[
						81529.4117647059,
						0,
						0
					],
					[
						80470.5882352941,
						5,
						264.705882352941
					],
					[
						80823.5294117647,
						4,
						264.705882352941
					],
					[
						81176.4705882353,
						6,
						264.705882352941
					],
					[
						81529.4117647059,
						7,
						264.705882352941
					],
					[
						81529.4117647059,
						4,
						0
					]
				],
				"lengthInSteps": 16,
				"mustHitSection": false
			},
			{
				"sectionNotes": [
					[
						81882.3529411765,
						1,
						264.705882352941
					],
					[
						82411.7647058823,
						3,
						0
					],
					[
						82588.2352941177,
						2,
						0
					],
					[
						82941.1764705882,
						2,
						0
					],
					[
						81882.3529411764,
						6,
						441.176470588235
					]
				],
				"lengthInSteps": 16,
				"mustHitSection": false
			},
			{
				"sectionNotes": [
					[
						83514.7058823529,
						3,
						0
					],
					[
						83470.5882352941,
						2,
						0
					],
					[
						83823.5294117647,
						1,
						0
					],
					[
						84000,
						0,
						0
					],
					[
						84352.9411764706,
						1,
						264.705882352941
					]
				],
				"lengthInSteps": 16,
				"mustHitSection": false
			},
			{
				"sectionNotes": [
					[
						84705.8823529412,
						2,
						0
					],
					[
						85058.8235294118,
						2,
						0
					],
					[
						85588.2352941177,
						0,
						0
					],
					[
						85764.7058823529,
						3,
						0
					],
					[
						85941.1764705882,
						1,
						0
					],
					[
						84705.8823529412,
						6,
						0
					],
					[
						85058.8235294118,
						6,
						0
					],
					[
						85588.2352941177,
						7,
						0
					],
					[
						85411.7647058822,
						7,
						0
					],
					[
						85499.9999999999,
						4,
						0
					]
				],
				"lengthInSteps": 16,
				"mustHitSection": true
			},
			{
				"sectionNotes": [
					[
						86117.6470588235,
						2,
						0
					],
					[
						86470.5882352941,
						2,
						0
					],
					[
						86823.5294117647,
						3,
						0
					],
					[
						86944.8529411765,
						1,
						0
					],
					[
						87059.5588235294,
						0,
						0
					],
					[
						87176.4705882353,
						2,
						264.705882352941
					],
					[
						87176.4705882353,
						4,
						0
					],
					[
						86117.6470588234,
						6,
						0
					],
					[
						86470.588235294,
						7,
						0
					],
					[
						86558.8235294116,
						4,
						0
					],
					[
						86647.0588235293,
						6,
						0
					]
				],
				"lengthInSteps": 16,
				"mustHitSection": true
			},
			{
				"sectionNotes": [
					[
						87529.4117647059,
						3,
						264.705882352941
					],
					[
						87882.3529411765,
						0,
						0
					],
					[
						88235.294117647,
						1,
						0
					],
					[
						88588.2352941177,
						2,
						617.647058823529
					],
					[
						88588.2352941177,
						3,
						0
					],
					[
						87529.4117647059,
						7,
						0
					],
					[
						87882.3529411765,
						7,
						0
					],
					[
						88411.7647058823,
						6,
						0
					],
					[
						88235.2941176469,
						6,
						0
					],
					[
						88323.5294117646,
						4,
						0
					]
				],
				"lengthInSteps": 16,
				"mustHitSection": true
			},
			{
				"sectionNotes": [
					[
						89647.0588235294,
						0,
						0
					],
					[
						90000,
						3,
						264.705882352941
					],
					[
						88941.1764705882,
						4,
						0
					],
					[
						89470.5882352941,
						4,
						0
					],
					[
						90000,
						4,
						0
					],
					[
						89294.1176470588,
						1,
						264.705882352941
					],
					[
						89294.1176470587,
						6,
						0
					],
					[
						89382.3529411763,
						5,
						0
					]
				],
				"lengthInSteps": 16,
				"mustHitSection": true
			},
			{
				"sectionNotes": [
					[
						90352.9411764706,
						2,
						264.705882352941
					],
					[
						90705.8823529412,
						0,
						0
					],
					[
						91058.8235294118,
						1,
						0
					],
					[
						91411.7647058823,
						3,
						264.705882352941
					],
					[
						90352.9411764706,
						6,
						0
					],
					[
						91235.294117647,
						6,
						0
					],
					[
						90705.8823529412,
						7,
						0
					],
					[
						91058.8235294116,
						4,
						0
					],
					[
						91588.2352941175,
						7,
						0
					],
					[
						91676.4705882352,
						4,
						0
					]
				],
				"lengthInSteps": 16,
				"mustHitSection": true
			},
			{
				"typeOfSection": 0,
				"sectionNotes": [
					[
						91764.7058823529,
						1,
						264.705882352941
					],
					[
						92117.6470588235,
						0,
						264.705882352941
					],
					[
						92470.5882352941,
						2,
						264.705882352941
					],
					[
						92823.5294117647,
						3,
						264.705882352941
					],
					[
						92823.5294117647,
						0,
						0
					],
					[
						91764.7058823529,
						6,
						0
					],
					[
						92294.1176470588,
						6,
						0
					],
					[
						92823.5294117647,
						6,
						0
					],
					[
						92647.0588235293,
						4,
						0
					],
					[
						92735.2941176469,
						5,
						0
					]
				],
				"sectionBeats": 4,
				"altAnim": false,
				"gfSection": false,
				"bpm": 180,
				"changeBPM": false,
				"mustHitSection": true
			},
			{
				"typeOfSection": 0,
				"sectionNotes": [
					[
						93176.4705882353,
						1,
						264.705882352941
					],
					[
						93705.8823529412,
						3,
						0
					],
					[
						93882.3529411765,
						2,
						0
					],
					[
						94235.294117647,
						2,
						0
					],
					[
						93176.4705882353,
						4,
						0
					],
					[
						93529.4117647059,
						4,
						0
					],
					[
						94058.8235294118,
						4,
						0
					]
				],
				"sectionBeats": 4,
				"altAnim": false,
				"gfSection": false,
				"bpm": 170,
				"changeBPM": false,
				"mustHitSection": true
			},
			{
				"typeOfSection": 0,
				"sectionNotes": [
					[
						94808.8235294118,
						3,
						0
					],
					[
						94764.7058823529,
						2,
						0
					],
					[
						95117.6470588235,
						1,
						0
					],
					[
						95294.1176470588,
						0,
						0
					],
					[
						94588.2352941177,
						6,
						0
					],
					[
						94941.1764705882,
						4,
						0
					],
					[
						95029.4117647059,
						7,
						0
					],
					[
						95117.6470588235,
						5,
						0
					],
					[
						94641.1764705882,
						4,
						0
					],
					[
						95470.588235294,
						3,
						0
					],
					[
						95558.8235294116,
						2,
						0
					],
					[
						95647.0588235293,
						1,
						0
					],
					[
						95470.588235294,
						6,
						0
					],
					[
						95512.4999999999,
						7,
						0
					],
					[
						95823.5294117646,
						6,
						0,
						"Hey!"
					]
				],
				"sectionBeats": 4,
				"altAnim": false,
				"gfSection": false,
				"bpm": 170,
				"changeBPM": false,
				"mustHitSection": true
			},
			{
				"typeOfSection": 0,
				"sectionNotes": [
					[
						96000,
						2,
						0
					],
					[
						96352.9411764706,
						2,
						0
					],
					[
						96529.4117647059,
						1,
						264.705882352941
					],
					[
						97058.8235294118,
						0,
						0
					],
					[
						96000,
						6,
						0
					],
					[
						96529.4117647059,
						6,
						0
					],
					[
						97058.8235294118,
						4,
						0
					]
				],
				"sectionBeats": 4,
				"altAnim": false,
				"gfSection": false,
				"bpm": 170,
				"changeBPM": false,
				"mustHitSection": false
			},
			{
				"typeOfSection": 0,
				"sectionNotes": [
					[
						97411.7647058823,
						2,
						0
					],
					[
						97588.2352941177,
						3,
						0
					],
					[
						97764.7058823529,
						2,
						0
					],
					[
						97941.1764705882,
						0,
						0
					],
					[
						98117.6470588235,
						3,
						264.705882352941
					],
					[
						98470.5882352941,
						1,
						264.705882352941
					],
					[
						97588.2352941177,
						4,
						0
					],
					[
						98117.6470588235,
						6,
						0
					],
					[
						98470.5882352941,
						7,
						0
					]
				],
				"sectionBeats": 4,
				"altAnim": false,
				"gfSection": false,
				"bpm": 170,
				"changeBPM": false,
				"mustHitSection": false
			},
			{
				"typeOfSection": 0,
				"sectionNotes": [
					[
						98823.5294117647,
						0,
						0
					],
					[
						99000,
						2,
						0
					],
					[
						99176.4705882353,
						0,
						0
					],
					[
						99352.9411764706,
						3,
						0
					],
					[
						99529.4117647059,
						1,
						264.705882352941
					],
					[
						99882.3529411765,
						2,
						264.705882352941
					],
					[
						98823.5294117647,
						5,
						0
					],
					[
						99352.9411764706,
						5,
						0
					],
					[
						99882.3529411765,
						6,
						0
					],
					[
						100058.823529412,
						4,
						0
					]
				],
				"sectionBeats": 4,
				"altAnim": false,
				"gfSection": false,
				"bpm": 170,
				"changeBPM": false,
				"mustHitSection": false
			},
			{
				"typeOfSection": 0,
				"sectionNotes": [
					[
						100235.294117647,
						3,
						0
					],
					[
						100411.764705882,
						0,
						0
					],
					[
						100588.235294118,
						2,
						0
					],
					[
						100764.705882353,
						3,
						0
					],
					[
						100941.176470588,
						0,
						0
					],
					[
						101117.647058824,
						1,
						0
					],
					[
						100235.294117647,
						7,
						0
					],
					[
						100764.705882353,
						7,
						0
					],
					[
						101117.647058824,
						7,
						0
					],
					[
						101294.117647059,
						2,
						0
					],
					[
						101325,
						3,
						0
					],
					[
						101470.588235294,
						2,
						0
					],
					[
						101505.882352941,
						3,
						0
					]
				],
				"sectionBeats": 4,
				"altAnim": false,
				"gfSection": false,
				"bpm": 170,
				"changeBPM": false,
				"mustHitSection": false
			},
			{
				"typeOfSection": 0,
				"sectionNotes": [
					[
						101647.058823529,
						2,
						0
					],
					[
						102000,
						2,
						0
					],
					[
						102176.470588235,
						1,
						264.705882352941
					],
					[
						102705.882352941,
						0,
						0
					],
					[
						102705.882352941,
						4,
						0
					],
					[
						101647.058823529,
						5,
						0
					],
					[
						102176.470588235,
						5,
						0
					]
				],
				"sectionBeats": 4,
				"altAnim": false,
				"gfSection": false,
				"bpm": 170,
				"changeBPM": false,
				"mustHitSection": true
			},
			{
				"typeOfSection": 0,
				"sectionNotes": [
					[
						103058.823529412,
						2,
						0
					],
					[
						103235.294117647,
						3,
						0
					],
					[
						103411.764705882,
						2,
						0
					],
					[
						103588.235294118,
						0,
						0
					],
					[
						103764.705882353,
						3,
						264.705882352941
					],
					[
						104117.647058824,
						1,
						264.705882352941
					],
					[
						103235.294117647,
						4,
						0
					],
					[
						103764.705882353,
						6,
						0
					],
					[
						104117.647058824,
						7,
						0
					]
				],
				"sectionBeats": 4,
				"altAnim": false,
				"gfSection": false,
				"bpm": 170,
				"changeBPM": false,
				"mustHitSection": true
			},
			{
				"typeOfSection": 0,
				"sectionNotes": [
					[
						104470.588235294,
						0,
						0
					],
					[
						104647.058823529,
						2,
						0
					],
					[
						104823.529411765,
						0,
						0
					],
					[
						105000,
						3,
						0
					],
					[
						105176.470588235,
						1,
						264.705882352941
					],
					[
						105529.411764706,
						2,
						264.705882352941
					],
					[
						104470.588235294,
						5,
						0
					],
					[
						105000,
						5,
						0
					],
					[
						105529.411764706,
						6,
						0
					],
					[
						105705.882352941,
						4,
						0
					]
				],
				"sectionBeats": 4,
				"altAnim": false,
				"gfSection": false,
				"bpm": 170,
				"changeBPM": false,
				"mustHitSection": true
			},
			{
				"typeOfSection": 0,
				"sectionNotes": [
					[
						105882.352941176,
						3,
						0
					],
					[
						106058.823529412,
						0,
						0
					],
					[
						106235.294117647,
						2,
						0
					],
					[
						106411.764705882,
						3,
						0
					],
					[
						106588.235294118,
						0,
						0
					],
					[
						106764.705882353,
						1,
						0
					],
					[
						105882.352941176,
						7,
						0
					],
					[
						106411.764705882,
						7,
						0
					],
					[
						106764.705882353,
						7,
						0
					]
				],
				"sectionBeats": 4,
				"altAnim": false,
				"gfSection": false,
				"bpm": 170,
				"changeBPM": false,
				"mustHitSection": true
			},
			{
				"typeOfSection": 0,
				"sectionNotes": [
					[
						107647.058823529,
						1,
						0
					],
					[
						108352.941176471,
						0,
						0
					],
					[
						108000,
						3,
						0
					],
					[
						108529.411764706,
						2,
						441.176470588235
					]
				],
				"sectionBeats": 4,
				"altAnim": false,
				"gfSection": false,
				"bpm": 170,
				"changeBPM": false,
				"mustHitSection": false
			},
			{
				"typeOfSection": 0,
				"sectionNotes": [
					[
						108882.352941176,
						6,
						0
					],
					[
						109235.294117647,
						6,
						0
					],
					[
						109588.235294118,
						6,
						0
					],
					[
						109941.176470588,
						7,
						0
					],
					[
						109058.823529412,
						3,
						0
					],
					[
						109411.764705882,
						2,
						0
					],
					[
						109588.235294118,
						1,
						0
					],
					[
						109764.705882353,
						0,
						0
					]
				],
				"sectionBeats": 4,
				"altAnim": false,
				"gfSection": false,
				"bpm": 170,
				"changeBPM": false,
				"mustHitSection": false
			},
			{
				"typeOfSection": 0,
				"sectionNotes": [
					[
						110117.647058823,
						5,
						617.647058823529
					],
					[
						111176.470588235,
						6,
						617.647058823529
					],
					[
						110470.588235294,
						1,
						0
					],
					[
						110823.529411765,
						3,
						0
					],
					[
						111176.470588235,
						0,
						0
					],
					[
						111352.941176471,
						2,
						441.176470588235
					]
				],
				"sectionBeats": 4,
				"altAnim": false,
				"gfSection": false,
				"bpm": 170,
				"changeBPM": false,
				"mustHitSection": false
			},
			{
				"typeOfSection": 0,
				"sectionNotes": [
					[
						111882.352941176,
						4,
						0
					],
					[
						112235.294117647,
						5,
						0
					],
					[
						112588.235294118,
						7,
						0
					],
					[
						111882.352941176,
						0,
						0
					],
					[
						112235.294117647,
						1,
						0
					],
					[
						112588.235294118,
						3,
						0
					]
				],
				"sectionBeats": 4,
				"altAnim": false,
				"gfSection": false,
				"bpm": 170,
				"changeBPM": false,
				"mustHitSection": false
			},
			{
				"typeOfSection": 0,
				"sectionNotes": [
					[
						113294.117647059,
						1,
						0
					],
					[
						114000,
						0,
						0
					],
					[
						113647.058823529,
						3,
						0
					],
					[
						114176.470588235,
						2,
						441.176470588235
					]
				],
				"sectionBeats": 4,
				"altAnim": false,
				"gfSection": false,
				"bpm": 170,
				"changeBPM": false,
				"mustHitSection": true
			},
			{
				"typeOfSection": 0,
				"sectionNotes": [
					[
						114529.411764706,
						6,
						0
					],
					[
						114882.352941176,
						6,
						0
					],
					[
						115235.294117647,
						6,
						0
					],
					[
						115588.235294118,
						7,
						0
					],
					[
						114705.882352941,
						3,
						0
					],
					[
						115058.823529412,
						2,
						0
					],
					[
						115235.294117647,
						1,
						0
					],
					[
						115411.764705882,
						0,
						0
					]
				],
				"sectionBeats": 4,
				"altAnim": false,
				"gfSection": false,
				"bpm": 170,
				"changeBPM": false,
				"mustHitSection": true
			},
			{
				"typeOfSection": 0,
				"sectionNotes": [
					[
						115764.705882353,
						5,
						617.647058823529
					],
					[
						116117.647058823,
						1,
						0
					],
					[
						116470.588235294,
						3,
						0
					],
					[
						116823.529411765,
						0,
						0
					],
					[
						116823.529411765,
						6,
						264.705882352941
					],
					[
						117000,
						2,
						0
					]
				],
				"sectionBeats": 4,
				"altAnim": false,
				"gfSection": false,
				"bpm": 170,
				"changeBPM": false,
				"mustHitSection": true
			},
			{
				"typeOfSection": 0,
				"sectionNotes": [
					[
						117176.470588235,
						3,
						0
					],
					[
						117529.411764706,
						1,
						0
					],
					[
						117529.411764706,
						5,
						0
					],
					[
						117705.882352941,
						5,
						0
					],
					[
						117705.882352941,
						1,
						0
					],
					[
						117176.470588235,
						7,
						0
					],
					[
						118058.823529412,
						0,
						0
					],
					[
						118058.823529412,
						7,
						0
					],
					[
						118235.294117647,
						4,
						0
					],
					[
						118411.764705882,
						7,
						0
					],
					[
						118235.294117647,
						0,
						264.705882352941
					],
					[
						118411.764705882,
						1,
						88.2352941176471
					]
				],
				"sectionBeats": 4,
				"altAnim": false,
				"gfSection": false,
				"bpm": 170,
				"changeBPM": false,
				"mustHitSection": true
			},
			{
				"typeOfSection": 0,
				"sectionNotes": [
					[
						118588.235294117,
						3,
						0
					],
					[
						118941.176470588,
						2,
						0
					],
					[
						119294.117647059,
						0,
						0
					],
					[
						119647.058823529,
						1,
						0
					]
				],
				"sectionBeats": 4,
				"altAnim": false,
				"gfSection": false,
				"bpm": 170,
				"changeBPM": false,
				"mustHitSection": false
			},
			{
				"typeOfSection": 0,
				"sectionNotes": [
					[
						120000,
						3,
						441.176470588235
					],
					[
						120705.882352941,
						2,
						0
					],
					[
						120882.352941176,
						2,
						0
					],
					[
						121058.823529412,
						2,
						264.705882352941
					]
				],
				"sectionBeats": 4,
				"altAnim": false,
				"gfSection": false,
				"bpm": 170,
				"changeBPM": false,
				"mustHitSection": false
			},
			{
				"typeOfSection": 0,
				"sectionNotes": [
					[
						121411.764705882,
						3,
						617.647058823529
					],
					[
						122117.647058823,
						2,
						623
					]
				],
				"sectionBeats": 4,
				"altAnim": false,
				"gfSection": false,
				"bpm": 170,
				"changeBPM": false,
				"mustHitSection": false
			},
			{
				"typeOfSection": 0,
				"sectionNotes": [
					[
						123176.470588235,
						0,
						0
					],
					[
						123882.352941176,
						3,
						0
					],
					[
						123529.411764706,
						2,
						0
					]
				],
				"sectionBeats": 4,
				"altAnim": false,
				"gfSection": false,
				"bpm": 170,
				"changeBPM": false,
				"mustHitSection": false
			},
			{
				"typeOfSection": 0,
				"sectionNotes": [
					[
						124941.176470588,
						0,
						623
					],
					[
						124235.294117647,
						1,
						623
					]
				],
				"sectionBeats": 4,
				"altAnim": false,
				"gfSection": false,
				"bpm": 170,
				"changeBPM": false,
				"mustHitSection": false
			},
			{
				"typeOfSection": 0,
				"sectionNotes": [
					[
						125647.058823529,
						1,
						619.411764705882
					],
					[
						126352.94117647,
						2,
						624
					]
				],
				"sectionBeats": 4,
				"altAnim": false,
				"gfSection": false,
				"bpm": 170,
				"changeBPM": false,
				"mustHitSection": false
			},
			{
				"typeOfSection": 0,
				"sectionNotes": [
					[
						127058.823529412,
						3,
						264.705882352941
					],
					[
						127588.235294117,
						1,
						264.705882352941
					],
					[
						128117.647058823,
						2,
						264.705882352941
					]
				],
				"sectionBeats": 4,
				"altAnim": false,
				"gfSection": false,
				"bpm": 170,
				"changeBPM": false,
				"mustHitSection": false
			},
			{
				"typeOfSection": 0,
				"sectionNotes": [
					[
						128470.588235294,
						3,
						264.705882352941
					],
					[
						128823.529411764,
						1,
						0
					],
					[
						129176.470588235,
						2,
						264.705882352941
					],
					[
						129529.411764706,
						0,
						88.2352941176471
					]
				],
				"sectionBeats": 4,
				"altAnim": false,
				"gfSection": false,
				"bpm": 170,
				"changeBPM": false,
				"mustHitSection": false
			},
			{
				"typeOfSection": 0,
				"sectionNotes": [
					[
						129882.352941176,
						3,
						0
					],
					[
						130235.294117647,
						2,
						0
					],
					[
						130588.235294117,
						0,
						0
					],
					[
						130941.176470588,
						1,
						0
					],
					[
						129882.352941176,
						7,
						1147.05882352941
					]
				],
				"sectionBeats": 4,
				"altAnim": false,
				"gfSection": false,
				"bpm": 170,
				"changeBPM": false,
				"mustHitSection": true
			},
			{
				"typeOfSection": 0,
				"sectionNotes": [
					[
						131294.117647059,
						3,
						441.176470588235
					],
					[
						132000,
						2,
						0
					],
					[
						132176.470588235,
						2,
						0
					],
					[
						132352.94117647,
						2,
						264.705882352941
					]
				],
				"sectionBeats": 4,
				"altAnim": false,
				"gfSection": false,
				"bpm": 170,
				"changeBPM": false,
				"mustHitSection": true
			},
			{
				"typeOfSection": 0,
				"sectionNotes": [
					[
						132705.882352941,
						3,
						617.647058823529
					],
					[
						133411.764705882,
						2,
						617.647058823529
					]
				],
				"sectionBeats": 4,
				"altAnim": false,
				"gfSection": false,
				"bpm": 170,
				"changeBPM": false,
				"mustHitSection": true
			},
			{
				"typeOfSection": 0,
				"sectionNotes": [
					[
						134470.588235294,
						0,
						0
					],
					[
						135176.470588235,
						3,
						0
					],
					[
						134823.529411764,
						2,
						0
					]
				],
				"sectionBeats": 4,
				"altAnim": false,
				"gfSection": false,
				"bpm": 170,
				"changeBPM": false,
				"mustHitSection": true
			},
			{
				"typeOfSection": 0,
				"sectionNotes": [
					[
						135529.411764706,
						1,
						617.647058823529
					],
					[
						136235.294117647,
						0,
						617.647058823529
					]
				],
				"sectionBeats": 4,
				"altAnim": false,
				"gfSection": false,
				"bpm": 170,
				"changeBPM": false,
				"mustHitSection": true
			},
			{
				"typeOfSection": 0,
				"sectionNotes": [
					[
						136941.176470588,
						2,
						617.647058823529
					],
					[
						137647.058823529,
						3,
						617.647058823529
					]
				],
				"sectionBeats": 4,
				"altAnim": false,
				"gfSection": false,
				"bpm": 170,
				"changeBPM": false,
				"mustHitSection": true
			},
			{
				"typeOfSection": 0,
				"sectionNotes": [
					[
						138882.352941176,
						1,
						264.705882352941
					],
					[
						138352.94117647,
						2,
						264.705882352941
					],
					[
						139411.764705882,
						3,
						264.705882352941
					]
				],
				"sectionBeats": 4,
				"altAnim": false,
				"gfSection": false,
				"bpm": 170,
				"changeBPM": false,
				"mustHitSection": true
			},
			{
				"typeOfSection": 0,
				"sectionNotes": [
					[
						140117.647058823,
						1,
						0
					],
					[
						139764.705882353,
						0,
						264.705882352941
					],
					[
						140470.588235294,
						2,
						0
					],
					[
						140823.529411764,
						0,
						1852.94117647059
					]
				],
				"sectionBeats": 4,
				"altAnim": false,
				"gfSection": false,
				"bpm": 170,
				"changeBPM": false,
				"mustHitSection": true
			},
			{
				"typeOfSection": 0,
				"sectionNotes": [],
				"sectionBeats": 4,
				"altAnim": false,
				"gfSection": false,
				"bpm": 170,
				"changeBPM": false,
				"mustHitSection": true
			},
			{
				"typeOfSection": 0,
				"sectionNotes": [],
				"sectionBeats": 4,
				"altAnim": false,
				"gfSection": false,
				"bpm": 170,
				"changeBPM": false,
				"mustHitSection": true
			},
			{
				"typeOfSection": 0,
				"sectionNotes": [],
				"sectionBeats": 4,
				"altAnim": false,
				"gfSection": false,
				"bpm": 170,
				"changeBPM": false,
				"mustHitSection": true
			}
		],
		"player2": "frog",
		"player3": null,
		"splashSkin": "noteSplashes/noteSplashes",
		"song": "kero",
		"stage": "the",
		"needsVoices": true,
		"arrowSkin": "noteSkins/keronotes",
		"bpm": 170,
		"speed": 2.9
	}
}