{
	"song": {
		"player1": "fuckingbirdihate",
		"player2": "blamejajubz",
		"notes": [
			{
				"lengthInSteps": 16,
				"sectionNotes": [
					[
						1339.28571428571,
						3,
						0
					],
					[
						1875,
						0,
						0
					],
					[
						1948.66071428571,
						1,
						0
					],
					[
						2008.92857142857,
						0,
						0
					],
					[
						438.616071428571,
						2,
						0
					],
					[
						535.714285714286,
						0,
						0
					],
					[
						706.473214285714,
						3,
						0
					],
					[
						967.633928571429,
						0,
						134
					],
					[
						1513.39285714286,
						1,
						0
					]
				],
				"mustHitSection": false
			},
			{
				"lengthInSteps": 16,
				"sectionNotes": [
					[
						2678.57142857143,
						0,
						0
					],
					[
						3080.35714285714,
						0,
						268
					],
					[
						4058.03571428571,
						3,
						0
					],
					[
						4151.78571428571,
						1,
						0
					],
					[
						2571.42857142857,
						2,
						0
					],
					[
						2832.58928571429,
						3,
						0
					],
					[
						3482.14285714286,
						3,
						0
					],
					[
						3646.20535714286,
						1,
						0
					],
					[
						3750,
						3,
						0
					],
					[
						3910.71428571429,
						2,
						0
					],
					[
						4017.85714285714,
						0,
						0
					]
				],
				"mustHitSection": false
			},
			{
				"lengthInSteps": 16,
				"sectionNotes": [
					[
						4285.71428571429,
						3,
						134
					],
					[
						4553.57142857143,
						0,
						0
					],
					[
						4821.42857142857,
						3,
						134
					],
					[
						5089.28571428571,
						0,
						0
					],
					[
						5357.14285714286,
						0,
						0
					],
					[
						6160.71428571429,
						0,
						0
					],
					[
						4710.9375,
						1,
						0
					],
					[
						5250,
						1,
						0
					],
					[
						5507.8125,
						2,
						0
					],
					[
						5785.71428571429,
						3,
						0
					],
					[
						6053.57142857143,
						1,
						0
					],
					[
						6324.77678571429,
						1,
						0
					]
				],
				"mustHitSection": false
			},
			{
				"lengthInSteps": 16,
				"sectionNotes": [
					[
						6428.57142857143,
						3,
						134
					],
					[
						6696.42857142857,
						0,
						0
					],
					[
						6964.28571428571,
						1,
						134
					],
					[
						7767.85714285714,
						2,
						0
					],
					[
						8303.57142857143,
						2,
						0
					],
					[
						8383.92857142857,
						3,
						0
					],
					[
						6853.79464285714,
						3,
						0
					],
					[
						7376.11607142857,
						3,
						0
					],
					[
						7667.41071428571,
						3,
						0
					],
					[
						7931.91964285714,
						3,
						134
					],
					[
						8193.08035714286,
						1,
						0
					],
					[
						8460.9375,
						0,
						0
					],
					[
						7232.14285714286,
						0,
						0
					],
					[
						7500,
						0,
						0
					]
				],
				"mustHitSection": false
			},
			{
				"lengthInSteps": 16,
				"sectionNotes": [
					[
						9910.71428571428,
						0,
						0
					],
					[
						10446.4285714286,
						3,
						0
					],
					[
						10580.3571428571,
						3,
						0
					],
					[
						9107.14285714286,
						3,
						0
					],
					[
						9277.90178571428,
						0,
						0
					],
					[
						9539.0625,
						3,
						134
					],
					[
						9006.69642857143,
						2,
						0
					],
					[
						10081.4732142857,
						1,
						0
					],
					[
						10503.3482142857,
						1,
						0
					],
					[
						8571.42857142857,
						7,
						134
					]
				],
				"mustHitSection": true
			},
			{
				"lengthInSteps": 16,
				"sectionNotes": [
					[
						12723.2142857143,
						1,
						0
					],
					[
						11142.8571428571,
						2,
						0
					],
					[
						12217.6339285714,
						1,
						0
					],
					[
						12482.1428571429,
						2,
						0
					],
					[
						11250,
						3,
						0
					],
					[
						11404.0178571429,
						0,
						0
					],
					[
						11678.5714285714,
						3,
						268
					],
					[
						12053.5714285714,
						0,
						0
					],
					[
						12321.4285714286,
						0,
						0
					],
					[
						12589.2857142857,
						3,
						0
					]
				],
				"mustHitSection": true
			},
			{
				"lengthInSteps": 16,
				"sectionNotes": [
					[
						12857.1428571429,
						0,
						134
					],
					[
						13125,
						3,
						0
					],
					[
						13392.8571428571,
						0,
						134
					],
					[
						13660.7142857143,
						3,
						0
					],
					[
						13928.5714285714,
						3,
						0
					],
					[
						14732.1428571429,
						3,
						0
					],
					[
						14357.1428571429,
						0,
						0
					],
					[
						13302.4553571429,
						1,
						0
					],
					[
						13828.125,
						1,
						0
					],
					[
						14089.2857142857,
						2,
						0
					],
					[
						14631.6964285714,
						1,
						0
					],
					[
						14896.2053571429,
						1,
						0
					]
				],
				"mustHitSection": true
			},
			{
				"lengthInSteps": 16,
				"sectionNotes": [
					[
						15000,
						0,
						134
					],
					[
						15267.8571428571,
						3,
						0
					],
					[
						16955.3571428571,
						0,
						0
					],
					[
						15425.2232142857,
						0,
						0
					],
					[
						15947.5446428571,
						0,
						0
					],
					[
						16238.8392857143,
						0,
						0
					],
					[
						16503.3482142857,
						0,
						134
					],
					[
						17032.3660714286,
						3,
						0
					],
					[
						15803.5714285714,
						3,
						0
					],
					[
						16071.4285714286,
						3,
						0
					],
					[
						15535.7142857143,
						1,
						134
					],
					[
						16339.2857142857,
						2,
						0
					],
					[
						16777.9017857143,
						1,
						0
					],
					[
						16875,
						2,
						0
					]
				],
				"mustHitSection": true
			},
			{
				"lengthInSteps": 16,
				"sectionNotes": [
					[
						17678.5714285714,
						0,
						0
					],
					[
						17946.4285714286,
						3,
						134
					],
					[
						18482.1428571429,
						1,
						0
					],
					[
						18750,
						3,
						0
					],
					[
						19017.8571428571,
						2,
						134
					],
					[
						17142.8571428571,
						4,
						134
					],
					[
						17321.4285714286,
						5,
						0
					],
					[
						17410.7142857143,
						3,
						0
					],
					[
						17589.2857142857,
						1,
						0
					],
					[
						18214.2857142857,
						1,
						0
					],
					[
						18392.8571428571,
						0,
						0
					]
				],
				"mustHitSection": false
			},
			{
				"lengthInSteps": 16,
				"sectionNotes": [
					[
						19553.5714285714,
						3,
						0
					],
					[
						19821.4285714286,
						0,
						0
					],
					[
						20357.1428571429,
						2,
						135
					],
					[
						20625,
						3,
						0
					],
					[
						19732.1428571429,
						1,
						0
					],
					[
						20089.2857142857,
						3,
						0
					],
					[
						20178.5714285714,
						1,
						0
					],
					[
						20267.8571428571,
						0,
						0
					],
					[
						20803.5714285714,
						0,
						0
					],
					[
						21071.4285714286,
						1,
						268
					]
				],
				"mustHitSection": false
			},
			{
				"lengthInSteps": 16,
				"sectionNotes": [
					[
						21696.4285714286,
						0,
						0
					],
					[
						21964.2857142857,
						3,
						0
					],
					[
						22232.1428571429,
						0,
						134
					],
					[
						23035.7142857143,
						0,
						0
					],
					[
						22500,
						1,
						0
					],
					[
						22767.8571428571,
						1,
						0
					],
					[
						23303.5714285714,
						2,
						134
					],
					[
						21875,
						1,
						0
					],
					[
						22678.5714285714,
						3,
						0
					]
				],
				"mustHitSection": true
			},
			{
				"lengthInSteps": 16,
				"sectionNotes": [
					[
						23839.2857142857,
						0,
						0
					],
					[
						24107.1428571429,
						3,
						0
					],
					[
						24910.7142857143,
						0,
						0
					],
					[
						24642.8571428571,
						2,
						134
					],
					[
						24017.8571428571,
						1,
						0
					],
					[
						24375,
						0,
						0
					],
					[
						24464.2857142857,
						1,
						0
					],
					[
						24553.5714285714,
						3,
						0
					],
					[
						25089.2857142857,
						3,
						0
					],
					[
						25357.1428571429,
						2,
						0
					],
					[
						25446.4285714286,
						3,
						0
					],
					[
						25535.7142857143,
						0,
						0
					],
					[
						25625,
						1,
						0
					]
				],
				"mustHitSection": true
			},
			{
				"lengthInSteps": 16,
				"sectionNotes": [
					[
						25982.1428571428,
						3,
						0
					],
					[
						26517.8571428571,
						2,
						0
					],
					[
						27053.5714285714,
						1,
						0
					],
					[
						27321.4285714286,
						0,
						0
					],
					[
						27589.2857142857,
						0,
						0
					],
					[
						27053.5714285714,
						5,
						134
					],
					[
						25714.2857142857,
						4,
						134
					],
					[
						26160.7142857143,
						0,
						0
					],
					[
						26250,
						3,
						0
					],
					[
						26339.2857142857,
						1,
						0
					],
					[
						26428.5714285714,
						0,
						0
					],
					[
						26696.4285714286,
						1,
						0
					],
					[
						26964.2857142857,
						3,
						0
					],
					[
						27232.1428571428,
						3,
						0
					],
					[
						27500,
						3,
						0
					],
					[
						27767.8571428571,
						2,
						0
					]
				],
				"mustHitSection": false
			},
			{
				"lengthInSteps": 16,
				"sectionNotes": [
					[
						27857.1428571428,
						3,
						402
					],
					[
						28392.8571428571,
						0,
						134
					],
					[
						28660.7142857143,
						1,
						0
					],
					[
						28928.5714285714,
						3,
						134
					],
					[
						29196.4285714286,
						0,
						0
					],
					[
						29464.2857142857,
						2,
						0
					],
					[
						29732.1428571428,
						1,
						0
					],
					[
						27857.1428571428,
						7,
						268
					],
					[
						28660.7142857143,
						6,
						268
					],
					[
						29464.2857142857,
						4,
						134
					],
					[
						29732.1428571428,
						5,
						0
					],
					[
						28035.7142857143,
						2,
						0
					],
					[
						28303.5714285714,
						4,
						0
					],
					[
						29017.8571428571,
						2,
						0
					],
					[
						29107.1428571428,
						7,
						0
					],
					[
						29375,
						1,
						0
					],
					[
						29642.8571428571,
						0,
						0
					],
					[
						29910.7142857143,
						3,
						0
					]
				],
				"mustHitSection": false
			},
			{
				"lengthInSteps": 16,
				"sectionNotes": [
					[
						30267.8571428571,
						0,
						0
					],
					[
						30535.7142857143,
						0,
						0
					],
					[
						31607.1428571429,
						3,
						0
					],
					[
						31875,
						3,
						0
					],
					[
						30000,
						6,
						402
					],
					[
						31339.2857142857,
						1,
						0
					],
					[
						30446.4285714286,
						3,
						0
					],
					[
						30625,
						1,
						0
					],
					[
						30714.2857142857,
						3,
						0
					],
					[
						30803.5714285714,
						2,
						0
					],
					[
						30982.1428571428,
						1,
						0
					],
					[
						31250,
						0,
						0
					],
					[
						31517.8571428571,
						0,
						0
					],
					[
						31785.7142857143,
						0,
						0
					],
					[
						32053.5714285714,
						2,
						0
					],
					[
						31339.2857142857,
						4,
						134
					]
				],
				"mustHitSection": true
			},
			{
				"lengthInSteps": 16,
				"sectionNotes": [
					[
						32678.5714285714,
						0,
						0
					],
					[
						32946.4285714286,
						3,
						0
					],
					[
						33482.1428571428,
						0,
						0
					],
					[
						33750,
						2,
						0
					],
					[
						32321.4285714286,
						0,
						0
					],
					[
						32589.2857142857,
						3,
						0
					],
					[
						32857.1428571428,
						1,
						0
					],
					[
						33660.7142857143,
						1,
						0
					],
					[
						33928.5714285714,
						0,
						0
					],
					[
						34017.8571428571,
						3,
						0
					],
					[
						34196.4285714286,
						1,
						0
					],
					[
						32410.7142857143,
						1,
						0
					],
					[
						32142.8571428571,
						3,
						0
					],
					[
						32589.2857142857,
						4,
						0
					],
					[
						32142.8571428571,
						5,
						402
					],
					[
						32946.4285714286,
						7,
						402
					],
					[
						33660.7142857143,
						5,
						0
					],
					[
						33482.1428571428,
						4,
						0
					],
					[
						33928.5714285714,
						4,
						0
					],
					[
						33750,
						6,
						0
					],
					[
						34017.8571428571,
						5,
						0
					],
					[
						34196.4285714286,
						7,
						0
					],
					[
						33214.2857142857,
						2,
						0
					]
				],
				"mustHitSection": true
			},
			{
				"lengthInSteps": 16,
				"sectionNotes": [
					[
						35357.1428571428,
						5,
						938
					],
					[
						34553.5714285714,
						3,
						0
					],
					[
						34732.1428571428,
						1,
						0
					],
					[
						34821.4285714286,
						0,
						0
					],
					[
						35000,
						3,
						0
					],
					[
						35892.8571428571,
						1,
						0
					],
					[
						34285.7142857143,
						6,
						2008.92857142857
					],
					[
						35223.2142857143,
						2,
						0
					],
					[
						36000,
						2,
						0
					],
					[
						36107.1428571428,
						0,
						0
					],
					[
						35625,
						0,
						133.928571428571
					],
					[
						36294.6428571428,
						1,
						0
					]
				],
				"mustHitSection": false
			},
			{
				"lengthInSteps": 16,
				"sectionNotes": [
					[
						36696.4285714286,
						3,
						0
					],
					[
						36875,
						1,
						0
					],
					[
						36964.2857142857,
						0,
						0
					],
					[
						37142.8571428571,
						3,
						0
					],
					[
						37232.1428571428,
						0,
						0
					],
					[
						37410.7142857143,
						3,
						0
					],
					[
						37500,
						2,
						134
					],
					[
						37767.8571428571,
						1,
						0
					],
					[
						37946.4285714286,
						2,
						134
					],
					[
						38214.2857142857,
						0,
						0
					],
					[
						38303.5714285714,
						1,
						0
					],
					[
						38482.1428571428,
						0,
						0
					]
				],
				"mustHitSection": false
			},
			{
				"lengthInSteps": 16,
				"sectionNotes": [
					[
						38839.2857142857,
						0,
						0
					],
					[
						39107.1428571428,
						3,
						0
					],
					[
						39285.7142857143,
						0,
						0
					],
					[
						39017.8571428571,
						1,
						0
					],
					[
						39553.5714285714,
						2,
						134
					],
					[
						40178.5714285714,
						1,
						0
					],
					[
						40446.4285714286,
						2,
						0
					],
					[
						40625,
						1,
						0
					],
					[
						39910.7142857143,
						3,
						0
					]
				],
				"mustHitSection": true
			},
			{
				"lengthInSteps": 16,
				"sectionNotes": [
					[
						40982.1428571428,
						0,
						0
					],
					[
						41250,
						3,
						0
					],
					[
						41428.5714285714,
						0,
						0
					],
					[
						41517.8571428571,
						3,
						0
					],
					[
						41696.4285714286,
						0,
						0
					],
					[
						42500,
						3,
						0
					],
					[
						42767.8571428571,
						3,
						0
					],
					[
						41160.7142857143,
						1,
						0
					],
					[
						41785.7142857143,
						2,
						134
					],
					[
						42053.5714285714,
						1,
						0
					],
					[
						42232.1428571429,
						2,
						134
					],
					[
						42589.2857142857,
						0,
						0
					]
				],
				"mustHitSection": true
			},
			{
				"lengthInSteps": 16,
				"sectionNotes": [
					[
						43125,
						7,
						0
					],
					[
						43125,
						3,
						0
					],
					[
						43303.5714285714,
						1,
						0
					],
					[
						43392.8571428571,
						0,
						0
					],
					[
						43571.4285714286,
						3,
						0
					],
					[
						43660.7142857143,
						0,
						0
					],
					[
						43839.2857142857,
						1,
						0
					],
					[
						43928.5714285714,
						3,
						0
					],
					[
						43571.4285714286,
						4,
						134
					],
					[
						43392.8571428571,
						6,
						671
					],
					[
						44196.4285714286,
						0,
						0
					],
					[
						44375,
						3,
						0
					],
					[
						44196.4285714286,
						7,
						268
					],
					[
						44464.2857142857,
						4,
						0
					],
					[
						44464.2857142857,
						1,
						0
					],
					[
						44642.8571428571,
						0,
						0
					],
					[
						44732.1428571429,
						0,
						0
					],
					[
						44678.5714285714,
						2,
						0
					],
					[
						44732.1428571429,
						5,
						0
					],
					[
						44910.7142857143,
						1,
						0
					],
					[
						42857.1428571429,
						5,
						0
					]
				],
				"mustHitSection": false
			},
			{
				"lengthInSteps": 16,
				"sectionNotes": [
					[
						45000,
						4,
						0
					],
					[
						45267.8571428571,
						5,
						0
					],
					[
						45267.8571428571,
						3,
						0
					],
					[
						45446.4285714286,
						1,
						0
					],
					[
						45535.7142857143,
						0,
						0
					],
					[
						45714.2857142857,
						3,
						0
					],
					[
						45535.7142857143,
						4,
						670
					],
					[
						45714.2857142857,
						6,
						134
					],
					[
						45803.5714285714,
						0,
						0
					],
					[
						45982.1428571429,
						3,
						0
					],
					[
						46071.4285714286,
						2,
						134
					],
					[
						46339.2857142857,
						5,
						0
					],
					[
						46428.5714285714,
						7,
						0
					],
					[
						46517.8571428571,
						4,
						0
					],
					[
						46607.1428571429,
						7,
						0
					],
					[
						46339.2857142857,
						1,
						0
					],
					[
						46428.5714285714,
						0,
						0
					],
					[
						46517.8571428571,
						3,
						0
					],
					[
						46607.1428571429,
						2,
						0
					],
					[
						46696.4285714286,
						0,
						0
					],
					[
						46785.7142857143,
						1,
						0
					],
					[
						46875,
						3,
						0
					],
					[
						46964.2857142857,
						0,
						0
					],
					[
						47053.5714285714,
						2,
						0
					],
					[
						46785.7142857143,
						6,
						0
					],
					[
						46875,
						4,
						134
					],
					[
						47008.9285714286,
						5,
						0
					]
				],
				"mustHitSection": false
			},
			{
				"lengthInSteps": 16,
				"sectionNotes": [
					[
						47410.7142857143,
						0,
						0
					],
					[
						47678.5714285714,
						3,
						0
					],
					[
						47857.1428571429,
						0,
						0
					],
					[
						47946.4285714286,
						3,
						0
					],
					[
						48214.2857142857,
						0,
						0
					],
					[
						48482.1428571429,
						3,
						0
					],
					[
						48660.7142857143,
						0,
						0
					],
					[
						48750,
						2,
						0
					],
					[
						48928.5714285714,
						3,
						0
					],
					[
						49017.8571428571,
						3,
						0
					],
					[
						47589.2857142857,
						1,
						0
					],
					[
						48125,
						1,
						0
					],
					[
						48964.2857142857,
						0,
						0
					],
					[
						49196.4285714286,
						1,
						0
					]
				],
				"mustHitSection": true
			},
			{
				"lengthInSteps": 16,
				"sectionNotes": [
					[
						49553.5714285714,
						3,
						0
					],
					[
						49732.1428571429,
						1,
						0
					],
					[
						49821.4285714286,
						0,
						0
					],
					[
						50000,
						3,
						0
					],
					[
						50892.8571428571,
						3,
						0
					],
					[
						51071.4285714286,
						2,
						0
					],
					[
						51339.2857142857,
						1,
						0
					],
					[
						50625,
						0,
						0
					],
					[
						50803.5714285714,
						1,
						0
					],
					[
						49553.5714285714,
						4,
						0
					],
					[
						49732.1428571429,
						5,
						0
					],
					[
						49821.4285714286,
						7,
						0
					],
					[
						50000,
						4,
						0
					],
					[
						50625,
						7,
						0
					],
					[
						50803.5714285714,
						5,
						0
					],
					[
						50892.8571428571,
						4,
						0
					],
					[
						51071.4285714286,
						6,
						0
					],
					[
						51339.2857142857,
						5,
						0
					]
				],
				"mustHitSection": true
			},
			{
				"lengthInSteps": 16,
				"sectionNotes": [
					[
						51428.5714285714,
						4,
						402
					],
					[
						52767.8571428571,
						3,
						0
					],
					[
						53303.5714285714,
						0,
						0
					],
					[
						53377.2321428571,
						1,
						0
					],
					[
						53437.5,
						0,
						0
					],
					[
						51867.1875,
						2,
						0
					],
					[
						51964.2857142857,
						0,
						0
					],
					[
						52135.0446428571,
						3,
						0
					],
					[
						52396.2053571428,
						0,
						134
					],
					[
						52941.9642857143,
						1,
						0
					]
				],
				"mustHitSection": false
			},
			{
				"lengthInSteps": 16,
				"sectionNotes": [
					[
						54107.1428571428,
						0,
						0
					],
					[
						54508.9285714286,
						0,
						268
					],
					[
						55486.6071428571,
						3,
						0
					],
					[
						55580.3571428571,
						1,
						0
					],
					[
						54000,
						2,
						0
					],
					[
						54261.1607142857,
						3,
						0
					],
					[
						54910.7142857143,
						3,
						0
					],
					[
						55074.7767857143,
						1,
						0
					],
					[
						55178.5714285714,
						3,
						0
					],
					[
						55339.2857142857,
						2,
						0
					],
					[
						55446.4285714286,
						0,
						0
					]
				],
				"mustHitSection": false
			},
			{
				"lengthInSteps": 16,
				"sectionNotes": [
					[
						55714.2857142857,
						3,
						134
					],
					[
						55982.1428571428,
						0,
						0
					],
					[
						56250,
						3,
						134
					],
					[
						56517.8571428571,
						0,
						0
					],
					[
						56785.7142857143,
						0,
						0
					],
					[
						57589.2857142857,
						0,
						0
					],
					[
						56139.5089285714,
						1,
						0
					],
					[
						56678.5714285714,
						1,
						0
					],
					[
						56936.3839285714,
						2,
						0
					],
					[
						57214.2857142857,
						3,
						0
					],
					[
						57482.1428571428,
						1,
						0
					],
					[
						57753.3482142857,
						1,
						0
					]
				],
				"mustHitSection": false
			},
			{
				"lengthInSteps": 16,
				"sectionNotes": [
					[
						57857.1428571428,
						3,
						134
					],
					[
						58125,
						0,
						0
					],
					[
						58392.8571428571,
						1,
						134
					],
					[
						59196.4285714286,
						2,
						0
					],
					[
						59732.1428571428,
						2,
						0
					],
					[
						59812.5,
						3,
						0
					],
					[
						58282.3660714286,
						3,
						0
					],
					[
						58804.6875,
						3,
						0
					],
					[
						59095.9821428571,
						3,
						0
					],
					[
						59360.4910714286,
						3,
						134
					],
					[
						59621.6517857143,
						1,
						0
					],
					[
						59889.5089285714,
						0,
						0
					],
					[
						58660.7142857143,
						0,
						0
					],
					[
						58928.5714285714,
						0,
						0
					]
				],
				"mustHitSection": false
			},
			{
				"lengthInSteps": 16,
				"sectionNotes": [
					[
						61339.2857142857,
						3,
						0
					],
					[
						61875,
						0,
						0
					],
					[
						61948.6607142857,
						1,
						0
					],
					[
						62008.9285714286,
						0,
						0
					],
					[
						60706.4732142857,
						3,
						0
					],
					[
						60967.6339285714,
						0,
						134
					],
					[
						61513.3928571429,
						1,
						0
					],
					[
						60267.8571428572,
						1,
						0
					],
					[
						60357.1428571429,
						3,
						0
					],
					[
						60446.4285714286,
						0,
						0
					],
					[
						60535.7142857143,
						2,
						0
					],
					[
						60000,
						7,
						133.928571428571
					],
					[
						60133.9285714286,
						5,
						0
					]
				],
				"mustHitSection": true
			},
			{
				"lengthInSteps": 16,
				"sectionNotes": [
					[
						62678.5714285714,
						3,
						0
					],
					[
						63482.1428571429,
						0,
						0
					],
					[
						63750,
						0,
						0
					],
					[
						62857.1428571429,
						0,
						0
					],
					[
						63125,
						3,
						268
					],
					[
						62589.2857142857,
						2,
						0
					],
					[
						63660.7142857143,
						1,
						0
					],
					[
						63928.5714285714,
						2,
						0
					],
					[
						64196.4285714286,
						1,
						0
					],
					[
						64017.8571428572,
						3,
						0
					]
				],
				"mustHitSection": true
			},
			{
				"lengthInSteps": 16,
				"sectionNotes": [
					[
						64285.7142857143,
						0,
						134
					],
					[
						64553.5714285714,
						3,
						0
					],
					[
						64821.4285714286,
						0,
						134
					],
					[
						65089.2857142857,
						3,
						0
					],
					[
						65357.1428571429,
						3,
						0
					],
					[
						64732.1428571429,
						1,
						0
					],
					[
						65267.8571428572,
						1,
						0
					],
					[
						65535.7142857143,
						0,
						0
					],
					[
						65625,
						1,
						0
					],
					[
						65803.5714285714,
						3,
						0
					],
					[
						65892.8571428572,
						2,
						0
					],
					[
						66071.4285714286,
						0,
						134
					],
					[
						66339.2857142857,
						0,
						0
					],
					[
						66160.7142857143,
						1,
						0
					]
				],
				"mustHitSection": true
			},
			{
				"lengthInSteps": 16,
				"sectionNotes": [
					[
						66696.4285714286,
						0,
						0
					],
					[
						66875,
						3,
						0
					],
					[
						66428.5714285714,
						2,
						134
					],
					[
						66964.2857142857,
						0,
						134
					],
					[
						67232.1428571429,
						1,
						0
					],
					[
						67410.7142857143,
						3,
						0
					],
					[
						67500,
						2,
						0
					],
					[
						67589.2857142857,
						0,
						0
					],
					[
						67678.5714285714,
						1,
						0
					],
					[
						67767.8571428572,
						2,
						0
					],
					[
						67946.4285714286,
						0,
						267.857142857143
					],
					[
						68303.5714285714,
						3,
						0
					],
					[
						68482.1428571429,
						0,
						0
					]
				],
				"mustHitSection": true
			},
			{
				"lengthInSteps": 16,
				"sectionNotes": [
					[
						69107.1428571429,
						1,
						0
					],
					[
						69285.7142857143,
						3,
						0
					],
					[
						69553.5714285714,
						2,
						134
					],
					[
						69821.4285714286,
						1,
						0
					],
					[
						70089.2857142857,
						0,
						0
					],
					[
						70178.5714285714,
						2,
						0
					],
					[
						70357.1428571429,
						3,
						134
					],
					[
						70625,
						1,
						0
					],
					[
						68839.2857142857,
						3,
						0
					]
				],
				"mustHitSection": false
			},
			{
				"lengthInSteps": 16,
				"sectionNotes": [
					[
						71160.7142857143,
						1,
						0
					],
					[
						71964.2857142857,
						1,
						0
					],
					[
						72232.1428571429,
						0,
						0
					],
					[
						72321.4285714286,
						3,
						0
					],
					[
						72500,
						2,
						0
					],
					[
						72589.2857142857,
						1,
						0
					],
					[
						72767.8571428572,
						2,
						0
					],
					[
						70714.2857142857,
						0,
						133.928571428571
					],
					[
						71517.8571428572,
						0,
						133.928571428571
					],
					[
						70848.2142857143,
						2,
						133.928571428571
					],
					[
						71651.7857142857,
						2,
						133.928571428571
					]
				],
				"mustHitSection": false
			},
			{
				"lengthInSteps": 16,
				"sectionNotes": [
					[
						73571.4285714286,
						0,
						0
					],
					[
						74375,
						3,
						0
					],
					[
						74642.8571428572,
						0,
						134
					],
					[
						73392.8571428572,
						1,
						0
					],
					[
						73839.2857142857,
						2,
						134
					],
					[
						74107.1428571429,
						1,
						0
					],
					[
						74464.2857142857,
						2,
						0
					],
					[
						74910.7142857143,
						1,
						0
					],
					[
						73125,
						0,
						0
					]
				],
				"mustHitSection": true
			},
			{
				"lengthInSteps": 16,
				"sectionNotes": [
					[
						75446.4285714286,
						1,
						0
					],
					[
						76339.2857142857,
						1,
						0
					],
					[
						76607.1428571429,
						2,
						134
					],
					[
						76785.7142857143,
						3,
						0
					],
					[
						76875,
						0,
						0
					],
					[
						76964.2857142857,
						3,
						0
					],
					[
						77053.5714285715,
						1,
						0
					],
					[
						75000,
						0,
						267.928571428571
					],
					[
						76250,
						3,
						0
					],
					[
						76428.5714285715,
						0,
						0
					],
					[
						76517.8571428572,
						3,
						0
					],
					[
						75133.9285714286,
						2,
						133.928571428571
					],
					[
						75803.5714285715,
						0,
						267.857142857143
					],
					[
						75937.5,
						2,
						133.928571428571
					]
				],
				"mustHitSection": true
			},
			{
				"lengthInSteps": 16,
				"sectionNotes": [
					[
						77678.5714285714,
						1,
						0
					],
					[
						77857.1428571429,
						3,
						0
					],
					[
						78125,
						2,
						134
					],
					[
						78392.8571428572,
						1,
						0
					],
					[
						78660.7142857143,
						0,
						0
					],
					[
						78750,
						2,
						0
					],
					[
						78928.5714285714,
						3,
						134
					],
					[
						79196.4285714286,
						1,
						0
					],
					[
						77410.7142857143,
						3,
						0
					]
				],
				"mustHitSection": false
			},
			{
				"lengthInSteps": 16,
				"sectionNotes": [
					[
						79732.1428571429,
						1,
						0
					],
					[
						80803.5714285715,
						0,
						0
					],
					[
						80625,
						3,
						0
					],
					[
						80892.8571428572,
						2,
						0
					],
					[
						81071.4285714286,
						3,
						0
					],
					[
						81160.7142857143,
						0,
						0
					],
					[
						79285.7142857143,
						0,
						267.857142857143
					],
					[
						79419.6428571429,
						2,
						133.928571428571
					],
					[
						80089.2857142858,
						0,
						267.857142857143
					],
					[
						80223.2142857143,
						2,
						133.928571428571
					],
					[
						80535.7142857143,
						1,
						0
					],
					[
						81339.2857142858,
						1,
						0
					]
				],
				"mustHitSection": false
			},
			{
				"lengthInSteps": 16,
				"sectionNotes": [
					[
						82142.8571428572,
						0,
						0
					],
					[
						81964.2857142857,
						1,
						0
					],
					[
						82410.7142857143,
						2,
						134
					],
					[
						82678.5714285714,
						1,
						0
					],
					[
						82767.8571428572,
						3,
						0
					],
					[
						82857.1428571429,
						0,
						0
					],
					[
						83303.5714285715,
						3,
						134
					],
					[
						81696.4285714286,
						0,
						0
					],
					[
						83035.7142857143,
						6,
						134
					],
					[
						83303.5714285715,
						4,
						134
					],
					[
						81428.5714285715,
						7,
						937.5
					],
					[
						82946.4285714286,
						1,
						0
					],
					[
						83035.7142857143,
						2,
						133.928571428571
					]
				],
				"mustHitSection": true
			},
			{
				"lengthInSteps": 16,
				"sectionNotes": [
					[
						84375,
						0,
						402
					],
					[
						84910.7142857143,
						3,
						134
					],
					[
						85625,
						0,
						0
					],
					[
						83571.4285714286,
						6,
						536
					],
					[
						84285.7142857143,
						7,
						268
					],
					[
						84821.4285714286,
						5,
						0
					],
					[
						83571.4285714286,
						2,
						670
					],
					[
						85178.5714285715,
						1,
						0
					],
					[
						85267.8571428572,
						3,
						0
					],
					[
						85357.1428571429,
						1,
						0
					],
					[
						85446.4285714286,
						2,
						1
					],
					[
						84642.8571428572,
						4,
						1
					],
					[
						84910.7142857143,
						4,
						670
					]
				],
				"mustHitSection": true
			},
			{
				"lengthInSteps": 16,
				"sectionNotes": [
					[
						85982.1428571429,
						2,
						0
					],
					[
						86785.7142857143,
						3,
						0
					],
					[
						86250,
						3,
						0
					],
					[
						86517.8571428572,
						0,
						0
					],
					[
						87232.1428571429,
						3,
						134.071428571429
					],
					[
						87589.2857142858,
						1,
						0
					],
					[
						87321.4285714286,
						2,
						133.928571428571
					]
				],
				"mustHitSection": false
			},
			{
				"lengthInSteps": 16,
				"sectionNotes": [
					[
						88125,
						2,
						0
					],
					[
						88392.8571428572,
						3,
						0
					],
					[
						88660.7142857143,
						0,
						0
					],
					[
						88928.5714285715,
						1,
						0
					],
					[
						89375,
						1,
						134.071428571429
					],
					[
						89642.8571428572,
						3,
						0
					],
					[
						89732.1428571429,
						2,
						133.928571428571
					]
				],
				"mustHitSection": false
			},
			{
				"lengthInSteps": 16,
				"sectionNotes": [
					[
						90446.4285714286,
						3,
						0
					],
					[
						91071.4285714286,
						2,
						0
					],
					[
						91517.8571428572,
						0,
						268
					],
					[
						91875,
						1,
						134
					],
					[
						90803.5714285715,
						1,
						0
					],
					[
						90000,
						1,
						0
					],
					[
						91428.5714285715,
						1,
						0
					]
				],
				"mustHitSection": false
			},
			{
				"lengthInSteps": 16,
				"sectionNotes": [
					[
						92142.8571428572,
						2,
						0
					],
					[
						92589.2857142858,
						3,
						0
					],
					[
						92946.4285714286,
						1,
						0
					],
					[
						93214.2857142858,
						0,
						0
					],
					[
						93392.8571428572,
						2,
						0
					],
					[
						93660.7142857143,
						3,
						268
					],
					[
						94017.8571428572,
						1,
						134
					]
				],
				"mustHitSection": false
			},
			{
				"lengthInSteps": 16,
				"sectionNotes": [
					[
						95357.1428571429,
						0,
						0
					],
					[
						94821.4285714286,
						0,
						0
					],
					[
						95089.2857142858,
						3,
						0
					],
					[
						95803.5714285715,
						0,
						268
					],
					[
						94553.5714285715,
						2,
						0
					],
					[
						96160.7142857143,
						1,
						0
					],
					[
						95714.2857142858,
						1,
						0
					]
				],
				"mustHitSection": true
			},
			{
				"lengthInSteps": 16,
				"sectionNotes": [
					[
						96964.2857142858,
						0,
						0
					],
					[
						97232.1428571429,
						3,
						0
					],
					[
						96696.4285714286,
						2,
						0
					],
					[
						97500,
						1,
						0
					],
					[
						97946.4285714286,
						1,
						0
					],
					[
						98214.2857142858,
						3,
						0
					],
					[
						98303.5714285715,
						2,
						133.928571428571
					]
				],
				"mustHitSection": true
			},
			{
				"lengthInSteps": 16,
				"sectionNotes": [
					[
						99017.8571428572,
						3,
						0
					],
					[
						99642.8571428572,
						2,
						0
					],
					[
						100089.285714286,
						0,
						268
					],
					[
						100446.428571429,
						1,
						134
					],
					[
						99375,
						1,
						0
					],
					[
						98571.4285714286,
						1,
						0
					],
					[
						100000,
						1,
						0
					]
				],
				"mustHitSection": true
			},
			{
				"lengthInSteps": 16,
				"sectionNotes": [
					[
						100714.285714286,
						2,
						0
					],
					[
						101160.714285714,
						3,
						0
					],
					[
						101517.857142857,
						1,
						0
					],
					[
						102589.285714286,
						1,
						134
					],
					[
						101785.714285714,
						0,
						0
					],
					[
						101964.285714286,
						2,
						0
					],
					[
						102232.142857143,
						3,
						268
					],
					[
						101785.714285714,
						7,
						0
					],
					[
						101964.285714286,
						6,
						0
					],
					[
						102232.142857143,
						4,
						268
					],
					[
						102589.285714286,
						5,
						134
					]
				],
				"mustHitSection": true
			},
			{
				"lengthInSteps": 16,
				"sectionNotes": [
					[
						102857.142857143,
						4,
						0
					],
					[
						103303.571428571,
						7,
						0
					],
					[
						103660.714285714,
						6,
						3350
					],
					[
						103660.714285714,
						2,
						3348.21428571429
					],
					[
						102857.142857143,
						3,
						0
					],
					[
						103303.571428571,
						0,
						0
					]
				],
				"mustHitSection": true
			},
			{
				"lengthInSteps": 16,
				"sectionNotes": [],
				"mustHitSection": false
			},
			{
				"sectionBeats": 4,
				"sectionNotes": [],
				"typeOfSection": 0,
				"gfSection": false,
				"altAnim": false,
				"mustHitSection": false,
				"changeBPM": false,
				"bpm": 150
			},
			{
				"sectionBeats": 4,
				"sectionNotes": [],
				"typeOfSection": 0,
				"gfSection": false,
				"altAnim": false,
				"mustHitSection": false,
				"changeBPM": false,
				"bpm": 175
			},
			{
				"sectionBeats": 4,
				"sectionNotes": [],
				"typeOfSection": 0,
				"gfSection": false,
				"altAnim": false,
				"mustHitSection": false,
				"changeBPM": false,
				"bpm": 175
			},
			{
				"sectionBeats": 4,
				"sectionNotes": [],
				"typeOfSection": 0,
				"gfSection": false,
				"altAnim": false,
				"mustHitSection": true,
				"changeBPM": false,
				"bpm": 175
			},
			{
				"sectionBeats": 4,
				"sectionNotes": [],
				"typeOfSection": 0,
				"gfSection": false,
				"altAnim": false,
				"mustHitSection": true,
				"changeBPM": false,
				"bpm": 175
			},
			{
				"sectionBeats": 4,
				"sectionNotes": [],
				"typeOfSection": 0,
				"gfSection": false,
				"altAnim": false,
				"mustHitSection": true,
				"changeBPM": false,
				"bpm": 175
			},
			{
				"sectionBeats": 4,
				"sectionNotes": [],
				"typeOfSection": 0,
				"gfSection": false,
				"altAnim": false,
				"mustHitSection": true,
				"changeBPM": false,
				"bpm": 175
			},
			{
				"sectionBeats": 4,
				"sectionNotes": [],
				"typeOfSection": 0,
				"gfSection": false,
				"altAnim": false,
				"mustHitSection": false,
				"changeBPM": false,
				"bpm": 175
			},
			{
				"sectionBeats": 4,
				"sectionNotes": [],
				"typeOfSection": 0,
				"gfSection": false,
				"altAnim": false,
				"mustHitSection": false,
				"changeBPM": false,
				"bpm": 175
			},
			{
				"sectionBeats": 4,
				"sectionNotes": [],
				"typeOfSection": 0,
				"gfSection": false,
				"altAnim": false,
				"mustHitSection": false,
				"changeBPM": false,
				"bpm": 175
			},
			{
				"sectionBeats": 4,
				"sectionNotes": [],
				"typeOfSection": 0,
				"gfSection": false,
				"altAnim": false,
				"mustHitSection": false,
				"changeBPM": false,
				"bpm": 175
			},
			{
				"sectionBeats": 4,
				"sectionNotes": [],
				"typeOfSection": 0,
				"gfSection": false,
				"altAnim": false,
				"mustHitSection": true,
				"changeBPM": false,
				"bpm": 175
			},
			{
				"sectionBeats": 4,
				"sectionNotes": [],
				"typeOfSection": 0,
				"gfSection": false,
				"altAnim": false,
				"mustHitSection": true,
				"changeBPM": false,
				"bpm": 175
			},
			{
				"sectionBeats": 4,
				"sectionNotes": [],
				"typeOfSection": 0,
				"gfSection": false,
				"altAnim": false,
				"mustHitSection": true,
				"changeBPM": false,
				"bpm": 175
			},
			{
				"sectionBeats": 4,
				"sectionNotes": [],
				"typeOfSection": 0,
				"gfSection": false,
				"altAnim": false,
				"mustHitSection": true,
				"changeBPM": false,
				"bpm": 175
			},
			{
				"sectionBeats": 4,
				"sectionNotes": [],
				"typeOfSection": 0,
				"gfSection": false,
				"altAnim": false,
				"mustHitSection": false,
				"changeBPM": false,
				"bpm": 175
			},
			{
				"sectionBeats": 4,
				"sectionNotes": [],
				"typeOfSection": 0,
				"gfSection": false,
				"altAnim": false,
				"mustHitSection": true,
				"changeBPM": false,
				"bpm": 175
			},
			{
				"sectionBeats": 4,
				"sectionNotes": [],
				"typeOfSection": 0,
				"gfSection": false,
				"altAnim": false,
				"mustHitSection": false,
				"changeBPM": false,
				"bpm": 175
			},
			{
				"sectionBeats": 4,
				"sectionNotes": [],
				"typeOfSection": 0,
				"gfSection": false,
				"altAnim": false,
				"mustHitSection": true,
				"changeBPM": false,
				"bpm": 175
			},
			{
				"sectionBeats": 4,
				"sectionNotes": [],
				"typeOfSection": 0,
				"gfSection": false,
				"altAnim": false,
				"mustHitSection": true,
				"changeBPM": false,
				"bpm": 175
			},
			{
				"sectionBeats": 4,
				"sectionNotes": [],
				"typeOfSection": 0,
				"gfSection": false,
				"altAnim": false,
				"mustHitSection": false,
				"changeBPM": false,
				"bpm": 175
			},
			{
				"sectionBeats": 4,
				"sectionNotes": [],
				"typeOfSection": 0,
				"gfSection": false,
				"altAnim": false,
				"mustHitSection": true,
				"changeBPM": false,
				"bpm": 175
			},
			{
				"sectionBeats": 4,
				"sectionNotes": [],
				"typeOfSection": 0,
				"gfSection": false,
				"altAnim": false,
				"mustHitSection": false,
				"changeBPM": false,
				"bpm": 175
			},
			{
				"sectionBeats": 4,
				"sectionNotes": [],
				"typeOfSection": 0,
				"gfSection": false,
				"altAnim": false,
				"mustHitSection": false,
				"changeBPM": false,
				"bpm": 175
			},
			{
				"sectionBeats": 4,
				"sectionNotes": [],
				"typeOfSection": 0,
				"gfSection": false,
				"altAnim": false,
				"mustHitSection": false,
				"changeBPM": false,
				"bpm": 175
			},
			{
				"sectionBeats": 4,
				"sectionNotes": [],
				"typeOfSection": 0,
				"gfSection": false,
				"altAnim": false,
				"mustHitSection": false,
				"changeBPM": false,
				"bpm": 175
			},
			{
				"sectionBeats": 4,
				"sectionNotes": [],
				"typeOfSection": 0,
				"gfSection": false,
				"altAnim": false,
				"mustHitSection": false,
				"changeBPM": false,
				"bpm": 175
			},
			{
				"sectionBeats": 4,
				"sectionNotes": [],
				"typeOfSection": 0,
				"gfSection": false,
				"altAnim": false,
				"mustHitSection": true,
				"changeBPM": false,
				"bpm": 175
			},
			{
				"sectionBeats": 4,
				"sectionNotes": [],
				"typeOfSection": 0,
				"gfSection": false,
				"altAnim": false,
				"mustHitSection": true,
				"changeBPM": false,
				"bpm": 175
			},
			{
				"sectionBeats": 4,
				"sectionNotes": [],
				"typeOfSection": 0,
				"gfSection": false,
				"altAnim": false,
				"mustHitSection": true,
				"changeBPM": false,
				"bpm": 175
			},
			{
				"sectionBeats": 4,
				"sectionNotes": [],
				"typeOfSection": 0,
				"gfSection": false,
				"altAnim": false,
				"mustHitSection": true,
				"changeBPM": false,
				"bpm": 175
			},
			{
				"sectionBeats": 4,
				"sectionNotes": [],
				"typeOfSection": 0,
				"gfSection": false,
				"altAnim": false,
				"mustHitSection": false,
				"changeBPM": false,
				"bpm": 175
			},
			{
				"sectionBeats": 4,
				"sectionNotes": [],
				"typeOfSection": 0,
				"gfSection": false,
				"altAnim": false,
				"mustHitSection": false,
				"changeBPM": false,
				"bpm": 175
			},
			{
				"sectionBeats": 4,
				"sectionNotes": [],
				"typeOfSection": 0,
				"gfSection": false,
				"altAnim": false,
				"mustHitSection": false,
				"changeBPM": false,
				"bpm": 175
			},
			{
				"sectionBeats": 4,
				"sectionNotes": [],
				"typeOfSection": 0,
				"gfSection": false,
				"altAnim": false,
				"mustHitSection": false,
				"changeBPM": false,
				"bpm": 175
			},
			{
				"sectionBeats": 4,
				"sectionNotes": [],
				"typeOfSection": 0,
				"gfSection": false,
				"altAnim": false,
				"mustHitSection": true,
				"changeBPM": false,
				"bpm": 175
			},
			{
				"sectionBeats": 4,
				"sectionNotes": [],
				"typeOfSection": 0,
				"gfSection": false,
				"altAnim": false,
				"mustHitSection": true,
				"changeBPM": false,
				"bpm": 175
			},
			{
				"sectionBeats": 4,
				"sectionNotes": [],
				"typeOfSection": 0,
				"gfSection": false,
				"altAnim": false,
				"mustHitSection": true,
				"changeBPM": false,
				"bpm": 175
			},
			{
				"sectionBeats": 4,
				"sectionNotes": [],
				"typeOfSection": 0,
				"gfSection": false,
				"altAnim": false,
				"mustHitSection": true,
				"changeBPM": false,
				"bpm": 175
			},
			{
				"sectionBeats": 4,
				"sectionNotes": [],
				"typeOfSection": 0,
				"gfSection": false,
				"altAnim": false,
				"mustHitSection": false,
				"changeBPM": false,
				"bpm": 175
			},
			{
				"sectionBeats": 4,
				"sectionNotes": [],
				"typeOfSection": 0,
				"gfSection": false,
				"altAnim": false,
				"mustHitSection": false,
				"changeBPM": false,
				"bpm": 175
			},
			{
				"sectionBeats": 4,
				"sectionNotes": [],
				"typeOfSection": 0,
				"gfSection": false,
				"altAnim": false,
				"mustHitSection": false,
				"changeBPM": false,
				"bpm": 175
			},
			{
				"sectionBeats": 4,
				"sectionNotes": [],
				"typeOfSection": 0,
				"gfSection": false,
				"altAnim": false,
				"mustHitSection": false,
				"changeBPM": false,
				"bpm": 175
			},
			{
				"sectionBeats": 4,
				"sectionNotes": [],
				"typeOfSection": 0,
				"gfSection": false,
				"altAnim": false,
				"mustHitSection": true,
				"changeBPM": false,
				"bpm": 175
			},
			{
				"sectionBeats": 4,
				"sectionNotes": [],
				"typeOfSection": 0,
				"gfSection": false,
				"altAnim": false,
				"mustHitSection": true,
				"changeBPM": false,
				"bpm": 175
			},
			{
				"sectionBeats": 4,
				"sectionNotes": [],
				"typeOfSection": 0,
				"gfSection": false,
				"altAnim": false,
				"mustHitSection": true,
				"changeBPM": false,
				"bpm": 175
			},
			{
				"sectionBeats": 4,
				"sectionNotes": [],
				"typeOfSection": 0,
				"gfSection": false,
				"altAnim": false,
				"mustHitSection": true,
				"changeBPM": false,
				"bpm": 175
			},
			{
				"sectionBeats": 4,
				"sectionNotes": [],
				"typeOfSection": 0,
				"gfSection": false,
				"altAnim": false,
				"mustHitSection": false,
				"changeBPM": false,
				"bpm": 175
			},
			{
				"sectionBeats": 4,
				"sectionNotes": [],
				"typeOfSection": 0,
				"gfSection": false,
				"altAnim": false,
				"mustHitSection": true,
				"changeBPM": false,
				"bpm": 175
			},
			{
				"sectionBeats": 4,
				"sectionNotes": [],
				"typeOfSection": 0,
				"gfSection": false,
				"altAnim": false,
				"mustHitSection": true,
				"changeBPM": false,
				"bpm": 175
			},
			{
				"gfSection": false,
				"altAnim": false,
				"typeOfSection": 0,
				"sectionNotes": [],
				"bpm": 112,
				"sectionBeats": 4,
				"changeBPM": false,
				"mustHitSection": true
			},
			{
				"gfSection": false,
				"altAnim": false,
				"typeOfSection": 0,
				"sectionNotes": [],
				"bpm": 112,
				"sectionBeats": 4,
				"changeBPM": false,
				"mustHitSection": true
			},
			{
				"gfSection": false,
				"altAnim": false,
				"typeOfSection": 0,
				"sectionNotes": [],
				"bpm": 112,
				"sectionBeats": 4,
				"changeBPM": false,
				"mustHitSection": true
			},
			{
				"gfSection": false,
				"altAnim": false,
				"typeOfSection": 0,
				"sectionNotes": [],
				"bpm": 112,
				"sectionBeats": 4,
				"changeBPM": false,
				"mustHitSection": true
			},
			{
				"gfSection": false,
				"altAnim": false,
				"typeOfSection": 0,
				"sectionNotes": [],
				"bpm": 112,
				"sectionBeats": 4,
				"changeBPM": false,
				"mustHitSection": true
			}
		],
		"gfVersion": "janis",
		"events": [
			[
				8571.42857142857,
				[
					[
						"Add Camera Zoom",
						"",
						""
					]
				]
			],
			[
				9464.28571428571,
				[
					[
						"Add Camera Zoom",
						"",
						""
					]
				]
			],
			[
				10714.2857142857,
				[
					[
						"Add Camera Zoom",
						"",
						""
					]
				]
			],
			[
				11160.7142857143,
				[
					[
						"Add Camera Zoom",
						"",
						""
					]
				]
			],
			[
				11517.8571428571,
				[
					[
						"Add Camera Zoom",
						"",
						""
					]
				]
			],
			[
				12589.2857142857,
				[
					[
						"Add Camera Zoom",
						"",
						""
					]
				]
			],
			[
				12857.1428571429,
				[
					[
						"Add Camera Zoom",
						"",
						""
					]
				]
			],
			[
				13392.8571428571,
				[
					[
						"Add Camera Zoom",
						"",
						""
					]
				]
			],
			[
				13928.5714285714,
				[
					[
						"Add Camera Zoom",
						"",
						""
					]
				]
			],
			[
				14464.2857142857,
				[
					[
						"Add Camera Zoom",
						"",
						""
					]
				]
			],
			[
				15000,
				[
					[
						"Add Camera Zoom",
						"",
						""
					]
				]
			],
			[
				15267.8571428571,
				[
					[
						"Add Camera Zoom",
						"",
						""
					]
				]
			],
			[
				15535.7142857143,
				[
					[
						"Add Camera Zoom",
						"",
						""
					]
				]
			],
			[
				15803.5714285714,
				[
					[
						"Add Camera Zoom",
						"",
						""
					]
				]
			],
			[
				16071.4285714286,
				[
					[
						"Add Camera Zoom",
						"",
						""
					]
				]
			],
			[
				17142.8571428571,
				[
					[
						"Add Camera Zoom",
						"0.020",
						"0.06"
					]
				]
			],
			[
				18482.1428571429,
				[
					[
						"Add Camera Zoom",
						"0.020",
						"0.06"
					]
				]
			],
			[
				19285.7142857143,
				[
					[
						"Add Camera Zoom",
						"0.020",
						"0.06"
					]
				]
			],
			[
				19732.1428571429,
				[
					[
						"Add Camera Zoom",
						"0.020",
						"0.06"
					]
				]
			],
			[
				20089.2857142857,
				[
					[
						"Add Camera Zoom",
						"0.020",
						"0.06"
					]
				]
			],
			[
				20625,
				[
					[
						"Add Camera Zoom",
						"0.020",
						"0.06"
					]
				]
			],
			[
				21428.5714285714,
				[
					[
						"Add Camera Zoom",
						"0.30",
						"0.07"
					]
				]
			],
			[
				21428.5714285714,
				[
					[
						"Add Camera Zoom",
						"0.020",
						"0.06"
					]
				]
			],
			[
				22767.8571428571,
				[
					[
						"Add Camera Zoom",
						"0.020",
						"0.06"
					]
				]
			],
			[
				23571.4285714286,
				[
					[
						"Add Camera Zoom",
						"0.020",
						"0.06"
					]
				]
			],
			[
				24017.8571428571,
				[
					[
						"Add Camera Zoom",
						"0.020",
						"0.06"
					]
				]
			],
			[
				24375,
				[
					[
						"Add Camera Zoom",
						"0.020",
						"0.06"
					]
				]
			],
			[
				24910.7142857143,
				[
					[
						"Add Camera Zoom",
						"0.020",
						"0.06"
					]
				]
			],
			[
				25714.2857142857,
				[
					[
						"Add Camera Zoom",
						"0.30",
						"0.07"
					]
				]
			],
			[
				25714.2857142857,
				[
					[
						"Add Camera Zoom",
						"0.020",
						"0.06"
					]
				]
			],
			[
				27053.5714285714,
				[
					[
						"Add Camera Zoom",
						"0.020",
						"0.06"
					]
				]
			],
			[
				27857.1428571429,
				[
					[
						"Add Camera Zoom",
						"0.020",
						"0.06"
					]
				]
			],
			[
				28303.5714285714,
				[
					[
						"Add Camera Zoom",
						"0.020",
						"0.06"
					]
				]
			],
			[
				28660.7142857143,
				[
					[
						"Add Camera Zoom",
						"0.020",
						"0.06"
					]
				]
			],
			[
				29196.4285714286,
				[
					[
						"Add Camera Zoom",
						"0.020",
						"0.06"
					]
				]
			],
			[
				30000,
				[
					[
						"Add Camera Zoom",
						"0.30",
						"0.07"
					]
				]
			],
			[
				30000,
				[
					[
						"Add Camera Zoom",
						"0.020",
						"0.06"
					]
				]
			],
			[
				31339.2857142857,
				[
					[
						"Add Camera Zoom",
						"0.020",
						"0.06"
					]
				]
			],
			[
				32142.8571428571,
				[
					[
						"Add Camera Zoom",
						"0.020",
						"0.06"
					]
				]
			],
			[
				32589.2857142857,
				[
					[
						"Add Camera Zoom",
						"0.020",
						"0.06"
					]
				]
			],
			[
				32946.4285714286,
				[
					[
						"Add Camera Zoom",
						"0.020",
						"0.06"
					]
				]
			],
			[
				33482.1428571429,
				[
					[
						"Add Camera Zoom",
						"0.020",
						"0.06"
					]
				]
			],
			[
				34285.7142857143,
				[
					[
						"Add Camera Zoom",
						"",
						""
					]
				]
			],
			[
				34821.4285714286,
				[
					[
						"Add Camera Zoom",
						"",
						""
					]
				]
			],
			[
				35089.2857142857,
				[
					[
						"Play Animation",
						"tweetLeft",
						"GF"
					]
				]
			],
			[
				35357.1428571428,
				[
					[
						"Add Camera Zoom",
						"",
						""
					]
				]
			],
			[
				35892.8571428571,
				[
					[
						"Add Camera Zoom",
						"",
						""
					]
				]
			],
			[
				36160.7142857143,
				[
					[
						"Play Animation",
						"tweetRight",
						"GF"
					]
				]
			],
			[
				36428.5714285714,
				[
					[
						"Add Camera Zoom",
						"",
						""
					]
				]
			],
			[
				36964.2857142857,
				[
					[
						"Add Camera Zoom",
						"",
						""
					]
				]
			],
			[
				37232.1428571428,
				[
					[
						"Play Animation",
						"tweetRight",
						"GF"
					]
				]
			],
			[
				37500,
				[
					[
						"Play Animation",
						"tweetLeft",
						"GF"
					],
					[
						"Add Camera Zoom",
						"",
						""
					]
				]
			],
			[
				38035.7142857143,
				[
					[
						"Add Camera Zoom",
						"",
						""
					]
				]
			],
			[
				38303.5714285714,
				[
					[
						"Play Animation",
						"tweetRight",
						"GF"
					]
				]
			],
			[
				38571.4285714286,
				[
					[
						"Add Camera Zoom",
						"",
						""
					]
				]
			],
			[
				38571.4285714286,
				[
					[
						"Add Camera Zoom",
						"",
						""
					]
				]
			],
			[
				38571.4285714286,
				[
					[
						"Add Camera Zoom",
						"",
						""
					]
				]
			],
			[
				38571.4285714286,
				[
					[
						"Add Camera Zoom",
						"",
						""
					]
				]
			],
			[
				39107.1428571428,
				[
					[
						"Add Camera Zoom",
						"",
						""
					]
				]
			],
			[
				39375,
				[
					[
						"Play Animation",
						"tweetLeft",
						"GF"
					]
				]
			],
			[
				39642.8571428571,
				[
					[
						"Add Camera Zoom",
						"",
						""
					]
				]
			],
			[
				40178.5714285714,
				[
					[
						"Add Camera Zoom",
						"",
						""
					]
				]
			],
			[
				40446.4285714286,
				[
					[
						"Play Animation",
						"tweetRight",
						"GF"
					]
				]
			],
			[
				40714.2857142857,
				[
					[
						"Add Camera Zoom",
						"",
						""
					]
				]
			],
			[
				41071.4285714286,
				[
					[
						"Add Camera Zoom",
						"",
						""
					]
				]
			],
			[
				41428.5714285714,
				[
					[
						"Add Camera Zoom",
						"",
						""
					]
				]
			],
			[
				41517.8571428571,
				[
					[
						"Play Animation",
						"tweetRight",
						"GF"
					]
				]
			],
			[
				41785.7142857143,
				[
					[
						"Play Animation",
						"tweetLeft",
						"GF"
					]
				]
			],
			[
				41964.2857142857,
				[
					[
						"Add Camera Zoom",
						"",
						""
					]
				]
			],
			[
				42321.4285714286,
				[
					[
						"Add Camera Zoom",
						"",
						""
					]
				]
			],
			[
				42589.2857142857,
				[
					[
						"Play Animation",
						"tweetRight",
						"GF"
					]
				]
			],
			[
				42767.8571428571,
				[
					[
						"Add Camera Zoom",
						"",
						""
					]
				]
			],
			[
				42857.1428571428,
				[
					[
						"Add Camera Zoom",
						"",
						""
					]
				]
			],
			[
				43392.8571428571,
				[
					[
						"Add Camera Zoom",
						"",
						""
					]
				]
			],
			[
				43660.7142857143,
				[
					[
						"Play Animation",
						"tweetLeft",
						"GF"
					]
				]
			],
			[
				43928.5714285714,
				[
					[
						"Add Camera Zoom",
						"",
						""
					]
				]
			],
			[
				44464.2857142857,
				[
					[
						"Add Camera Zoom",
						"",
						""
					]
				]
			],
			[
				44732.1428571429,
				[
					[
						"Play Animation",
						"tweetRight",
						"GF"
					]
				]
			],
			[
				45000,
				[
					[
						"Add Camera Zoom",
						"",
						""
					]
				]
			],
			[
				45535.7142857143,
				[
					[
						"Add Camera Zoom",
						"",
						""
					]
				]
			],
			[
				45803.5714285714,
				[
					[
						"Play Animation",
						"tweetRight",
						"GF"
					]
				]
			],
			[
				46071.4285714286,
				[
					[
						"Play Animation",
						"tweetLeft",
						"GF"
					],
					[
						"Add Camera Zoom",
						"",
						""
					]
				]
			],
			[
				46607.1428571428,
				[
					[
						"Add Camera Zoom",
						"",
						""
					]
				]
			],
			[
				46875,
				[
					[
						"Play Animation",
						"tweetRight",
						"GF"
					]
				]
			],
			[
				47142.8571428571,
				[
					[
						"Add Camera Zoom",
						"",
						""
					]
				]
			],
			[
				47142.8571428571,
				[
					[
						"Add Camera Zoom",
						"",
						""
					]
				]
			],
			[
				47142.8571428571,
				[
					[
						"Add Camera Zoom",
						"",
						""
					]
				]
			],
			[
				47142.8571428571,
				[
					[
						"Add Camera Zoom",
						"",
						""
					]
				]
			],
			[
				47678.5714285714,
				[
					[
						"Add Camera Zoom",
						"",
						""
					]
				]
			],
			[
				47946.4285714286,
				[
					[
						"Play Animation",
						"tweetLeft",
						"GF"
					]
				]
			],
			[
				48214.2857142857,
				[
					[
						"Add Camera Zoom",
						"",
						""
					]
				]
			],
			[
				48750,
				[
					[
						"Add Camera Zoom",
						"",
						""
					]
				]
			],
			[
				49017.8571428572,
				[
					[
						"Play Animation",
						"tweetRight",
						"GF"
					]
				]
			],
			[
				49285.7142857143,
				[
					[
						"Add Camera Zoom",
						"0.030",
						"0.05"
					]
				]
			],
			[
				50000,
				[
					[
						"Add Camera Zoom",
						"0.030",
						"0.05"
					]
				]
			],
			[
				50267.8571428571,
				[
					[
						"Add Camera Zoom",
						"0.030",
						"0.05"
					]
				]
			],
			[
				50535.7142857143,
				[
					[
						"Set Cam Zoom",
						"1.6",
						""
					],
					[
						"Camera Follow Pos",
						"820",
						"600"
					]
				]
			],
			[
				50892.8571428571,
				[
					[
						"Play Animation",
						"coolTransformation",
						"GF"
					]
				]
			],
			[
				50966.5178571429,
				[
					[
						"Play Sound",
						"cool transformation",
						"0.5"
					]
				]
			],
			[
				51428.5714285714,
				[
					[
						"Change Character",
						"GF",
						"coolassjanis"
					]
				]
			],
			[
				51428.5714285714,
				[
					[
						"Add Camera Zoom",
						"",
						""
					]
				]
			],
			[
				51428.5714285714,
				[
					[
						"Camera Follow Pos",
						"",
						""
					],
					[
						"Set Cam Zoom",
						"0.9",
						""
					]
				]
			],
			[
				51875,
				[
					[
						"Add Camera Zoom",
						"",
						""
					]
				]
			],
			[
				52232.1428571429,
				[
					[
						"Add Camera Zoom",
						"",
						""
					]
				]
			],
			[
				52767.8571428572,
				[
					[
						"Add Camera Zoom",
						"",
						""
					]
				]
			],
			[
				53571.4285714286,
				[
					[
						"Add Camera Zoom",
						"",
						""
					]
				]
			],
			[
				54017.8571428572,
				[
					[
						"Add Camera Zoom",
						"",
						""
					]
				]
			],
			[
				54375,
				[
					[
						"Add Camera Zoom",
						"",
						""
					]
				]
			],
			[
				55089.2857142857,
				[
					[
						"Add Camera Zoom",
						"",
						""
					]
				]
			],
			[
				55446.4285714286,
				[
					[
						"Add Camera Zoom",
						"",
						""
					]
				]
			],
			[
				55714.2857142857,
				[
					[
						"Add Camera Zoom",
						"",
						""
					]
				]
			],
			[
				56160.7142857143,
				[
					[
						"Add Camera Zoom",
						"",
						""
					]
				]
			],
			[
				56517.8571428571,
				[
					[
						"Add Camera Zoom",
						"",
						""
					]
				]
			],
			[
				57053.5714285714,
				[
					[
						"Add Camera Zoom",
						"",
						""
					]
				]
			],
			[
				57857.1428571429,
				[
					[
						"Add Camera Zoom",
						"",
						""
					]
				]
			],
			[
				58303.5714285714,
				[
					[
						"Add Camera Zoom",
						"",
						""
					]
				]
			],
			[
				58660.7142857143,
				[
					[
						"Add Camera Zoom",
						"",
						""
					]
				]
			],
			[
				58750,
				[
					[
						"Add Camera Zoom",
						"",
						""
					]
				]
			],
			[
				59642.8571428572,
				[
					[
						"Add Camera Zoom",
						"",
						""
					]
				]
			],
			[
				60803.5714285714,
				[
					[
						"Add Camera Zoom",
						"",
						""
					]
				]
			],
			[
				62142.8571428572,
				[
					[
						"Add Camera Zoom",
						"",
						""
					]
				]
			],
			[
				62589.2857142857,
				[
					[
						"Add Camera Zoom",
						"",
						""
					]
				]
			],
			[
				62857.1428571429,
				[
					[
						"Add Camera Zoom",
						"",
						""
					]
				]
			],
			[
				64017.8571428572,
				[
					[
						"Add Camera Zoom",
						"",
						""
					]
				]
			],
			[
				64285.7142857143,
				[
					[
						"Add Camera Zoom",
						"",
						""
					]
				]
			],
			[
				64821.4285714286,
				[
					[
						"Add Camera Zoom",
						"",
						""
					]
				]
			],
			[
				65357.1428571429,
				[
					[
						"Add Camera Zoom",
						"",
						""
					]
				]
			],
			[
				65892.8571428572,
				[
					[
						"Add Camera Zoom",
						"",
						""
					]
				]
			],
			[
				66428.5714285714,
				[
					[
						"Add Camera Zoom",
						"",
						""
					]
				]
			],
			[
				66696.4285714286,
				[
					[
						"Add Camera Zoom",
						"",
						""
					]
				]
			],
			[
				66964.2857142857,
				[
					[
						"Add Camera Zoom",
						"",
						""
					]
				]
			],
			[
				67232.1428571429,
				[
					[
						"Add Camera Zoom",
						"",
						""
					]
				]
			],
			[
				67500,
				[
					[
						"Add Camera Zoom",
						"",
						""
					]
				]
			],
			[
				68571.4285714286,
				[
					[
						"Add Camera Zoom",
						"",
						""
					]
				]
			],
			[
				69017.8571428572,
				[
					[
						"Add Camera Zoom",
						"",
						""
					]
				]
			],
			[
				69375,
				[
					[
						"Add Camera Zoom",
						"",
						""
					]
				]
			],
			[
				69910.7142857143,
				[
					[
						"Add Camera Zoom",
						"",
						""
					]
				]
			],
			[
				70714.2857142857,
				[
					[
						"Add Camera Zoom",
						"",
						""
					]
				]
			],
			[
				71160.7142857143,
				[
					[
						"Add Camera Zoom",
						"",
						""
					]
				]
			],
			[
				71517.8571428572,
				[
					[
						"Add Camera Zoom",
						"",
						""
					]
				]
			],
			[
				72232.1428571429,
				[
					[
						"Add Camera Zoom",
						"",
						""
					]
				]
			],
			[
				72589.2857142857,
				[
					[
						"Add Camera Zoom",
						"",
						""
					]
				]
			],
			[
				72857.1428571429,
				[
					[
						"Add Camera Zoom",
						"",
						""
					]
				]
			],
			[
				73303.5714285714,
				[
					[
						"Add Camera Zoom",
						"",
						""
					]
				]
			],
			[
				73660.7142857143,
				[
					[
						"Add Camera Zoom",
						"",
						""
					]
				]
			],
			[
				74196.4285714286,
				[
					[
						"Add Camera Zoom",
						"",
						""
					]
				]
			],
			[
				75000,
				[
					[
						"Set Cam Zoom",
						"1.1",
						"lol"
					]
				]
			],
			[
				75535.7142857143,
				[
					[
						"Set Cam Zoom",
						"1.3",
						"lol"
					]
				]
			],
			[
				76071.4285714286,
				[
					[
						"Set Cam Zoom",
						"1.5",
						"lol"
					]
				]
			],
			[
				76607.1428571429,
				[
					[
						"Set Cam Zoom",
						"1.7",
						"lol"
					]
				]
			],
			[
				77142.8571428572,
				[
					[
						"Add Camera Zoom",
						"",
						""
					]
				]
			],
			[
				77142.8571428572,
				[
					[
						"Set Cam Zoom",
						"0.9",
						""
					]
				]
			],
			[
				77589.2857142857,
				[
					[
						"Add Camera Zoom",
						"",
						""
					]
				]
			],
			[
				77946.4285714286,
				[
					[
						"Add Camera Zoom",
						"",
						""
					]
				]
			],
			[
				78482.1428571429,
				[
					[
						"Add Camera Zoom",
						"",
						""
					]
				]
			],
			[
				79285.7142857143,
				[
					[
						"Add Camera Zoom",
						"",
						""
					]
				]
			],
			[
				79732.1428571429,
				[
					[
						"Add Camera Zoom",
						"",
						""
					]
				]
			],
			[
				80089.2857142857,
				[
					[
						"Add Camera Zoom",
						"",
						""
					]
				]
			],
			[
				80803.5714285714,
				[
					[
						"Add Camera Zoom",
						"",
						""
					]
				]
			],
			[
				81160.7142857143,
				[
					[
						"Add Camera Zoom",
						"",
						""
					]
				]
			],
			[
				81428.5714285715,
				[
					[
						"Add Camera Zoom",
						"",
						""
					]
				]
			],
			[
				81875,
				[
					[
						"Add Camera Zoom",
						"",
						""
					]
				]
			],
			[
				82232.1428571429,
				[
					[
						"Add Camera Zoom",
						"",
						""
					]
				]
			],
			[
				82767.8571428572,
				[
					[
						"Add Camera Zoom",
						"",
						""
					]
				]
			],
			[
				83571.4285714286,
				[
					[
						"Set Cam Zoom",
						"0.7",
						""
					]
				]
			],
			[
				85714.2857142858,
				[
					[
						"Set Cam Zoom",
						"0.9",
						""
					]
				]
			],
			[
				94285.7142857143,
				[
					[
						"Add Camera Zoom",
						"",
						""
					]
				]
			],
			[
				95089.2857142858,
				[
					[
						"Add Camera Zoom",
						"",
						""
					]
				]
			],
			[
				96428.5714285715,
				[
					[
						"Add Camera Zoom",
						"",
						""
					]
				]
			],
			[
				96875,
				[
					[
						"Add Camera Zoom",
						"",
						""
					]
				]
			],
			[
				97232.1428571429,
				[
					[
						"Add Camera Zoom",
						"",
						""
					]
				]
			],
			[
				98303.5714285715,
				[
					[
						"Add Camera Zoom",
						"",
						""
					]
				]
			],
			[
				98571.4285714286,
				[
					[
						"Add Camera Zoom",
						"",
						""
					]
				]
			],
			[
				99107.1428571429,
				[
					[
						"Add Camera Zoom",
						"",
						""
					]
				]
			],
			[
				99642.8571428572,
				[
					[
						"Add Camera Zoom",
						"",
						""
					]
				]
			],
			[
				100178.571428571,
				[
					[
						"Add Camera Zoom",
						"",
						""
					]
				]
			],
			[
				100714.285714286,
				[
					[
						"Add Camera Zoom",
						"",
						""
					]
				]
			],
			[
				100982.142857143,
				[
					[
						"Add Camera Zoom",
						"",
						""
					]
				]
			],
			[
				101250,
				[
					[
						"Add Camera Zoom",
						"",
						""
					]
				]
			],
			[
				101517.857142857,
				[
					[
						"Add Camera Zoom",
						"",
						""
					]
				]
			],
			[
				101785.714285714,
				[
					[
						"Add Camera Zoom",
						"",
						""
					]
				]
			],
			[
				102857.142857143,
				[
					[
						"Add Camera Zoom",
						"0.020",
						"0.06"
					]
				]
			],
			[
				103303.571428571,
				[
					[
						"Add Camera Zoom",
						"0.020",
						"0.06"
					]
				]
			],
			[
				103660.714285714,
				[
					[
						"Add Camera Zoom",
						"0.020",
						"0.06"
					]
				]
			]
		],
		"player3": null,
		"song": "WaveShaper",
		"validScore": true,
		"needsVoices": true,
		"stage": "basementstage",
		"speed": 2.7,
		"bpm": 112
	}
}