{
    "size":100,
    "cameraX":-20,
    "cameraY":50,
    "x":190,
    "y":-75,
    "animations":{
        "idle":{"frames":"14"},
        "up":{"frames":"14"},
        "down":{"frames":"14"},
        "left":{"frames":"14"},
        "right":{"frames":"14"},
        "seconds per frame":0.025
    },
    "offsets":{
        "idle":{"x":0,"y":0},
        "up":{"x":0,"y":25},
        "down":{"x":0,"y":-60},
        "left":{"x":-60,"y":0},
        "right":{"x":150,"y":0}
    },
    "healthColor":"#ffcc99"
}