{
	"song": {
		"player1": "7mc",
		"player2": "17neco",
		"notes": [
			{
				"lengthInSteps": 16,
				"sectionNotes": [],
				"gfSection": false,
				"mustHitSection": true
			},
			{
				"lengthInSteps": 16,
				"sectionNotes": [],
				"gfSection": false,
				"mustHitSection": true
			},
			{
				"lengthInSteps": 16,
				"sectionNotes": [
					[
						4636.36363636364,
						0,
						0
					],
					[
						4772.72727272727,
						2,
						0
					],
					[
						4909.09090909091,
						3,
						0
					],
					[
						5045.45454545455,
						0,
						0
					],
					[
						5181.81818181818,
						1,
						0
					],
					[
						5318.18181818182,
						3,
						0
					],
					[
						5454.54545454545,
						2,
						136.363636363636
					],
					[
						5727.27272727273,
						3,
						0
					],
					[
						5863.63636363636,
						1,
						0
					],
					[
						6272.72727272727,
						3,
						0
					],
					[
						6136.36363636364,
						1,
						0
					],
					[
						6409.09090909091,
						0,
						0
					]
				],
				"gfSection": false,
				"mustHitSection": false
			},
			{
				"lengthInSteps": 16,
				"sectionNotes": [
					[
						6545.45454545455,
						2,
						272.727272727273
					],
					[
						7363.63636363636,
						3,
						0
					],
					[
						7090.90909090909,
						0,
						0
					],
					[
						7500,
						1,
						136.363636363636
					],
					[
						7772.72727272727,
						2,
						0
					],
					[
						8181.81818181818,
						1,
						0
					],
					[
						8454.54545454545,
						0,
						0
					],
					[
						8318.18181818182,
						2,
						0
					],
					[
						8590.90909090909,
						3,
						0
					]
				],
				"gfSection": false,
				"mustHitSection": false
			},
			{
				"lengthInSteps": 16,
				"sectionNotes": [
					[
						8727.27272727273,
						2,
						204.545454545455
					],
					[
						9545.45454545455,
						3,
						0
					],
					[
						9681.81818181818,
						0,
						0
					],
					[
						9954.54545454546,
						3,
						0
					],
					[
						10090.9090909091,
						1,
						0
					],
					[
						10636.3636363636,
						2,
						0
					],
					[
						9000,
						0,
						0
					]
				],
				"mustHitSection": false
			},
			{
				"lengthInSteps": 16,
				"sectionNotes": [
					[
						10909.0909090909,
						1,
						0
					],
					[
						11045.4545454545,
						3,
						0
					],
					[
						11181.8181818182,
						0,
						0
					],
					[
						11454.5454545455,
						3,
						0
					],
					[
						12545.4545454545,
						1,
						0
					],
					[
						12681.8181818182,
						0,
						0
					],
					[
						12818.1818181818,
						3,
						0
					],
					[
						12954.5454545455,
						1,
						0
					],
					[
						11727.2727272727,
						1,
						0
					],
					[
						11863.6363636364,
						0,
						0
					]
				],
				"mustHitSection": false
			},
			{
				"lengthInSteps": 16,
				"sectionNotes": [
					[
						13363.6363636364,
						0,
						0
					],
					[
						13500,
						2,
						0
					],
					[
						13636.3636363636,
						3,
						0
					],
					[
						13772.7272727273,
						0,
						0
					],
					[
						13909.0909090909,
						1,
						0
					],
					[
						14045.4545454545,
						3,
						0
					],
					[
						14181.8181818182,
						2,
						136.363636363636
					],
					[
						14454.5454545455,
						3,
						0
					],
					[
						14590.9090909091,
						1,
						0
					],
					[
						15000,
						3,
						0
					],
					[
						14863.6363636364,
						1,
						0
					],
					[
						15136.3636363636,
						0,
						0
					],
					[
						13090.9090909091,
						6,
						272.727272727273
					]
				],
				"mustHitSection": true
			},
			{
				"lengthInSteps": 16,
				"sectionNotes": [
					[
						15272.7272727273,
						2,
						272.727272727273
					],
					[
						16090.9090909091,
						3,
						0
					],
					[
						15818.1818181818,
						0,
						0
					],
					[
						16227.2727272727,
						1,
						136.363636363636
					],
					[
						16500,
						2,
						0
					],
					[
						16909.0909090909,
						1,
						0
					],
					[
						17181.8181818182,
						0,
						0
					],
					[
						17045.4545454545,
						2,
						0
					],
					[
						17318.1818181818,
						3,
						0
					],
					[
						16090.9090909091,
						7,
						0
					],
					[
						16227.2727272727,
						4,
						0
					],
					[
						16500,
						7,
						0
					],
					[
						16636.3636363636,
						4,
						0
					]
				],
				"mustHitSection": true
			},
			{
				"lengthInSteps": 16,
				"sectionNotes": [
					[
						17454.5454545455,
						2,
						204.545454545455
					],
					[
						18272.7272727273,
						3,
						0
					],
					[
						18409.0909090909,
						0,
						0
					],
					[
						18681.8181818182,
						3,
						0
					],
					[
						18818.1818181818,
						1,
						0
					],
					[
						19363.6363636364,
						2,
						0
					],
					[
						18272.7272727273,
						6,
						0
					],
					[
						18409.0909090909,
						7,
						0
					],
					[
						18545.4545454545,
						5,
						0
					],
					[
						18681.8181818182,
						4,
						0
					],
					[
						19090.9090909091,
						5,
						136.363636363636
					],
					[
						18818.1818181818,
						5,
						0
					],
					[
						18954.5454545455,
						7,
						0
					],
					[
						17727.2727272727,
						3,
						0
					]
				],
				"mustHitSection": true
			},
			{
				"lengthInSteps": 16,
				"sectionNotes": [
					[
						19636.3636363636,
						1,
						0
					],
					[
						19772.7272727273,
						3,
						0
					],
					[
						19909.0909090909,
						0,
						0
					],
					[
						20181.8181818182,
						3,
						0
					],
					[
						21272.7272727273,
						1,
						0
					],
					[
						21409.0909090909,
						0,
						0
					],
					[
						21545.4545454545,
						3,
						0
					],
					[
						21681.8181818182,
						1,
						0
					],
					[
						20454.5454545455,
						6,
						0
					],
					[
						20590.9090909091,
						7,
						0
					],
					[
						20727.2727272727,
						5,
						0
					],
					[
						20863.6363636364,
						4,
						0
					],
					[
						21000,
						5,
						0
					],
					[
						21136.3636363636,
						7,
						0
					],
					[
						21272.7272727273,
						5,
						136.363636363636
					],
					[
						20454.5454545455,
						1,
						0
					],
					[
						20590.9090909091,
						0,
						0
					]
				],
				"mustHitSection": true
			},
			{
				"lengthInSteps": 16,
				"sectionNotes": [
					[
						21818.1818181818,
						0,
						0
					],
					[
						21954.5454545455,
						2,
						0
					],
					[
						22090.9090909091,
						3,
						0
					],
					[
						22227.2727272727,
						0,
						0
					],
					[
						22363.6363636364,
						1,
						0
					],
					[
						22500,
						3,
						0
					],
					[
						22636.3636363636,
						1,
						0
					],
					[
						23181.8181818182,
						3,
						0
					],
					[
						23318.1818181818,
						1,
						0
					],
					[
						23454.5454545455,
						0,
						0
					],
					[
						23590.9090909091,
						3,
						0
					],
					[
						23727.2727272727,
						2,
						272.727272727273
					],
					[
						22090.9090909091,
						4,
						0
					],
					[
						22227.2727272727,
						6,
						0
					],
					[
						22363.6363636364,
						5,
						136.363636363636
					],
					[
						22772.7272727273,
						7,
						0
					],
					[
						23045.4545454546,
						5,
						0
					],
					[
						23318.1818181818,
						4,
						0
					],
					[
						23454.5454545455,
						6,
						0
					]
				],
				"mustHitSection": false
			},
			{
				"lengthInSteps": 16,
				"sectionNotes": [
					[
						24272.7272727273,
						4,
						0
					],
					[
						24409.0909090909,
						6,
						0
					],
					[
						24545.4545454545,
						5,
						136.363636363636
					],
					[
						24954.5454545455,
						7,
						0
					],
					[
						25227.2727272727,
						5,
						0
					],
					[
						25500,
						4,
						0
					],
					[
						24272.7272727273,
						1,
						0
					],
					[
						24545.4545454546,
						3,
						0
					],
					[
						24818.1818181818,
						2,
						0
					],
					[
						25090.9090909091,
						3,
						0
					],
					[
						25227.2727272727,
						1,
						0
					],
					[
						25363.6363636364,
						0,
						0
					],
					[
						25500,
						3,
						0
					],
					[
						25636.3636363636,
						2,
						272.727272727273
					],
					[
						25636.3636363636,
						6,
						272.727272727273
					]
				],
				"mustHitSection": false
			},
			{
				"lengthInSteps": 16,
				"sectionNotes": [
					[
						26454.5454545455,
						2,
						0
					],
					[
						27136.3636363636,
						3,
						0
					],
					[
						26727.2727272727,
						1,
						0
					],
					[
						26590.9090909091,
						3,
						0
					],
					[
						26863.6363636364,
						0,
						0
					],
					[
						27272.7272727273,
						2,
						272.727272727273
					],
					[
						27272.7272727273,
						5,
						272.727272727273
					],
					[
						26181.8181818182,
						6,
						0
					],
					[
						26318.1818181818,
						7,
						0
					],
					[
						26590.9090909091,
						6,
						0
					],
					[
						26727.2727272727,
						4,
						0
					],
					[
						27000,
						7,
						0
					],
					[
						27136.3636363636,
						4,
						0
					],
					[
						27818.1818181818,
						7,
						0
					],
					[
						28090.9090909091,
						7,
						0
					]
				],
				"mustHitSection": true
			},
			{
				"lengthInSteps": 16,
				"sectionNotes": [
					[
						28636.3636363636,
						2,
						0
					],
					[
						29318.1818181818,
						3,
						0
					],
					[
						28909.0909090909,
						1,
						0
					],
					[
						28772.7272727273,
						3,
						0
					],
					[
						29045.4545454546,
						0,
						0
					],
					[
						29454.5454545455,
						2,
						272.727272727273
					],
					[
						29454.5454545455,
						5,
						272.727272727273
					],
					[
						28363.6363636364,
						6,
						0
					],
					[
						28500,
						7,
						0
					],
					[
						28772.7272727273,
						6,
						0
					],
					[
						28909.0909090909,
						4,
						0
					],
					[
						29181.8181818182,
						7,
						0
					],
					[
						29318.1818181818,
						4,
						0
					]
				],
				"mustHitSection": true
			},
			{
				"lengthInSteps": 16,
				"sectionNotes": [
					[
						30545.4545454546,
						0,
						0
					],
					[
						30681.8181818182,
						2,
						0
					],
					[
						30818.1818181818,
						3,
						0
					],
					[
						30954.5454545455,
						0,
						0
					],
					[
						31090.9090909091,
						1,
						0
					],
					[
						31227.2727272727,
						3,
						0
					],
					[
						31363.6363636364,
						1,
						0
					],
					[
						31909.0909090909,
						3,
						0
					],
					[
						32045.4545454546,
						1,
						0
					],
					[
						32181.8181818182,
						0,
						0
					],
					[
						32318.1818181818,
						3,
						0
					],
					[
						32454.5454545455,
						2,
						272.727272727273
					],
					[
						30818.1818181818,
						4,
						0
					],
					[
						30954.5454545455,
						6,
						0
					],
					[
						31090.9090909091,
						5,
						136.363636363636
					],
					[
						31500,
						7,
						0
					],
					[
						31772.7272727273,
						5,
						0
					],
					[
						32045.4545454546,
						4,
						0
					],
					[
						32181.8181818182,
						6,
						0
					]
				],
				"mustHitSection": true
			},
			{
				"lengthInSteps": 16,
				"sectionNotes": [
					[
						33000,
						4,
						0
					],
					[
						33136.3636363636,
						6,
						0
					],
					[
						33272.7272727273,
						5,
						136.363636363636
					],
					[
						33681.8181818182,
						7,
						0
					],
					[
						33954.5454545455,
						5,
						0
					],
					[
						34227.2727272727,
						4,
						0
					],
					[
						33000,
						1,
						0
					],
					[
						33272.7272727273,
						3,
						0
					],
					[
						33545.4545454546,
						2,
						0
					],
					[
						33818.1818181818,
						3,
						0
					],
					[
						33954.5454545455,
						1,
						0
					],
					[
						34090.9090909091,
						0,
						0
					],
					[
						34227.2727272727,
						3,
						0
					],
					[
						34363.6363636364,
						2,
						272.727272727273
					],
					[
						34363.6363636364,
						6,
						272.727272727273
					]
				],
				"mustHitSection": true
			},
			{
				"lengthInSteps": 16,
				"sectionNotes": [
					[
						35181.8181818182,
						2,
						0
					],
					[
						35863.6363636364,
						3,
						0
					],
					[
						35454.5454545455,
						1,
						0
					],
					[
						35318.1818181818,
						3,
						0
					],
					[
						35590.9090909091,
						0,
						0
					],
					[
						36000,
						2,
						272.727272727273
					],
					[
						36000,
						5,
						272.727272727273
					],
					[
						34909.0909090909,
						6,
						0
					],
					[
						35045.4545454546,
						7,
						0
					],
					[
						35318.1818181818,
						6,
						0
					],
					[
						35454.5454545455,
						4,
						0
					],
					[
						35727.2727272727,
						7,
						0
					],
					[
						35863.6363636364,
						4,
						0
					],
					[
						36545.4545454546,
						7,
						0
					],
					[
						36818.1818181818,
						7,
						0
					]
				],
				"mustHitSection": false
			},
			{
				"lengthInSteps": 16,
				"sectionNotes": [
					[
						37363.6363636364,
						2,
						0
					],
					[
						38045.4545454546,
						3,
						0
					],
					[
						37636.3636363636,
						1,
						0
					],
					[
						37500,
						3,
						0
					],
					[
						37772.7272727273,
						0,
						0
					],
					[
						38181.8181818182,
						2,
						272.727272727273
					],
					[
						38181.8181818182,
						5,
						272.727272727273
					],
					[
						37090.9090909091,
						6,
						0
					],
					[
						37227.2727272727,
						7,
						0
					],
					[
						37500,
						6,
						0
					],
					[
						37636.3636363636,
						4,
						0
					],
					[
						37909.0909090909,
						7,
						0
					],
					[
						38045.4545454546,
						4,
						0
					]
				],
				"mustHitSection": false
			},
			{
				"lengthInSteps": 16,
				"sectionNotes": [
					[
						39545.4545454546,
						3,
						0
					],
					[
						39681.8181818182,
						1,
						0
					],
					[
						39818.1818181818,
						2,
						0
					],
					[
						40090.9090909091,
						0,
						0
					],
					[
						40227.2727272727,
						3,
						0
					],
					[
						40500,
						1,
						0
					],
					[
						40636.3636363637,
						3,
						0
					],
					[
						40909.0909090909,
						2,
						0
					]
				],
				"mustHitSection": false
			},
			{
				"lengthInSteps": 16,
				"sectionNotes": [
					[
						41727.2727272727,
						3,
						0
					],
					[
						41863.6363636364,
						1,
						0
					],
					[
						42000,
						2,
						0
					],
					[
						42272.7272727273,
						0,
						0
					],
					[
						42409.0909090909,
						3,
						0
					],
					[
						42681.8181818182,
						1,
						0
					],
					[
						42818.1818181818,
						3,
						0
					],
					[
						43090.9090909091,
						2,
						0
					],
					[
						43363.6363636364,
						1,
						0
					]
				],
				"mustHitSection": false
			},
			{
				"lengthInSteps": 16,
				"sectionNotes": [
					[
						43909.0909090909,
						3,
						0
					],
					[
						44045.4545454546,
						0,
						0
					],
					[
						44318.1818181818,
						1,
						0
					],
					[
						44727.2727272727,
						3,
						0
					],
					[
						45000,
						2,
						0
					],
					[
						45136.3636363637,
						3,
						0
					],
					[
						45272.7272727273,
						1,
						0
					],
					[
						45545.4545454546,
						0,
						0
					]
				],
				"mustHitSection": false
			},
			{
				"lengthInSteps": 16,
				"sectionNotes": [
					[
						45818.1818181818,
						3,
						0
					],
					[
						46090.9090909091,
						2,
						0
					],
					[
						46363.6363636364,
						0,
						0
					],
					[
						46772.7272727273,
						1,
						0
					],
					[
						47045.4545454546,
						3,
						0
					],
					[
						47181.8181818182,
						1,
						0
					],
					[
						47454.5454545455,
						2,
						272.727272727273
					]
				],
				"mustHitSection": false
			},
			{
				"lengthInSteps": 16,
				"sectionNotes": [
					[
						48272.7272727273,
						3,
						0
					],
					[
						48409.0909090909,
						1,
						0
					],
					[
						48545.4545454546,
						2,
						0
					],
					[
						48818.1818181818,
						0,
						0
					],
					[
						48954.5454545455,
						3,
						0
					],
					[
						49227.2727272727,
						1,
						0
					],
					[
						49363.6363636364,
						3,
						0
					],
					[
						49636.3636363637,
						2,
						0
					]
				],
				"mustHitSection": true
			},
			{
				"lengthInSteps": 16,
				"sectionNotes": [
					[
						50590.9090909091,
						1,
						0
					],
					[
						50727.2727272727,
						2,
						0
					],
					[
						51000,
						0,
						0
					],
					[
						51136.3636363637,
						3,
						0
					],
					[
						51409.0909090909,
						1,
						0
					],
					[
						51545.4545454546,
						3,
						0
					],
					[
						51818.1818181818,
						2,
						0
					],
					[
						52090.9090909091,
						1,
						0
					]
				],
				"mustHitSection": true
			},
			{
				"lengthInSteps": 16,
				"sectionNotes": [
					[
						52636.3636363637,
						3,
						0
					],
					[
						52772.7272727273,
						0,
						0
					],
					[
						53045.4545454546,
						1,
						0
					],
					[
						53454.5454545455,
						3,
						0
					],
					[
						53727.2727272727,
						2,
						0
					],
					[
						53863.6363636364,
						3,
						0
					],
					[
						54000,
						1,
						0
					],
					[
						54272.7272727273,
						0,
						0
					]
				],
				"mustHitSection": true
			},
			{
				"lengthInSteps": 16,
				"sectionNotes": [
					[
						54545.4545454546,
						3,
						0
					],
					[
						54818.1818181818,
						2,
						0
					],
					[
						55090.9090909091,
						0,
						0
					],
					[
						55500,
						1,
						0
					],
					[
						55772.7272727273,
						3,
						0
					],
					[
						55909.0909090909,
						1,
						0
					],
					[
						56181.8181818182,
						2,
						272.727272727273
					]
				],
				"mustHitSection": true
			},
			{
				"lengthInSteps": 16,
				"sectionNotes": [
					[
						56727.2727272727,
						0,
						0
					],
					[
						56863.6363636364,
						2,
						0
					],
					[
						57000,
						3,
						0
					],
					[
						57136.3636363636,
						0,
						0
					],
					[
						57272.7272727273,
						1,
						0
					],
					[
						57409.0909090909,
						3,
						0
					],
					[
						57545.4545454545,
						1,
						0
					],
					[
						58090.9090909091,
						3,
						0
					],
					[
						58227.2727272727,
						1,
						0
					],
					[
						58363.6363636364,
						0,
						0
					],
					[
						58500,
						3,
						0
					],
					[
						58636.3636363636,
						2,
						272.727272727273
					],
					[
						57000,
						4,
						0
					],
					[
						57136.3636363636,
						6,
						0
					],
					[
						57272.7272727273,
						5,
						136.363636363636
					],
					[
						57681.8181818182,
						7,
						0
					],
					[
						57954.5454545455,
						5,
						0
					],
					[
						58227.2727272727,
						4,
						0
					],
					[
						58363.6363636364,
						6,
						0
					]
				],
				"mustHitSection": false
			},
			{
				"lengthInSteps": 16,
				"sectionNotes": [
					[
						59181.8181818182,
						4,
						0
					],
					[
						59318.1818181818,
						6,
						0
					],
					[
						59454.5454545454,
						5,
						136.363636363636
					],
					[
						59863.6363636364,
						7,
						0
					],
					[
						60136.3636363636,
						5,
						0
					],
					[
						60409.0909090909,
						4,
						0
					],
					[
						59181.8181818182,
						1,
						0
					],
					[
						59454.5454545455,
						3,
						0
					],
					[
						59727.2727272727,
						2,
						0
					],
					[
						60000,
						3,
						0
					],
					[
						60136.3636363636,
						1,
						0
					],
					[
						60272.7272727273,
						0,
						0
					],
					[
						60409.0909090909,
						3,
						0
					],
					[
						60545.4545454545,
						2,
						272.727272727273
					],
					[
						60545.4545454545,
						6,
						272.727272727273
					]
				],
				"mustHitSection": false
			},
			{
				"lengthInSteps": 16,
				"sectionNotes": [
					[
						61363.6363636364,
						2,
						0
					],
					[
						62045.4545454546,
						3,
						0
					],
					[
						61636.3636363636,
						1,
						0
					],
					[
						61500,
						3,
						0
					],
					[
						61772.7272727273,
						0,
						0
					],
					[
						62181.8181818182,
						2,
						272.727272727273
					],
					[
						62181.8181818182,
						5,
						272.727272727273
					],
					[
						61090.9090909091,
						6,
						0
					],
					[
						61227.2727272727,
						7,
						0
					],
					[
						61500,
						6,
						0
					],
					[
						61636.3636363636,
						4,
						0
					],
					[
						61909.0909090909,
						7,
						0
					],
					[
						62045.4545454546,
						4,
						0
					],
					[
						62727.2727272727,
						7,
						0
					],
					[
						63000,
						7,
						0
					]
				],
				"mustHitSection": true
			},
			{
				"lengthInSteps": 16,
				"sectionNotes": [
					[
						63545.4545454545,
						2,
						0
					],
					[
						64227.2727272727,
						3,
						0
					],
					[
						63818.1818181818,
						1,
						0
					],
					[
						63681.8181818182,
						3,
						0
					],
					[
						63954.5454545455,
						0,
						0
					],
					[
						64363.6363636364,
						2,
						272.727272727273
					],
					[
						64363.6363636364,
						5,
						272.727272727273
					],
					[
						63272.7272727273,
						6,
						0
					],
					[
						63409.0909090909,
						7,
						0
					],
					[
						63681.8181818182,
						6,
						0
					],
					[
						63818.1818181818,
						4,
						0
					],
					[
						64090.9090909091,
						7,
						0
					],
					[
						64227.2727272727,
						4,
						0
					]
				],
				"mustHitSection": true
			},
			{
				"lengthInSteps": 16,
				"sectionNotes": [
					[
						65454.5454545455,
						0,
						0
					],
					[
						65590.9090909091,
						2,
						0
					],
					[
						65727.2727272727,
						3,
						0
					],
					[
						65863.6363636364,
						0,
						0
					],
					[
						66000,
						1,
						0
					],
					[
						66136.3636363636,
						3,
						0
					],
					[
						66272.7272727273,
						1,
						0
					],
					[
						66818.1818181818,
						3,
						0
					],
					[
						66954.5454545455,
						1,
						0
					],
					[
						67090.9090909091,
						0,
						0
					],
					[
						67227.2727272727,
						3,
						0
					],
					[
						67363.6363636364,
						2,
						272.727272727273
					],
					[
						65727.2727272727,
						4,
						0
					],
					[
						65863.6363636364,
						6,
						0
					],
					[
						66000,
						5,
						136.363636363636
					],
					[
						66409.0909090909,
						7,
						0
					],
					[
						66681.8181818182,
						5,
						0
					],
					[
						66954.5454545455,
						4,
						0
					],
					[
						67090.9090909091,
						6,
						0
					]
				],
				"mustHitSection": true
			},
			{
				"lengthInSteps": 16,
				"sectionNotes": [
					[
						67909.0909090909,
						4,
						0
					],
					[
						68045.4545454545,
						6,
						0
					],
					[
						68181.8181818182,
						5,
						136.363636363636
					],
					[
						68590.9090909091,
						7,
						0
					],
					[
						68863.6363636364,
						5,
						0
					],
					[
						69136.3636363636,
						4,
						0
					],
					[
						67909.0909090909,
						1,
						0
					],
					[
						68181.8181818182,
						3,
						0
					],
					[
						68454.5454545455,
						2,
						0
					],
					[
						68727.2727272727,
						3,
						0
					],
					[
						68863.6363636364,
						1,
						0
					],
					[
						69000,
						0,
						0
					],
					[
						69136.3636363636,
						3,
						0
					],
					[
						69272.7272727273,
						2,
						272.727272727273
					],
					[
						69272.7272727273,
						6,
						272.727272727273
					]
				],
				"mustHitSection": true
			},
			{
				"lengthInSteps": 16,
				"sectionNotes": [
					[
						70090.9090909091,
						2,
						0
					],
					[
						70772.7272727273,
						3,
						0
					],
					[
						70363.6363636364,
						1,
						0
					],
					[
						70227.2727272727,
						3,
						0
					],
					[
						70500,
						0,
						0
					],
					[
						70909.0909090909,
						2,
						272.727272727273
					],
					[
						70909.0909090909,
						5,
						272.727272727273
					],
					[
						69818.1818181818,
						6,
						0
					],
					[
						69954.5454545455,
						7,
						0
					],
					[
						70227.2727272727,
						6,
						0
					],
					[
						70363.6363636364,
						4,
						0
					],
					[
						70636.3636363636,
						7,
						0
					],
					[
						70772.7272727273,
						4,
						0
					],
					[
						71454.5454545455,
						7,
						0
					],
					[
						71727.2727272727,
						7,
						0
					]
				],
				"mustHitSection": false
			},
			{
				"lengthInSteps": 16,
				"sectionNotes": [
					[
						72272.7272727273,
						2,
						0
					],
					[
						72954.5454545455,
						3,
						0
					],
					[
						72545.4545454545,
						1,
						0
					],
					[
						72409.0909090909,
						3,
						0
					],
					[
						72681.8181818182,
						0,
						0
					],
					[
						73090.9090909091,
						2,
						272.727272727273
					],
					[
						73090.9090909091,
						5,
						272.727272727273
					],
					[
						72000,
						6,
						0
					],
					[
						72136.3636363636,
						7,
						0
					],
					[
						72409.0909090909,
						6,
						0
					],
					[
						72545.4545454545,
						4,
						0
					],
					[
						72818.1818181818,
						7,
						0
					],
					[
						72954.5454545455,
						4,
						0
					]
				],
				"mustHitSection": false
			},
			{
				"lengthInSteps": 16,
				"sectionNotes": [],
				"mustHitSection": false
			},
			{
				"lengthInSteps": 16,
				"sectionNotes": [],
				"mustHitSection": false
			},
			{
				"lengthInSteps": 16,
				"sectionNotes": [],
				"mustHitSection": false
			},
			{
				"lengthInSteps": 16,
				"sectionNotes": [],
				"mustHitSection": false
			},
			{
				"lengthInSteps": 16,
				"sectionNotes": [],
				"mustHitSection": true
			},
			{
				"lengthInSteps": 16,
				"sectionNotes": [],
				"mustHitSection": false
			},
			{
				"lengthInSteps": 16,
				"sectionNotes": [],
				"mustHitSection": true
			},
			{
				"lengthInSteps": 16,
				"sectionNotes": [],
				"mustHitSection": true
			},
			{
				"lengthInSteps": 16,
				"sectionNotes": [],
				"mustHitSection": true
			},
			{
				"lengthInSteps": 16,
				"sectionNotes": [],
				"mustHitSection": true
			},
			{
				"lengthInSteps": 16,
				"sectionNotes": [],
				"mustHitSection": true
			},
			{
				"lengthInSteps": 16,
				"sectionNotes": [],
				"mustHitSection": true
			},
			{
				"lengthInSteps": 16,
				"sectionNotes": [],
				"mustHitSection": true
			},
			{
				"lengthInSteps": 16,
				"sectionNotes": [],
				"mustHitSection": true
			},
			{
				"lengthInSteps": 16,
				"sectionNotes": [],
				"mustHitSection": true
			},
			{
				"lengthInSteps": 16,
				"sectionNotes": [],
				"mustHitSection": true
			},
			{
				"lengthInSteps": 16,
				"sectionNotes": [],
				"mustHitSection": true
			},
			{
				"lengthInSteps": 16,
				"sectionNotes": [],
				"mustHitSection": true
			},
			{
				"lengthInSteps": 16,
				"sectionNotes": [],
				"mustHitSection": true
			},
			{
				"lengthInSteps": 16,
				"sectionNotes": [],
				"mustHitSection": true
			},
			{
				"lengthInSteps": 16,
				"sectionNotes": [],
				"mustHitSection": true
			},
			{
				"lengthInSteps": 16,
				"sectionNotes": [],
				"mustHitSection": true
			},
			{
				"lengthInSteps": 16,
				"sectionNotes": [],
				"mustHitSection": false
			},
			{
				"lengthInSteps": 16,
				"sectionNotes": [],
				"mustHitSection": false
			},
			{
				"lengthInSteps": 16,
				"sectionNotes": [],
				"mustHitSection": false
			},
			{
				"lengthInSteps": 16,
				"sectionNotes": [],
				"mustHitSection": false
			},
			{
				"lengthInSteps": 16,
				"sectionNotes": [],
				"mustHitSection": true
			},
			{
				"lengthInSteps": 16,
				"sectionNotes": [],
				"mustHitSection": true
			},
			{
				"lengthInSteps": 16,
				"sectionNotes": [],
				"mustHitSection": true
			},
			{
				"lengthInSteps": 16,
				"sectionNotes": [],
				"mustHitSection": true
			},
			{
				"lengthInSteps": 16,
				"sectionNotes": [],
				"mustHitSection": false
			},
			{
				"sectionBeats": 4,
				"sectionNotes": [],
				"typeOfSection": 0,
				"gfSection": false,
				"altAnim": false,
				"mustHitSection": false,
				"changeBPM": false,
				"bpm": 180
			},
			{
				"sectionBeats": 4,
				"sectionNotes": [],
				"typeOfSection": 0,
				"gfSection": false,
				"altAnim": false,
				"mustHitSection": false,
				"changeBPM": false,
				"bpm": 168
			},
			{
				"sectionBeats": 4,
				"sectionNotes": [],
				"typeOfSection": 0,
				"gfSection": false,
				"altAnim": false,
				"mustHitSection": false,
				"changeBPM": false,
				"bpm": 168
			},
			{
				"sectionBeats": 4,
				"sectionNotes": [],
				"typeOfSection": 0,
				"gfSection": false,
				"altAnim": false,
				"mustHitSection": true,
				"changeBPM": false,
				"bpm": 168
			},
			{
				"sectionBeats": 4,
				"sectionNotes": [],
				"typeOfSection": 0,
				"gfSection": false,
				"altAnim": false,
				"mustHitSection": true,
				"changeBPM": false,
				"bpm": 168
			},
			{
				"sectionBeats": 4,
				"sectionNotes": [],
				"typeOfSection": 0,
				"gfSection": false,
				"altAnim": false,
				"mustHitSection": true,
				"changeBPM": false,
				"bpm": 168
			},
			{
				"sectionBeats": 4,
				"sectionNotes": [],
				"typeOfSection": 0,
				"gfSection": false,
				"altAnim": false,
				"mustHitSection": true,
				"changeBPM": false,
				"bpm": 168
			},
			{
				"sectionBeats": 4,
				"sectionNotes": [],
				"typeOfSection": 0,
				"gfSection": false,
				"altAnim": false,
				"mustHitSection": false,
				"changeBPM": false,
				"bpm": 168
			},
			{
				"sectionBeats": 4,
				"sectionNotes": [],
				"typeOfSection": 0,
				"gfSection": false,
				"altAnim": false,
				"mustHitSection": false,
				"changeBPM": false,
				"bpm": 168
			},
			{
				"sectionBeats": 4,
				"sectionNotes": [],
				"typeOfSection": 0,
				"gfSection": false,
				"altAnim": false,
				"mustHitSection": false,
				"changeBPM": false,
				"bpm": 168
			},
			{
				"sectionBeats": 4,
				"sectionNotes": [],
				"typeOfSection": 0,
				"gfSection": false,
				"altAnim": false,
				"mustHitSection": false,
				"changeBPM": false,
				"bpm": 168
			},
			{
				"sectionBeats": 4,
				"sectionNotes": [],
				"typeOfSection": 0,
				"gfSection": false,
				"altAnim": false,
				"mustHitSection": true,
				"changeBPM": false,
				"bpm": 168
			},
			{
				"sectionBeats": 4,
				"sectionNotes": [],
				"typeOfSection": 0,
				"gfSection": false,
				"altAnim": false,
				"mustHitSection": true,
				"changeBPM": false,
				"bpm": 168
			},
			{
				"sectionBeats": 4,
				"sectionNotes": [],
				"typeOfSection": 0,
				"gfSection": false,
				"altAnim": false,
				"mustHitSection": true,
				"changeBPM": false,
				"bpm": 168
			},
			{
				"sectionBeats": 4,
				"sectionNotes": [],
				"typeOfSection": 0,
				"gfSection": false,
				"altAnim": false,
				"mustHitSection": true,
				"changeBPM": false,
				"bpm": 168
			},
			{
				"sectionBeats": 4,
				"sectionNotes": [],
				"typeOfSection": 0,
				"gfSection": false,
				"altAnim": false,
				"mustHitSection": false,
				"changeBPM": false,
				"bpm": 168
			},
			{
				"sectionBeats": 4,
				"sectionNotes": [],
				"typeOfSection": 0,
				"gfSection": false,
				"altAnim": false,
				"mustHitSection": false,
				"changeBPM": false,
				"bpm": 168
			},
			{
				"sectionBeats": 4,
				"sectionNotes": [],
				"typeOfSection": 0,
				"gfSection": false,
				"altAnim": false,
				"mustHitSection": false,
				"changeBPM": false,
				"bpm": 168
			},
			{
				"sectionBeats": 4,
				"sectionNotes": [],
				"typeOfSection": 0,
				"gfSection": false,
				"altAnim": false,
				"mustHitSection": false,
				"changeBPM": false,
				"bpm": 168
			},
			{
				"sectionBeats": 4,
				"sectionNotes": [],
				"typeOfSection": 0,
				"gfSection": false,
				"altAnim": false,
				"mustHitSection": false,
				"changeBPM": false,
				"bpm": 168
			},
			{
				"sectionBeats": 4,
				"sectionNotes": [],
				"typeOfSection": 0,
				"gfSection": false,
				"altAnim": false,
				"mustHitSection": false,
				"changeBPM": false,
				"bpm": 168
			},
			{
				"sectionBeats": 4,
				"sectionNotes": [],
				"typeOfSection": 0,
				"gfSection": false,
				"altAnim": false,
				"mustHitSection": false,
				"changeBPM": false,
				"bpm": 168
			},
			{
				"sectionBeats": 4,
				"sectionNotes": [],
				"typeOfSection": 0,
				"gfSection": false,
				"altAnim": false,
				"mustHitSection": false,
				"changeBPM": false,
				"bpm": 168
			},
			{
				"sectionBeats": 4,
				"sectionNotes": [],
				"typeOfSection": 0,
				"gfSection": false,
				"altAnim": false,
				"mustHitSection": true,
				"changeBPM": false,
				"bpm": 168
			},
			{
				"sectionBeats": 4,
				"sectionNotes": [],
				"typeOfSection": 0,
				"gfSection": false,
				"altAnim": false,
				"mustHitSection": true,
				"changeBPM": false,
				"bpm": 168
			},
			{
				"sectionBeats": 4,
				"sectionNotes": [],
				"typeOfSection": 0,
				"gfSection": false,
				"altAnim": false,
				"mustHitSection": true,
				"changeBPM": false,
				"bpm": 168
			},
			{
				"sectionBeats": 4,
				"sectionNotes": [],
				"typeOfSection": 0,
				"gfSection": false,
				"altAnim": false,
				"mustHitSection": true,
				"changeBPM": false,
				"bpm": 168
			},
			{
				"sectionBeats": 4,
				"sectionNotes": [],
				"typeOfSection": 0,
				"gfSection": false,
				"altAnim": false,
				"mustHitSection": false,
				"changeBPM": false,
				"bpm": 168
			},
			{
				"sectionBeats": 4,
				"sectionNotes": [],
				"typeOfSection": 0,
				"gfSection": false,
				"altAnim": false,
				"mustHitSection": false,
				"changeBPM": false,
				"bpm": 168
			},
			{
				"sectionBeats": 4,
				"sectionNotes": [],
				"typeOfSection": 0,
				"gfSection": false,
				"altAnim": false,
				"mustHitSection": false,
				"changeBPM": false,
				"bpm": 168
			},
			{
				"sectionBeats": 4,
				"sectionNotes": [],
				"typeOfSection": 0,
				"gfSection": false,
				"altAnim": false,
				"mustHitSection": false,
				"changeBPM": false,
				"bpm": 168
			},
			{
				"sectionBeats": 4,
				"sectionNotes": [],
				"typeOfSection": 0,
				"gfSection": false,
				"altAnim": false,
				"mustHitSection": true,
				"changeBPM": false,
				"bpm": 168
			},
			{
				"sectionBeats": 4,
				"sectionNotes": [],
				"typeOfSection": 0,
				"gfSection": false,
				"altAnim": false,
				"mustHitSection": false,
				"changeBPM": false,
				"bpm": 168
			},
			{
				"sectionBeats": 4,
				"sectionNotes": [],
				"typeOfSection": 0,
				"gfSection": false,
				"altAnim": false,
				"mustHitSection": false,
				"changeBPM": false,
				"bpm": 168
			},
			{
				"sectionBeats": 4,
				"sectionNotes": [],
				"typeOfSection": 0,
				"gfSection": false,
				"altAnim": false,
				"mustHitSection": false,
				"changeBPM": false,
				"bpm": 168
			},
			{
				"sectionBeats": 4,
				"sectionNotes": [],
				"typeOfSection": 0,
				"gfSection": false,
				"altAnim": false,
				"mustHitSection": false,
				"changeBPM": false,
				"bpm": 168
			},
			{
				"sectionBeats": 4,
				"sectionNotes": [],
				"typeOfSection": 0,
				"gfSection": false,
				"altAnim": false,
				"mustHitSection": false,
				"changeBPM": false,
				"bpm": 168
			},
			{
				"sectionBeats": 4,
				"sectionNotes": [],
				"typeOfSection": 0,
				"gfSection": false,
				"altAnim": false,
				"mustHitSection": false,
				"changeBPM": false,
				"bpm": 168
			},
			{
				"sectionBeats": 4,
				"sectionNotes": [],
				"typeOfSection": 0,
				"gfSection": false,
				"altAnim": false,
				"mustHitSection": false,
				"changeBPM": false,
				"bpm": 168
			},
			{
				"sectionBeats": 4,
				"sectionNotes": [],
				"typeOfSection": 0,
				"gfSection": false,
				"altAnim": false,
				"mustHitSection": false,
				"changeBPM": false,
				"bpm": 168
			},
			{
				"sectionBeats": 4,
				"sectionNotes": [],
				"typeOfSection": 0,
				"gfSection": false,
				"altAnim": false,
				"mustHitSection": false,
				"changeBPM": false,
				"bpm": 168
			},
			{
				"sectionBeats": 4,
				"sectionNotes": [],
				"typeOfSection": 0,
				"gfSection": false,
				"altAnim": false,
				"mustHitSection": false,
				"changeBPM": false,
				"bpm": 168
			},
			{
				"sectionBeats": 4,
				"sectionNotes": [],
				"typeOfSection": 0,
				"gfSection": false,
				"altAnim": false,
				"mustHitSection": false,
				"changeBPM": false,
				"bpm": 168
			},
			{
				"sectionBeats": 4,
				"sectionNotes": [],
				"typeOfSection": 0,
				"gfSection": false,
				"altAnim": false,
				"mustHitSection": true,
				"changeBPM": false,
				"bpm": 168
			},
			{
				"sectionBeats": 4,
				"sectionNotes": [],
				"typeOfSection": 0,
				"gfSection": false,
				"altAnim": false,
				"mustHitSection": true,
				"changeBPM": false,
				"bpm": 168
			},
			{
				"sectionBeats": 4,
				"sectionNotes": [],
				"typeOfSection": 0,
				"gfSection": false,
				"altAnim": false,
				"mustHitSection": true,
				"changeBPM": false,
				"bpm": 168
			},
			{
				"sectionBeats": 4,
				"sectionNotes": [],
				"typeOfSection": 0,
				"gfSection": false,
				"altAnim": false,
				"mustHitSection": true,
				"changeBPM": false,
				"bpm": 168
			},
			{
				"sectionBeats": 4,
				"sectionNotes": [],
				"typeOfSection": 0,
				"gfSection": false,
				"altAnim": false,
				"mustHitSection": false,
				"changeBPM": false,
				"bpm": 168
			},
			{
				"sectionBeats": 4,
				"sectionNotes": [],
				"typeOfSection": 0,
				"gfSection": false,
				"altAnim": false,
				"mustHitSection": false,
				"changeBPM": false,
				"bpm": 168
			},
			{
				"sectionBeats": 4,
				"sectionNotes": [],
				"typeOfSection": 0,
				"gfSection": false,
				"altAnim": false,
				"mustHitSection": false,
				"changeBPM": false,
				"bpm": 168
			},
			{
				"sectionBeats": 4,
				"sectionNotes": [],
				"typeOfSection": 0,
				"gfSection": false,
				"altAnim": false,
				"mustHitSection": false,
				"changeBPM": false,
				"bpm": 168
			},
			{
				"sectionBeats": 4,
				"sectionNotes": [],
				"typeOfSection": 0,
				"gfSection": false,
				"altAnim": false,
				"mustHitSection": true,
				"changeBPM": false,
				"bpm": 168
			},
			{
				"sectionBeats": 4,
				"sectionNotes": [],
				"typeOfSection": 0,
				"gfSection": false,
				"altAnim": false,
				"mustHitSection": true,
				"changeBPM": false,
				"bpm": 168
			},
			{
				"sectionBeats": 4,
				"sectionNotes": [],
				"typeOfSection": 0,
				"gfSection": false,
				"altAnim": false,
				"mustHitSection": true,
				"changeBPM": false,
				"bpm": 168
			},
			{
				"sectionBeats": 4,
				"sectionNotes": [],
				"typeOfSection": 0,
				"gfSection": false,
				"altAnim": false,
				"mustHitSection": true,
				"changeBPM": false,
				"bpm": 168
			},
			{
				"sectionBeats": 4,
				"sectionNotes": [],
				"typeOfSection": 0,
				"gfSection": false,
				"altAnim": false,
				"mustHitSection": false,
				"changeBPM": false,
				"bpm": 168
			},
			{
				"sectionBeats": 4,
				"sectionNotes": [],
				"typeOfSection": 0,
				"gfSection": false,
				"altAnim": false,
				"mustHitSection": false,
				"changeBPM": false,
				"bpm": 168
			},
			{
				"sectionBeats": 4,
				"sectionNotes": [],
				"typeOfSection": 0,
				"gfSection": false,
				"altAnim": false,
				"mustHitSection": true,
				"changeBPM": false,
				"bpm": 168
			},
			{
				"sectionBeats": 4,
				"sectionNotes": [],
				"typeOfSection": 0,
				"gfSection": false,
				"altAnim": false,
				"mustHitSection": true,
				"changeBPM": false,
				"bpm": 168
			},
			{
				"sectionBeats": 4,
				"sectionNotes": [],
				"typeOfSection": 0,
				"gfSection": false,
				"altAnim": false,
				"mustHitSection": false,
				"changeBPM": false,
				"bpm": 168
			},
			{
				"sectionBeats": 4,
				"sectionNotes": [],
				"typeOfSection": 0,
				"gfSection": false,
				"altAnim": false,
				"mustHitSection": true,
				"changeBPM": false,
				"bpm": 168
			},
			{
				"sectionBeats": 4,
				"sectionNotes": [],
				"typeOfSection": 0,
				"gfSection": false,
				"altAnim": false,
				"mustHitSection": true,
				"changeBPM": false,
				"bpm": 168
			},
			{
				"sectionBeats": 4,
				"sectionNotes": [],
				"typeOfSection": 0,
				"gfSection": false,
				"altAnim": false,
				"mustHitSection": true,
				"changeBPM": false,
				"bpm": 168
			},
			{
				"sectionBeats": 4,
				"sectionNotes": [],
				"typeOfSection": 0,
				"gfSection": false,
				"altAnim": false,
				"mustHitSection": false,
				"changeBPM": false,
				"bpm": 168
			},
			{
				"sectionBeats": 4,
				"sectionNotes": [],
				"typeOfSection": 0,
				"gfSection": false,
				"altAnim": false,
				"mustHitSection": false,
				"changeBPM": false,
				"bpm": 168
			},
			{
				"sectionBeats": 4,
				"sectionNotes": [],
				"typeOfSection": 0,
				"gfSection": false,
				"altAnim": false,
				"mustHitSection": true,
				"changeBPM": false,
				"bpm": 168
			},
			{
				"sectionBeats": 4,
				"sectionNotes": [],
				"typeOfSection": 0,
				"gfSection": false,
				"altAnim": false,
				"mustHitSection": true,
				"changeBPM": false,
				"bpm": 168
			},
			{
				"sectionBeats": 4,
				"sectionNotes": [],
				"typeOfSection": 0,
				"gfSection": false,
				"altAnim": false,
				"mustHitSection": true,
				"changeBPM": false,
				"bpm": 168
			},
			{
				"sectionBeats": 4,
				"sectionNotes": [],
				"typeOfSection": 0,
				"gfSection": false,
				"altAnim": false,
				"mustHitSection": true,
				"changeBPM": false,
				"bpm": 168
			},
			{
				"sectionBeats": 4,
				"sectionNotes": [],
				"typeOfSection": 0,
				"gfSection": false,
				"altAnim": false,
				"mustHitSection": true,
				"changeBPM": false,
				"bpm": 168
			},
			{
				"sectionBeats": 4,
				"sectionNotes": [],
				"typeOfSection": 0,
				"gfSection": true,
				"altAnim": false,
				"mustHitSection": true,
				"changeBPM": false,
				"bpm": 168
			},
			{
				"sectionBeats": 4,
				"sectionNotes": [],
				"typeOfSection": 0,
				"gfSection": true,
				"altAnim": false,
				"mustHitSection": true,
				"changeBPM": false,
				"bpm": 168
			},
			{
				"sectionBeats": 4,
				"sectionNotes": [],
				"typeOfSection": 0,
				"gfSection": true,
				"altAnim": false,
				"mustHitSection": true,
				"changeBPM": false,
				"bpm": 168
			},
			{
				"sectionBeats": 4,
				"sectionNotes": [],
				"typeOfSection": 0,
				"gfSection": true,
				"altAnim": false,
				"mustHitSection": true,
				"changeBPM": false,
				"bpm": 168
			},
			{
				"sectionBeats": 4,
				"sectionNotes": [],
				"typeOfSection": 0,
				"gfSection": true,
				"altAnim": false,
				"mustHitSection": true,
				"changeBPM": false,
				"bpm": 168
			},
			{
				"sectionBeats": 4,
				"sectionNotes": [],
				"typeOfSection": 0,
				"gfSection": true,
				"altAnim": false,
				"mustHitSection": true,
				"changeBPM": false,
				"bpm": 168
			},
			{
				"sectionBeats": 4,
				"sectionNotes": [],
				"typeOfSection": 0,
				"gfSection": true,
				"altAnim": false,
				"mustHitSection": true,
				"changeBPM": false,
				"bpm": 168
			},
			{
				"sectionBeats": 4,
				"sectionNotes": [],
				"typeOfSection": 0,
				"gfSection": true,
				"altAnim": false,
				"mustHitSection": true,
				"changeBPM": false,
				"bpm": 168
			},
			{
				"sectionBeats": 4,
				"sectionNotes": [],
				"typeOfSection": 0,
				"gfSection": true,
				"altAnim": false,
				"mustHitSection": true,
				"changeBPM": false,
				"bpm": 168
			},
			{
				"sectionBeats": 4,
				"sectionNotes": [],
				"typeOfSection": 0,
				"gfSection": true,
				"altAnim": false,
				"mustHitSection": true,
				"changeBPM": false,
				"bpm": 168
			},
			{
				"sectionBeats": 4,
				"sectionNotes": [],
				"typeOfSection": 0,
				"gfSection": true,
				"altAnim": false,
				"mustHitSection": true,
				"changeBPM": false,
				"bpm": 168
			},
			{
				"sectionBeats": 4,
				"sectionNotes": [],
				"typeOfSection": 0,
				"gfSection": true,
				"altAnim": false,
				"mustHitSection": true,
				"changeBPM": false,
				"bpm": 168
			},
			{
				"sectionBeats": 4,
				"sectionNotes": [],
				"typeOfSection": 0,
				"gfSection": true,
				"altAnim": false,
				"mustHitSection": true,
				"changeBPM": false,
				"bpm": 168
			},
			{
				"sectionBeats": 4,
				"sectionNotes": [],
				"typeOfSection": 0,
				"gfSection": false,
				"altAnim": false,
				"mustHitSection": true,
				"changeBPM": false,
				"bpm": 168
			},
			{
				"sectionBeats": 4,
				"sectionNotes": [],
				"typeOfSection": 0,
				"gfSection": false,
				"altAnim": false,
				"mustHitSection": true,
				"changeBPM": false,
				"bpm": 168
			},
			{
				"sectionBeats": 4,
				"sectionNotes": [],
				"typeOfSection": 0,
				"gfSection": false,
				"altAnim": false,
				"mustHitSection": true,
				"changeBPM": false,
				"bpm": 168
			},
			{
				"typeOfSection": 0,
				"sectionNotes": [],
				"sectionBeats": 4,
				"altAnim": false,
				"gfSection": false,
				"bpm": 168,
				"changeBPM": false,
				"mustHitSection": true
			},
			{
				"sectionBeats": 4,
				"sectionNotes": [],
				"typeOfSection": 0,
				"gfSection": false,
				"altAnim": false,
				"mustHitSection": true,
				"changeBPM": false,
				"bpm": 168
			},
			{
				"typeOfSection": 0,
				"sectionNotes": [],
				"sectionBeats": 4,
				"altAnim": false,
				"gfSection": false,
				"bpm": 168,
				"changeBPM": false,
				"mustHitSection": true
			},
			{
				"sectionBeats": 4,
				"sectionNotes": [],
				"typeOfSection": 0,
				"gfSection": false,
				"altAnim": false,
				"mustHitSection": true,
				"changeBPM": false,
				"bpm": 168
			},
			{
				"sectionBeats": 4,
				"sectionNotes": [],
				"typeOfSection": 0,
				"gfSection": false,
				"altAnim": false,
				"mustHitSection": true,
				"changeBPM": false,
				"bpm": 168
			},
			{
				"sectionBeats": 4,
				"sectionNotes": [],
				"typeOfSection": 0,
				"gfSection": false,
				"altAnim": false,
				"mustHitSection": true,
				"changeBPM": false,
				"bpm": 168
			},
			{
				"sectionBeats": 4,
				"sectionNotes": [],
				"typeOfSection": 0,
				"gfSection": false,
				"altAnim": false,
				"mustHitSection": true,
				"changeBPM": false,
				"bpm": 168
			},
			{
				"typeOfSection": 0,
				"sectionNotes": [],
				"sectionBeats": 4,
				"altAnim": false,
				"gfSection": false,
				"bpm": 168,
				"changeBPM": false,
				"mustHitSection": true
			},
			{
				"typeOfSection": 0,
				"sectionNotes": [],
				"sectionBeats": 4,
				"altAnim": false,
				"gfSection": false,
				"bpm": 168,
				"changeBPM": false,
				"mustHitSection": true
			},
			{
				"sectionBeats": 4,
				"sectionNotes": [],
				"typeOfSection": 0,
				"gfSection": false,
				"altAnim": false,
				"mustHitSection": true,
				"changeBPM": false,
				"bpm": 168
			},
			{
				"typeOfSection": 0,
				"sectionNotes": [],
				"sectionBeats": 4,
				"altAnim": false,
				"gfSection": false,
				"bpm": 168,
				"changeBPM": false,
				"mustHitSection": true
			},
			{
				"sectionBeats": 4,
				"sectionNotes": [],
				"typeOfSection": 0,
				"gfSection": false,
				"altAnim": false,
				"mustHitSection": true,
				"changeBPM": false,
				"bpm": 168
			},
			{
				"typeOfSection": 0,
				"sectionNotes": [],
				"sectionBeats": 4,
				"altAnim": false,
				"gfSection": false,
				"bpm": 168,
				"changeBPM": false,
				"mustHitSection": true
			},
			{
				"typeOfSection": 0,
				"sectionNotes": [],
				"sectionBeats": 4,
				"altAnim": false,
				"gfSection": false,
				"bpm": 168,
				"changeBPM": false,
				"mustHitSection": true
			},
			{
				"typeOfSection": 0,
				"sectionNotes": [],
				"sectionBeats": 4,
				"altAnim": false,
				"gfSection": false,
				"bpm": 168,
				"changeBPM": false,
				"mustHitSection": true
			},
			{
				"sectionBeats": 4,
				"sectionNotes": [],
				"typeOfSection": 0,
				"gfSection": false,
				"altAnim": false,
				"mustHitSection": true,
				"changeBPM": false,
				"bpm": 168
			},
			{
				"sectionBeats": 4,
				"sectionNotes": [],
				"typeOfSection": 0,
				"gfSection": false,
				"altAnim": false,
				"mustHitSection": true,
				"changeBPM": false,
				"bpm": 168
			},
			{
				"sectionBeats": 4,
				"sectionNotes": [],
				"typeOfSection": 0,
				"gfSection": false,
				"altAnim": false,
				"mustHitSection": true,
				"changeBPM": false,
				"bpm": 168
			},
			{
				"sectionBeats": 4,
				"sectionNotes": [],
				"typeOfSection": 0,
				"gfSection": false,
				"altAnim": false,
				"mustHitSection": true,
				"changeBPM": false,
				"bpm": 168
			},
			{
				"sectionBeats": 4,
				"sectionNotes": [],
				"typeOfSection": 0,
				"gfSection": false,
				"altAnim": false,
				"mustHitSection": true,
				"changeBPM": false,
				"bpm": 168
			},
			{
				"sectionBeats": 4,
				"sectionNotes": [],
				"typeOfSection": 0,
				"gfSection": false,
				"altAnim": false,
				"mustHitSection": true,
				"changeBPM": false,
				"bpm": 178
			},
			{
				"sectionBeats": 4,
				"sectionNotes": [],
				"typeOfSection": 0,
				"gfSection": false,
				"altAnim": false,
				"mustHitSection": true,
				"changeBPM": false,
				"bpm": 178
			},
			{
				"sectionBeats": 4,
				"sectionNotes": [],
				"typeOfSection": 0,
				"gfSection": false,
				"altAnim": false,
				"mustHitSection": true,
				"changeBPM": false,
				"bpm": 178
			},
			{
				"sectionBeats": 4,
				"sectionNotes": [],
				"typeOfSection": 0,
				"gfSection": false,
				"altAnim": false,
				"mustHitSection": true,
				"changeBPM": false,
				"bpm": 178
			},
			{
				"sectionBeats": 4,
				"sectionNotes": [],
				"typeOfSection": 0,
				"gfSection": false,
				"altAnim": false,
				"mustHitSection": true,
				"changeBPM": false,
				"bpm": 178
			},
			{
				"sectionBeats": 4,
				"sectionNotes": [],
				"typeOfSection": 0,
				"gfSection": false,
				"altAnim": false,
				"mustHitSection": true,
				"changeBPM": false,
				"bpm": 178
			},
			{
				"sectionBeats": 4,
				"sectionNotes": [],
				"typeOfSection": 0,
				"gfSection": false,
				"altAnim": false,
				"mustHitSection": true,
				"changeBPM": false,
				"bpm": 178
			},
			{
				"sectionBeats": 4,
				"sectionNotes": [],
				"typeOfSection": 0,
				"gfSection": false,
				"altAnim": false,
				"mustHitSection": true,
				"changeBPM": false,
				"bpm": 178
			},
			{
				"sectionBeats": 4,
				"sectionNotes": [],
				"typeOfSection": 0,
				"gfSection": false,
				"altAnim": false,
				"mustHitSection": true,
				"changeBPM": false,
				"bpm": 178
			},
			{
				"sectionBeats": 4,
				"sectionNotes": [],
				"typeOfSection": 0,
				"gfSection": false,
				"altAnim": false,
				"mustHitSection": true,
				"changeBPM": false,
				"bpm": 178
			},
			{
				"sectionBeats": 4,
				"sectionNotes": [],
				"typeOfSection": 0,
				"gfSection": false,
				"altAnim": false,
				"mustHitSection": true,
				"changeBPM": false,
				"bpm": 178
			},
			{
				"sectionBeats": 4,
				"sectionNotes": [],
				"typeOfSection": 0,
				"gfSection": false,
				"altAnim": false,
				"mustHitSection": true,
				"changeBPM": false,
				"bpm": 178
			},
			{
				"sectionBeats": 4,
				"sectionNotes": [],
				"typeOfSection": 0,
				"gfSection": false,
				"altAnim": false,
				"mustHitSection": true,
				"changeBPM": false,
				"bpm": 178
			},
			{
				"sectionBeats": 4,
				"sectionNotes": [],
				"typeOfSection": 0,
				"gfSection": false,
				"altAnim": false,
				"mustHitSection": true,
				"changeBPM": false,
				"bpm": 178
			},
			{
				"typeOfSection": 0,
				"sectionNotes": [],
				"sectionBeats": 4,
				"altAnim": false,
				"gfSection": false,
				"bpm": 178,
				"changeBPM": false,
				"mustHitSection": true
			},
			{
				"typeOfSection": 0,
				"sectionNotes": [],
				"sectionBeats": 4,
				"altAnim": false,
				"gfSection": false,
				"bpm": 160,
				"changeBPM": false,
				"mustHitSection": true
			},
			{
				"typeOfSection": 0,
				"sectionNotes": [],
				"sectionBeats": 4,
				"altAnim": false,
				"gfSection": false,
				"bpm": 160,
				"changeBPM": false,
				"mustHitSection": true
			},
			{
				"typeOfSection": 0,
				"sectionNotes": [],
				"sectionBeats": 4,
				"altAnim": false,
				"gfSection": false,
				"bpm": 160,
				"changeBPM": false,
				"mustHitSection": true
			},
			{
				"typeOfSection": 0,
				"sectionNotes": [],
				"sectionBeats": 4,
				"altAnim": false,
				"gfSection": false,
				"bpm": 160,
				"changeBPM": false,
				"mustHitSection": true
			},
			{
				"typeOfSection": 0,
				"sectionNotes": [],
				"sectionBeats": 4,
				"altAnim": false,
				"gfSection": false,
				"bpm": 160,
				"changeBPM": false,
				"mustHitSection": true
			},
			{
				"typeOfSection": 0,
				"sectionNotes": [],
				"sectionBeats": 4,
				"altAnim": false,
				"gfSection": false,
				"bpm": 160,
				"changeBPM": false,
				"mustHitSection": true
			},
			{
				"sectionBeats": 4,
				"sectionNotes": [],
				"typeOfSection": 0,
				"gfSection": false,
				"altAnim": false,
				"mustHitSection": true,
				"changeBPM": false,
				"bpm": 160
			},
			{
				"sectionBeats": 4,
				"sectionNotes": [],
				"typeOfSection": 0,
				"gfSection": false,
				"altAnim": false,
				"mustHitSection": true,
				"changeBPM": false,
				"bpm": 160
			},
			{
				"sectionBeats": 4,
				"sectionNotes": [],
				"typeOfSection": 0,
				"gfSection": false,
				"altAnim": false,
				"mustHitSection": true,
				"changeBPM": false,
				"bpm": 160
			},
			{
				"sectionBeats": 4,
				"sectionNotes": [],
				"typeOfSection": 0,
				"gfSection": false,
				"altAnim": false,
				"mustHitSection": true,
				"changeBPM": false,
				"bpm": 160
			},
			{
				"sectionBeats": 4,
				"sectionNotes": [],
				"typeOfSection": 0,
				"gfSection": false,
				"altAnim": false,
				"mustHitSection": true,
				"changeBPM": false,
				"bpm": 160
			},
			{
				"sectionBeats": 4,
				"sectionNotes": [],
				"typeOfSection": 0,
				"gfSection": false,
				"altAnim": false,
				"mustHitSection": true,
				"changeBPM": false,
				"bpm": 160
			},
			{
				"typeOfSection": 0,
				"sectionNotes": [],
				"sectionBeats": 4,
				"altAnim": false,
				"gfSection": false,
				"bpm": 160,
				"changeBPM": false,
				"mustHitSection": true
			},
			{
				"typeOfSection": 0,
				"sectionNotes": [],
				"sectionBeats": 4,
				"altAnim": false,
				"gfSection": false,
				"bpm": 160,
				"changeBPM": false,
				"mustHitSection": true
			},
			{
				"typeOfSection": 0,
				"sectionNotes": [],
				"sectionBeats": 4,
				"altAnim": false,
				"gfSection": false,
				"bpm": 160,
				"changeBPM": false,
				"mustHitSection": true
			},
			{
				"typeOfSection": 0,
				"sectionNotes": [],
				"sectionBeats": 4,
				"altAnim": false,
				"gfSection": false,
				"bpm": 160,
				"changeBPM": false,
				"mustHitSection": true
			},
			{
				"typeOfSection": 0,
				"sectionNotes": [],
				"sectionBeats": 4,
				"altAnim": false,
				"gfSection": false,
				"bpm": 160,
				"changeBPM": false,
				"mustHitSection": true
			},
			{
				"sectionBeats": 4,
				"sectionNotes": [],
				"typeOfSection": 0,
				"gfSection": false,
				"altAnim": false,
				"mustHitSection": true,
				"changeBPM": false,
				"bpm": 160
			},
			{
				"sectionBeats": 4,
				"sectionNotes": [],
				"typeOfSection": 0,
				"gfSection": false,
				"altAnim": false,
				"mustHitSection": true,
				"changeBPM": false,
				"bpm": 160
			},
			{
				"sectionBeats": 4,
				"sectionNotes": [],
				"typeOfSection": 0,
				"gfSection": false,
				"altAnim": false,
				"mustHitSection": true,
				"changeBPM": false,
				"bpm": 160
			},
			{
				"sectionBeats": 4,
				"sectionNotes": [],
				"typeOfSection": 0,
				"gfSection": false,
				"altAnim": false,
				"mustHitSection": true,
				"changeBPM": false,
				"bpm": 160
			},
			{
				"typeOfSection": 0,
				"sectionNotes": [],
				"sectionBeats": 4,
				"altAnim": false,
				"gfSection": false,
				"bpm": 160,
				"changeBPM": false,
				"mustHitSection": true
			},
			{
				"typeOfSection": 0,
				"sectionNotes": [],
				"sectionBeats": 4,
				"altAnim": false,
				"gfSection": false,
				"bpm": 160,
				"changeBPM": false,
				"mustHitSection": true
			},
			{
				"sectionBeats": 4,
				"sectionNotes": [],
				"typeOfSection": 0,
				"gfSection": false,
				"altAnim": false,
				"mustHitSection": true,
				"changeBPM": false,
				"bpm": 160
			},
			{
				"sectionBeats": 4,
				"sectionNotes": [],
				"typeOfSection": 0,
				"gfSection": false,
				"altAnim": false,
				"mustHitSection": true,
				"changeBPM": false,
				"bpm": 130
			},
			{
				"sectionBeats": 4,
				"sectionNotes": [],
				"typeOfSection": 0,
				"gfSection": false,
				"altAnim": false,
				"mustHitSection": true,
				"changeBPM": false,
				"bpm": 130
			},
			{
				"sectionBeats": 4,
				"sectionNotes": [],
				"typeOfSection": 0,
				"gfSection": false,
				"altAnim": false,
				"mustHitSection": true,
				"changeBPM": false,
				"bpm": 130
			},
			{
				"sectionBeats": 4,
				"sectionNotes": [],
				"typeOfSection": 0,
				"gfSection": false,
				"altAnim": false,
				"mustHitSection": true,
				"changeBPM": false,
				"bpm": 130
			},
			{
				"sectionBeats": 4,
				"sectionNotes": [],
				"typeOfSection": 0,
				"gfSection": false,
				"altAnim": false,
				"mustHitSection": true,
				"changeBPM": false,
				"bpm": 130
			},
			{
				"sectionBeats": 4,
				"sectionNotes": [],
				"typeOfSection": 0,
				"gfSection": false,
				"altAnim": false,
				"mustHitSection": true,
				"changeBPM": false,
				"bpm": 130
			},
			{
				"sectionBeats": 4,
				"sectionNotes": [],
				"typeOfSection": 0,
				"gfSection": false,
				"altAnim": false,
				"mustHitSection": true,
				"changeBPM": false,
				"bpm": 130
			},
			{
				"sectionBeats": 4,
				"sectionNotes": [],
				"typeOfSection": 0,
				"gfSection": false,
				"altAnim": false,
				"mustHitSection": true,
				"changeBPM": false,
				"bpm": 130
			},
			{
				"sectionBeats": 4,
				"sectionNotes": [],
				"typeOfSection": 0,
				"gfSection": false,
				"altAnim": false,
				"mustHitSection": true,
				"changeBPM": false,
				"bpm": 130
			},
			{
				"sectionBeats": 4,
				"sectionNotes": [],
				"typeOfSection": 0,
				"gfSection": false,
				"altAnim": false,
				"mustHitSection": true,
				"changeBPM": false,
				"bpm": 130
			},
			{
				"sectionBeats": 4,
				"sectionNotes": [],
				"typeOfSection": 0,
				"gfSection": false,
				"altAnim": false,
				"mustHitSection": true,
				"changeBPM": false,
				"bpm": 130
			},
			{
				"sectionBeats": 4,
				"sectionNotes": [],
				"typeOfSection": 0,
				"gfSection": false,
				"altAnim": false,
				"mustHitSection": true,
				"changeBPM": false,
				"bpm": 130
			},
			{
				"sectionBeats": 4,
				"sectionNotes": [],
				"typeOfSection": 0,
				"gfSection": false,
				"altAnim": false,
				"mustHitSection": true,
				"changeBPM": false,
				"bpm": 130
			},
			{
				"sectionBeats": 4,
				"sectionNotes": [],
				"typeOfSection": 0,
				"gfSection": false,
				"altAnim": false,
				"mustHitSection": true,
				"changeBPM": false,
				"bpm": 130
			},
			{
				"typeOfSection": 0,
				"sectionNotes": [],
				"sectionBeats": 4,
				"altAnim": false,
				"gfSection": false,
				"bpm": 130,
				"changeBPM": false,
				"mustHitSection": true
			},
			{
				"typeOfSection": 0,
				"sectionNotes": [],
				"sectionBeats": 4,
				"altAnim": false,
				"gfSection": false,
				"bpm": 130,
				"changeBPM": false,
				"mustHitSection": true
			},
			{
				"sectionBeats": 4,
				"sectionNotes": [],
				"typeOfSection": 0,
				"gfSection": false,
				"altAnim": false,
				"mustHitSection": true,
				"changeBPM": false,
				"bpm": 130
			},
			{
				"sectionBeats": 4,
				"sectionNotes": [],
				"typeOfSection": 0,
				"gfSection": false,
				"altAnim": false,
				"mustHitSection": true,
				"changeBPM": false,
				"bpm": 130
			},
			{
				"sectionBeats": 4,
				"sectionNotes": [],
				"typeOfSection": 0,
				"gfSection": false,
				"altAnim": false,
				"mustHitSection": true,
				"changeBPM": false,
				"bpm": 130
			},
			{
				"sectionBeats": 4,
				"sectionNotes": [],
				"typeOfSection": 0,
				"gfSection": false,
				"altAnim": false,
				"mustHitSection": true,
				"changeBPM": false,
				"bpm": 130
			},
			{
				"sectionBeats": 4,
				"sectionNotes": [],
				"typeOfSection": 0,
				"gfSection": false,
				"altAnim": false,
				"mustHitSection": true,
				"changeBPM": false,
				"bpm": 130
			},
			{
				"sectionBeats": 4,
				"sectionNotes": [],
				"typeOfSection": 0,
				"gfSection": false,
				"altAnim": false,
				"mustHitSection": true,
				"changeBPM": false,
				"bpm": 130
			},
			{
				"sectionBeats": 4,
				"sectionNotes": [],
				"typeOfSection": 0,
				"gfSection": false,
				"altAnim": false,
				"mustHitSection": true,
				"changeBPM": false,
				"bpm": 130
			},
			{
				"sectionBeats": 4,
				"sectionNotes": [],
				"typeOfSection": 0,
				"gfSection": false,
				"altAnim": false,
				"mustHitSection": true,
				"changeBPM": false,
				"bpm": 130
			},
			{
				"sectionBeats": 4,
				"sectionNotes": [],
				"typeOfSection": 0,
				"gfSection": false,
				"altAnim": false,
				"mustHitSection": true,
				"changeBPM": false,
				"bpm": 130
			},
			{
				"typeOfSection": 0,
				"sectionNotes": [],
				"sectionBeats": 4,
				"altAnim": false,
				"gfSection": false,
				"bpm": 130,
				"changeBPM": false,
				"mustHitSection": true
			},
			{
				"typeOfSection": 0,
				"sectionNotes": [],
				"sectionBeats": 4,
				"altAnim": false,
				"gfSection": false,
				"bpm": 130,
				"changeBPM": false,
				"mustHitSection": true
			},
			{
				"typeOfSection": 0,
				"sectionNotes": [],
				"sectionBeats": 4,
				"altAnim": false,
				"gfSection": false,
				"bpm": 130,
				"changeBPM": false,
				"mustHitSection": true
			},
			{
				"sectionBeats": 4,
				"sectionNotes": [],
				"typeOfSection": 0,
				"gfSection": false,
				"altAnim": false,
				"mustHitSection": true,
				"changeBPM": false,
				"bpm": 130
			},
			{
				"typeOfSection": 0,
				"sectionNotes": [],
				"sectionBeats": 4,
				"altAnim": false,
				"gfSection": false,
				"bpm": 130,
				"changeBPM": false,
				"mustHitSection": true
			},
			{
				"typeOfSection": 0,
				"sectionNotes": [],
				"sectionBeats": 4,
				"altAnim": false,
				"gfSection": false,
				"bpm": 126,
				"changeBPM": false,
				"mustHitSection": true
			},
			{
				"typeOfSection": 0,
				"sectionNotes": [],
				"sectionBeats": 4,
				"altAnim": false,
				"gfSection": false,
				"bpm": 126,
				"changeBPM": false,
				"mustHitSection": true
			},
			{
				"typeOfSection": 0,
				"sectionNotes": [],
				"sectionBeats": 4,
				"altAnim": false,
				"gfSection": false,
				"bpm": 126,
				"changeBPM": false,
				"mustHitSection": true
			},
			{
				"typeOfSection": 0,
				"sectionNotes": [],
				"sectionBeats": 4,
				"altAnim": false,
				"gfSection": false,
				"bpm": 126,
				"changeBPM": false,
				"mustHitSection": true
			},
			{
				"typeOfSection": 0,
				"sectionNotes": [],
				"sectionBeats": 4,
				"altAnim": false,
				"gfSection": false,
				"bpm": 126,
				"changeBPM": false,
				"mustHitSection": true
			},
			{
				"typeOfSection": 0,
				"sectionNotes": [],
				"sectionBeats": 4,
				"altAnim": false,
				"gfSection": false,
				"bpm": 126,
				"changeBPM": false,
				"mustHitSection": true
			},
			{
				"typeOfSection": 0,
				"sectionNotes": [],
				"sectionBeats": 4,
				"altAnim": false,
				"gfSection": false,
				"bpm": 126,
				"changeBPM": false,
				"mustHitSection": true
			},
			{
				"typeOfSection": 0,
				"sectionNotes": [],
				"sectionBeats": 4,
				"altAnim": false,
				"gfSection": false,
				"bpm": 126,
				"changeBPM": false,
				"mustHitSection": true
			},
			{
				"typeOfSection": 0,
				"sectionNotes": [],
				"sectionBeats": 4,
				"altAnim": false,
				"gfSection": false,
				"bpm": 126,
				"changeBPM": false,
				"mustHitSection": true
			},
			{
				"typeOfSection": 0,
				"sectionNotes": [],
				"sectionBeats": 4,
				"altAnim": false,
				"gfSection": false,
				"bpm": 126,
				"changeBPM": false,
				"mustHitSection": true
			},
			{
				"typeOfSection": 0,
				"sectionNotes": [],
				"sectionBeats": 4,
				"altAnim": false,
				"gfSection": false,
				"bpm": 126,
				"changeBPM": false,
				"mustHitSection": true
			},
			{
				"typeOfSection": 0,
				"sectionNotes": [],
				"sectionBeats": 4,
				"altAnim": false,
				"gfSection": false,
				"bpm": 126,
				"changeBPM": false,
				"mustHitSection": true
			},
			{
				"sectionBeats": 4,
				"sectionNotes": [],
				"typeOfSection": 0,
				"gfSection": false,
				"altAnim": false,
				"mustHitSection": true,
				"changeBPM": false,
				"bpm": 126
			},
			{
				"sectionBeats": 4,
				"sectionNotes": [],
				"typeOfSection": 0,
				"gfSection": false,
				"altAnim": false,
				"mustHitSection": true,
				"changeBPM": false,
				"bpm": 126
			},
			{
				"typeOfSection": 0,
				"sectionNotes": [],
				"sectionBeats": 4,
				"altAnim": false,
				"gfSection": false,
				"bpm": 126,
				"changeBPM": false,
				"mustHitSection": true
			},
			{
				"typeOfSection": 0,
				"sectionNotes": [],
				"sectionBeats": 4,
				"altAnim": false,
				"gfSection": false,
				"bpm": 126,
				"changeBPM": false,
				"mustHitSection": true
			}
		],
		"gfVersion": "invisible",
		"events": [],
		"player3": null,
		"song": "sumrbreak",
		"validScore": true,
		"needsVoices": true,
		"stage": "17buck",
		"speed": 2.6,
		"bpm": 110
	}
}