{
	"song": {
		"player1": "girlf",
		"gfVersion": "cycl",
		"notes": [
			{
				"sectionBeats": 4,
				"sectionNotes": [],
				"typeOfSection": 0,
				"gfSection": false,
				"altAnim": false,
				"mustHitSection": true,
				"changeBPM": false,
				"bpm": 150
			},
			{
				"sectionBeats": 4,
				"sectionNotes": [],
				"typeOfSection": 0,
				"gfSection": false,
				"altAnim": false,
				"mustHitSection": false,
				"changeBPM": false,
				"bpm": 150
			},
			{
				"sectionBeats": 4,
				"sectionNotes": [],
				"typeOfSection": 0,
				"gfSection": false,
				"altAnim": false,
				"mustHitSection": true,
				"changeBPM": false,
				"bpm": 102
			},
			{
				"sectionBeats": 4,
				"sectionNotes": [],
				"typeOfSection": 0,
				"gfSection": false,
				"altAnim": false,
				"mustHitSection": false,
				"changeBPM": false,
				"bpm": 102
			},
			{
				"sectionBeats": 4,
				"sectionNotes": [
					[
						5265.95744680851,
						0,
						0
					],
					[
						5425.53191489362,
						0,
						0
					],
					[
						5585.10638297872,
						1,
						0
					],
					[
						5744.68085106383,
						3,
						0
					],
					[
						5904.25531914894,
						2,
						0
					],
					[
						6223.40425531915,
						1,
						0
					],
					[
						6063.82978723404,
						3,
						0
					]
				],
				"typeOfSection": 0,
				"gfSection": false,
				"altAnim": false,
				"mustHitSection": false,
				"changeBPM": false,
				"bpm": 102
			},
			{
				"sectionBeats": 4,
				"sectionNotes": [
					[
						6542.55319148936,
						2,
						0
					],
					[
						6861.70212765958,
						0,
						0
					],
					[
						7021.27659574468,
						3,
						0
					],
					[
						7180.85106382979,
						3,
						0
					],
					[
						7340.42553191489,
						2,
						0
					],
					[
						7500,
						0,
						0
					],
					[
						6702.12765957447,
						2,
						0
					]
				],
				"typeOfSection": 0,
				"gfSection": false,
				"altAnim": false,
				"mustHitSection": false,
				"changeBPM": false,
				"bpm": 102
			},
			{
				"sectionBeats": 4,
				"sectionNotes": [
					[
						7978.72340425532,
						1,
						0,
						"Alt Animation"
					],
					[
						8297.87234042553,
						3,
						0,
						"Alt Animation"
					],
					[
						8457.44680851064,
						1,
						0,
						"Alt Animation"
					],
					[
						8776.59574468085,
						2,
						0
					],
					[
						7659.57446808511,
						2,
						79.7872340425532
					]
				],
				"typeOfSection": 0,
				"gfSection": false,
				"altAnim": false,
				"mustHitSection": false,
				"changeBPM": false,
				"bpm": 102
			},
			{
				"sectionBeats": 4,
				"sectionNotes": [
					[
						9095.74468085106,
						3,
						0,
						"Alt Animation"
					],
					[
						9255.31914893617,
						3,
						0,
						"Alt Animation"
					],
					[
						9893.6170212766,
						3,
						159.574468085106,
						"Alt Animation"
					],
					[
						9414.89361702128,
						2,
						79.7872340425532
					],
					[
						9574.46808510638,
						0,
						0
					],
					[
						9734.04255319149,
						1,
						0
					]
				],
				"typeOfSection": 0,
				"gfSection": false,
				"altAnim": false,
				"mustHitSection": false,
				"changeBPM": false,
				"bpm": 102
			},
			{
				"sectionBeats": 4,
				"sectionNotes": [
					[
						10372.3404255319,
						0,
						0
					],
					[
						10531.914893617,
						0,
						0
					],
					[
						10691.4893617021,
						1,
						0
					],
					[
						10851.0638297872,
						3,
						0
					],
					[
						11010.6382978723,
						2,
						0
					],
					[
						11329.7872340426,
						1,
						0
					],
					[
						11170.2127659574,
						3,
						0
					]
				],
				"typeOfSection": 0,
				"gfSection": false,
				"altAnim": false,
				"mustHitSection": true,
				"changeBPM": false,
				"bpm": 102
			},
			{
				"sectionBeats": 4,
				"sectionNotes": [
					[
						11648.9361702128,
						2,
						0
					],
					[
						11968.085106383,
						0,
						0
					],
					[
						12446.8085106383,
						2,
						0
					],
					[
						12606.3829787234,
						0,
						0
					],
					[
						11808.5106382979,
						3,
						0
					],
					[
						12127.6595744681,
						3,
						0
					],
					[
						12287.2340425532,
						1,
						0
					]
				],
				"typeOfSection": 0,
				"gfSection": false,
				"altAnim": false,
				"mustHitSection": true,
				"changeBPM": false,
				"bpm": 102
			},
			{
				"sectionBeats": 4,
				"sectionNotes": [
					[
						12765.9574468085,
						2,
						79.7872340425532
					],
					[
						13085.1063829787,
						1,
						0
					],
					[
						13404.2553191489,
						3,
						79.7872340425532
					],
					[
						13723.4042553192,
						2,
						0
					],
					[
						13882.9787234043,
						0,
						0
					]
				],
				"typeOfSection": 0,
				"gfSection": false,
				"altAnim": false,
				"mustHitSection": true,
				"changeBPM": false,
				"bpm": 102
			},
			{
				"sectionBeats": 4,
				"sectionNotes": [
					[
						14202.1276595745,
						1,
						0
					],
					[
						14361.7021276596,
						0,
						0
					],
					[
						14680.8510638298,
						2,
						239.36170212766
					],
					[
						15000,
						3,
						0
					]
				],
				"typeOfSection": 0,
				"gfSection": false,
				"altAnim": false,
				"mustHitSection": true,
				"changeBPM": false,
				"bpm": 102
			},
			{
				"sectionBeats": 1,
				"sectionNotes": [
					[
						15319.1489361702,
						0,
						239.36170212766
					]
				],
				"typeOfSection": 0,
				"gfSection": false,
				"altAnim": false,
				"mustHitSection": true,
				"changeBPM": false,
				"bpm": 102
			},
			{
				"sectionBeats": 4,
				"sectionNotes": [
					[
						15797.8723404255,
						5,
						0
					],
					[
						15957.4468085106,
						7,
						0
					],
					[
						16117.0212765957,
						6,
						0
					],
					[
						16276.5957446809,
						4,
						0
					],
					[
						16436.170212766,
						5,
						0
					],
					[
						16595.7446808511,
						6,
						79.7872340425532
					],
					[
						15638.2978723404,
						1,
						0,
						"Alt Animation"
					],
					[
						15797.8723404255,
						0,
						0,
						"Alt Animation"
					],
					[
						15957.4468085106,
						3,
						0,
						"Alt Animation"
					],
					[
						16117.0212765957,
						2,
						0,
						"Alt Animation"
					],
					[
						16276.5957446809,
						0,
						0,
						"Alt Animation"
					],
					[
						16436.170212766,
						3,
						0,
						"Alt Animation"
					],
					[
						16595.7446808511,
						2,
						0,
						"Alt Animation"
					]
				],
				"typeOfSection": 0,
				"gfSection": false,
				"altAnim": false,
				"mustHitSection": false,
				"changeBPM": false,
				"bpm": 102
			},
			{
				"sectionBeats": 4,
				"sectionNotes": [
					[
						16914.8936170213,
						5,
						0
					],
					[
						17074.4680851064,
						7,
						0
					],
					[
						17234.0425531915,
						5,
						0
					],
					[
						16914.8936170213,
						0,
						0
					],
					[
						17074.4680851064,
						1,
						0
					],
					[
						17234.0425531915,
						3,
						0
					],
					[
						17553.1914893617,
						0,
						159.574468085106
					],
					[
						17553.1914893617,
						7,
						0
					],
					[
						17872.3404255319,
						2,
						79.7872340425532
					],
					[
						18071.8085106383,
						0,
						0
					],
					[
						18138.2978723404,
						3,
						0
					],
					[
						18166.5558510638,
						2,
						0
					]
				],
				"typeOfSection": 0,
				"gfSection": false,
				"altAnim": false,
				"mustHitSection": false,
				"changeBPM": false,
				"bpm": 102
			},
			{
				"sectionBeats": 4,
				"sectionNotes": [
					[
						18351.0638297872,
						1,
						0
					],
					[
						18510.6382978723,
						3,
						0
					],
					[
						18989.3617021277,
						1,
						0
					],
					[
						19148.9361702128,
						3,
						0
					],
					[
						18351.0638297872,
						6,
						0
					],
					[
						18510.6382978723,
						4,
						0
					],
					[
						18670.2127659575,
						7,
						0
					],
					[
						18829.7872340426,
						5,
						0
					],
					[
						18989.3617021277,
						6,
						0
					],
					[
						19148.9361702128,
						4,
						159.574468085106
					],
					[
						18670.2127659575,
						0,
						159.574468085106,
						"Alt Animation"
					]
				],
				"typeOfSection": 0,
				"gfSection": false,
				"altAnim": false,
				"mustHitSection": false,
				"changeBPM": false,
				"bpm": 102
			},
			{
				"sectionBeats": 4,
				"sectionNotes": [
					[
						19468.085106383,
						2,
						0
					],
					[
						19627.6595744681,
						1,
						0
					],
					[
						19468.085106383,
						7,
						0
					],
					[
						19787.2340425532,
						4,
						0
					],
					[
						19946.8085106383,
						7,
						0
					],
					[
						20106.3829787234,
						6,
						0
					],
					[
						20265.9574468085,
						4,
						0
					],
					[
						19787.2340425532,
						3,
						79.7872340425532,
						"Alt Animation"
					],
					[
						20106.3829787234,
						0,
						239.36170212766,
						"Alt Animation"
					]
				],
				"typeOfSection": 0,
				"gfSection": false,
				"altAnim": false,
				"mustHitSection": false,
				"changeBPM": false,
				"bpm": 102
			},
			{
				"sectionBeats": 4,
				"sectionNotes": [
					[
						20744.6808510638,
						1,
						0
					],
					[
						20904.2553191489,
						1,
						0
					],
					[
						21063.829787234,
						2,
						0
					],
					[
						21223.4042553192,
						3,
						0
					],
					[
						21382.9787234043,
						2,
						0
					],
					[
						21542.5531914894,
						1,
						0
					],
					[
						21702.1276595745,
						3,
						239.36170212766
					],
					[
						20904.2553191489,
						4,
						0
					],
					[
						21063.829787234,
						6,
						0
					],
					[
						21223.4042553192,
						7,
						0
					],
					[
						21382.9787234043,
						4,
						0
					],
					[
						21542.5531914894,
						7,
						0
					],
					[
						21702.1276595745,
						6,
						0
					]
				],
				"typeOfSection": 0,
				"gfSection": false,
				"altAnim": false,
				"mustHitSection": true,
				"changeBPM": false,
				"bpm": 102
			},
			{
				"sectionBeats": 4,
				"sectionNotes": [
					[
						22021.2765957447,
						1,
						0
					],
					[
						22180.8510638298,
						3,
						0
					],
					[
						22340.4255319149,
						2,
						0
					],
					[
						22500,
						1,
						0
					],
					[
						22659.5744680851,
						3,
						0
					],
					[
						22819.1489361702,
						2,
						0
					],
					[
						22978.7234042553,
						0,
						0
					],
					[
						23138.2978723404,
						0,
						0
					],
					[
						22021.2765957447,
						5,
						0
					],
					[
						22180.8510638298,
						7,
						0
					],
					[
						22340.4255319149,
						6,
						0
					],
					[
						22659.5744680851,
						4,
						0
					]
				],
				"typeOfSection": 0,
				"gfSection": false,
				"altAnim": false,
				"mustHitSection": true,
				"changeBPM": false,
				"bpm": 102
			},
			{
				"sectionBeats": 4,
				"sectionNotes": [
					[
						23297.8723404255,
						1,
						0
					],
					[
						23457.4468085106,
						3,
						0
					],
					[
						23617.0212765957,
						2,
						0
					],
					[
						23776.5957446808,
						0,
						0
					],
					[
						23936.170212766,
						3,
						0
					],
					[
						24095.7446808511,
						0,
						0
					],
					[
						23457.4468085106,
						4,
						0
					],
					[
						23617.0212765957,
						7,
						0
					],
					[
						23776.5957446808,
						5,
						0
					],
					[
						23936.170212766,
						6,
						0
					],
					[
						24095.7446808511,
						6,
						0
					],
					[
						24255.3191489362,
						4,
						79.7872340425532
					]
				],
				"typeOfSection": 0,
				"gfSection": false,
				"altAnim": false,
				"mustHitSection": true,
				"changeBPM": false,
				"bpm": 102
			},
			{
				"sectionBeats": 4,
				"sectionNotes": [
					[
						24734.0425531915,
						1,
						0
					],
					[
						24893.6170212766,
						3,
						0
					],
					[
						25053.1914893617,
						0,
						0
					],
					[
						24574.4680851064,
						0,
						79.7872340425532
					],
					[
						25212.7659574468,
						2,
						0
					],
					[
						25372.3404255319,
						1,
						0
					],
					[
						25531.914893617,
						3,
						159.574468085106
					],
					[
						24734.0425531915,
						7,
						0
					],
					[
						24893.6170212766,
						4,
						0
					],
					[
						25053.1914893617,
						6,
						0
					],
					[
						25212.7659574468,
						4,
						0
					],
					[
						25372.3404255319,
						4,
						0
					],
					[
						24574.4680851064,
						5,
						0
					]
				],
				"typeOfSection": 0,
				"gfSection": false,
				"altAnim": false,
				"mustHitSection": true,
				"changeBPM": false,
				"bpm": 102
			},
			{
				"sectionBeats": 4,
				"sectionNotes": [],
				"typeOfSection": 0,
				"gfSection": false,
				"altAnim": false,
				"mustHitSection": true,
				"changeBPM": false,
				"bpm": 102
			},
			{
				"sectionBeats": 4,
				"sectionNotes": [],
				"typeOfSection": 0,
				"gfSection": false,
				"altAnim": false,
				"mustHitSection": false,
				"changeBPM": false,
				"bpm": 102
			},
			{
				"sectionBeats": 4,
				"sectionNotes": [
					[
						28723.4042553191,
						3,
						0,
						"Alt Animation"
					],
					[
						29042.5531914894,
						0,
						0,
						"Alt Animation"
					],
					[
						29202.1276595745,
						0,
						0,
						"Alt Animation"
					],
					[
						29361.7021276596,
						2,
						239.36170212766,
						"Alt Animation"
					]
				],
				"typeOfSection": 0,
				"gfSection": false,
				"altAnim": false,
				"mustHitSection": false,
				"changeBPM": false,
				"bpm": 102
			},
			{
				"typeOfSection": 0,
				"sectionNotes": [
					[
						29680.8510638298,
						3,
						0,
						"Alt Animation"
					],
					[
						29840.4255319149,
						1,
						0,
						"Alt Animation"
					],
					[
						30159.5744680851,
						2,
						0,
						"Alt Animation"
					],
					[
						30319.1489361702,
						0,
						0,
						"Alt Animation"
					]
				],
				"sectionBeats": 4,
				"altAnim": false,
				"gfSection": false,
				"bpm": 102,
				"changeBPM": false,
				"mustHitSection": false
			},
			{
				"sectionBeats": 4,
				"sectionNotes": [
					[
						31117.0212765957,
						2,
						0
					],
					[
						31276.5957446808,
						0,
						0
					],
					[
						31595.7446808511,
						2,
						0
					],
					[
						31755.3191489362,
						2,
						0
					],
					[
						31515.9574468085,
						3,
						0,
						"Alt Animation"
					],
					[
						31436.1702127659,
						3,
						0,
						"Alt Animation"
					],
					[
						31914.8936170213,
						3,
						239.36170212766,
						"Alt Animation"
					]
				],
				"typeOfSection": 0,
				"gfSection": false,
				"altAnim": false,
				"mustHitSection": false,
				"changeBPM": false,
				"bpm": 102
			},
			{
				"sectionBeats": 4,
				"sectionNotes": [
					[
						33351.0638297872,
						7,
						0
					],
					[
						32234.0425531915,
						0,
						0,
						"Alt Animation"
					],
					[
						32393.6170212766,
						3,
						0,
						"Alt Animation"
					],
					[
						32712.7659574468,
						2,
						0,
						"Alt Animation"
					],
					[
						32872.3404255319,
						1,
						0,
						"Alt Animation"
					]
				],
				"typeOfSection": 0,
				"gfSection": false,
				"altAnim": false,
				"mustHitSection": false,
				"changeBPM": false,
				"bpm": 102
			},
			{
				"sectionBeats": 4,
				"sectionNotes": [
					[
						33510.6382978723,
						3,
						0
					],
					[
						33670.2127659574,
						1,
						0
					],
					[
						33829.7872340425,
						2,
						0
					],
					[
						33989.3617021276,
						0,
						0
					],
					[
						34148.9361702127,
						3,
						0
					],
					[
						34308.5106382979,
						1,
						0
					],
					[
						34627.6595744681,
						1,
						0
					]
				],
				"typeOfSection": 0,
				"gfSection": false,
				"altAnim": false,
				"mustHitSection": true,
				"changeBPM": false,
				"bpm": 102
			},
			{
				"sectionBeats": 4,
				"sectionNotes": [
					[
						34787.2340425532,
						2,
						0
					],
					[
						34946.8085106383,
						0,
						0
					],
					[
						35106.3829787234,
						3,
						0
					],
					[
						35265.9574468085,
						3,
						0
					],
					[
						35425.5319148936,
						1,
						0
					],
					[
						35744.6808510638,
						0,
						0
					],
					[
						35585.1063829787,
						2,
						0
					]
				],
				"typeOfSection": 0,
				"gfSection": false,
				"altAnim": false,
				"mustHitSection": true,
				"changeBPM": false,
				"bpm": 102
			},
			{
				"sectionBeats": 4,
				"sectionNotes": [
					[
						36063.829787234,
						3,
						79.7872340425532
					],
					[
						36382.9787234042,
						2,
						79.7872340425532
					],
					[
						37021.2765957447,
						3,
						0
					]
				],
				"typeOfSection": 0,
				"gfSection": false,
				"altAnim": false,
				"mustHitSection": true,
				"changeBPM": false,
				"bpm": 102
			},
			{
				"sectionBeats": 4,
				"sectionNotes": [
					[
						37340.4255319149,
						3,
						79.7872340425532
					],
					[
						37659.5744680851,
						2,
						79.7872340425532
					],
					[
						37819.1489361702,
						0,
						0
					],
					[
						37978.7234042553,
						3,
						79.7872340425532
					],
					[
						38138.2978723404,
						1,
						0
					],
					[
						38297.8723404255,
						2,
						239.36170212766
					],
					[
						38457.4468085106,
						6,
						0
					]
				],
				"typeOfSection": 0,
				"gfSection": false,
				"altAnim": false,
				"mustHitSection": true,
				"changeBPM": false,
				"bpm": 102
			},
			{
				"sectionBeats": 4,
				"sectionNotes": [
					[
						39734.0425531915,
						0,
						0
					],
					[
						38936.170212766,
						7,
						0
					],
					[
						39095.7446808511,
						5,
						0
					],
					[
						39255.3191489362,
						4,
						0
					],
					[
						39414.8936170213,
						7,
						0
					],
					[
						39574.4680851064,
						5,
						0
					],
					[
						38617.0212765957,
						0,
						0,
						"Alt Animation"
					],
					[
						38776.5957446808,
						1,
						0,
						"Alt Animation"
					],
					[
						38936.170212766,
						3,
						159.574468085106,
						"Alt Animation"
					],
					[
						39175.5319148936,
						0,
						0,
						"Alt Animation"
					],
					[
						39335.1063829787,
						1,
						0,
						"Alt Animation"
					],
					[
						39574.4680851064,
						2,
						0,
						"Alt Animation"
					]
				],
				"typeOfSection": 0,
				"gfSection": false,
				"altAnim": false,
				"mustHitSection": false,
				"changeBPM": false,
				"bpm": 102
			},
			{
				"sectionBeats": 4,
				"sectionNotes": [
					[
						39893.6170212766,
						6,
						0
					],
					[
						40053.1914893617,
						4,
						0
					],
					[
						40212.7659574468,
						7,
						0
					],
					[
						40372.3404255319,
						4,
						0
					],
					[
						40531.914893617,
						6,
						0
					],
					[
						40851.0638297872,
						7,
						159.574468085106
					],
					[
						39893.6170212766,
						3,
						0
					],
					[
						40212.7659574468,
						0,
						0
					],
					[
						40372.3404255319,
						0,
						0
					],
					[
						40531.914893617,
						2,
						0
					],
					[
						40851.0638297872,
						3,
						0
					],
					[
						41010.6382978723,
						1,
						0
					]
				],
				"typeOfSection": 0,
				"gfSection": false,
				"altAnim": false,
				"mustHitSection": false,
				"changeBPM": false,
				"bpm": 102
			},
			{
				"sectionBeats": 4,
				"sectionNotes": [
					[
						41170.2127659574,
						4,
						0
					],
					[
						41170.2127659574,
						2,
						0
					],
					[
						41489.3617021277,
						0,
						0,
						"Alt Animation"
					],
					[
						41648.9361702128,
						1,
						0,
						"Alt Animation"
					],
					[
						41808.5106382979,
						2,
						0,
						"Alt Animation"
					],
					[
						41968.085106383,
						0,
						0,
						"Alt Animation"
					],
					[
						42127.6595744681,
						3,
						0,
						"Alt Animation"
					],
					[
						42287.2340425532,
						1,
						0,
						"Alt Animation"
					]
				],
				"typeOfSection": 0,
				"gfSection": false,
				"altAnim": false,
				"mustHitSection": false,
				"changeBPM": false,
				"bpm": 102
			},
			{
				"sectionBeats": 4,
				"sectionNotes": [
					[
						42765.9574468085,
						2,
						0
					],
					[
						42925.5319148936,
						0,
						0
					],
					[
						43085.1063829787,
						3,
						0
					],
					[
						43244.6808510638,
						3,
						0
					],
					[
						42446.8085106383,
						3,
						0,
						"Alt Animation"
					],
					[
						42606.3829787234,
						1,
						0,
						"Alt Animation"
					]
				],
				"typeOfSection": 0,
				"gfSection": false,
				"altAnim": false,
				"mustHitSection": false,
				"changeBPM": false,
				"bpm": 102
			},
			{
				"sectionBeats": 4,
				"sectionNotes": [
					[
						44042.5531914894,
						2,
						79.7872340425532
					],
					[
						44202.1276595745,
						0,
						0
					],
					[
						44361.7021276596,
						3,
						0
					],
					[
						44521.2765957447,
						1,
						0
					],
					[
						44680.8510638298,
						2,
						0
					],
					[
						44840.4255319149,
						1,
						0
					]
				],
				"typeOfSection": 0,
				"gfSection": false,
				"altAnim": false,
				"mustHitSection": true,
				"changeBPM": false,
				"bpm": 102
			},
			{
				"sectionBeats": 4,
				"sectionNotes": [
					[
						45000,
						3,
						0
					],
					[
						45159.5744680851,
						3,
						0
					],
					[
						45319.1489361702,
						1,
						0
					],
					[
						45638.2978723404,
						2,
						239.36170212766
					],
					[
						45957.4468085106,
						0,
						159.574468085106
					]
				],
				"typeOfSection": 0,
				"gfSection": false,
				"altAnim": false,
				"mustHitSection": true,
				"changeBPM": false,
				"bpm": 102
			},
			{
				"typeOfSection": 0,
				"sectionNotes": [
					[
						46276.5957446809,
						1,
						0
					],
					[
						46595.7446808511,
						2,
						239.36170212766
					],
					[
						46914.8936170213,
						3,
						0
					],
					[
						47234.0425531915,
						2,
						239.36170212766
					]
				],
				"sectionBeats": 4,
				"altAnim": false,
				"gfSection": false,
				"bpm": 102,
				"changeBPM": false,
				"mustHitSection": true
			},
			{
				"typeOfSection": 0,
				"sectionNotes": [
					[
						47553.1914893617,
						0,
						0
					],
					[
						47712.7659574468,
						1,
						0
					],
					[
						47872.3404255319,
						3,
						239.36170212766
					],
					[
						48191.4893617021,
						1,
						0
					]
				],
				"sectionBeats": 4,
				"altAnim": false,
				"gfSection": false,
				"bpm": 102,
				"changeBPM": false,
				"mustHitSection": true
			},
			{
				"typeOfSection": 0,
				"sectionNotes": [],
				"sectionBeats": 4,
				"altAnim": false,
				"gfSection": false,
				"bpm": 102,
				"changeBPM": false,
				"mustHitSection": false
			},
			{
				"typeOfSection": 0,
				"sectionNotes": [
					[
						51223.4042553192,
						2,
						0
					]
				],
				"sectionBeats": 4,
				"altAnim": false,
				"gfSection": false,
				"bpm": 102,
				"changeBPM": false,
				"mustHitSection": true
			},
			{
				"sectionBeats": 4,
				"sectionNotes": [
					[
						51382.9787234043,
						4,
						0
					],
					[
						51861.7021276596,
						4,
						0
					],
					[
						52021.2765957447,
						5,
						0
					],
					[
						52500,
						6,
						0
					],
					[
						51702.1276595745,
						7,
						0
					],
					[
						51382.9787234043,
						3,
						0
					],
					[
						51542.5531914894,
						1,
						0
					],
					[
						51702.1276595745,
						1,
						0
					],
					[
						51861.7021276596,
						2,
						0
					],
					[
						52180.8510638298,
						0,
						0
					],
					[
						52340.4255319149,
						1,
						0
					]
				],
				"typeOfSection": 0,
				"gfSection": false,
				"altAnim": false,
				"mustHitSection": false,
				"changeBPM": false,
				"bpm": 102
			},
			{
				"sectionBeats": 4,
				"sectionNotes": [
					[
						52659.5744680851,
						0,
						0
					],
					[
						52819.1489361702,
						3,
						0
					],
					[
						52978.7234042553,
						2,
						0
					],
					[
						53138.2978723404,
						0,
						0
					],
					[
						53297.8723404256,
						1,
						0
					],
					[
						53617.0212765958,
						2,
						159.574468085106
					],
					[
						52819.1489361702,
						5,
						0
					],
					[
						53138.2978723404,
						7,
						0
					],
					[
						53297.8723404256,
						4,
						0
					],
					[
						53457.4468085107,
						4,
						0
					]
				],
				"typeOfSection": 0,
				"gfSection": false,
				"altAnim": false,
				"mustHitSection": true,
				"changeBPM": false,
				"bpm": 102
			},
			{
				"sectionBeats": 4,
				"sectionNotes": [
					[
						53936.170212766,
						0,
						0
					],
					[
						54095.7446808511,
						2,
						159.574468085106
					],
					[
						54414.8936170213,
						3,
						0
					],
					[
						54574.4680851064,
						1,
						0
					],
					[
						54734.0425531915,
						2,
						0
					],
					[
						54893.6170212766,
						0,
						0
					],
					[
						53936.170212766,
						6,
						0
					],
					[
						54095.7446808511,
						5,
						0
					],
					[
						54255.3191489362,
						7,
						0
					],
					[
						54414.8936170213,
						7,
						0
					],
					[
						54734.0425531915,
						4,
						0
					],
					[
						54893.6170212766,
						5,
						0
					]
				],
				"typeOfSection": 0,
				"gfSection": false,
				"altAnim": false,
				"mustHitSection": true,
				"changeBPM": false,
				"bpm": 102
			},
			{
				"sectionBeats": 4,
				"sectionNotes": [
					[
						55212.7659574468,
						3,
						0
					],
					[
						55372.3404255319,
						1,
						0
					],
					[
						55531.914893617,
						2,
						0
					],
					[
						55691.4893617022,
						0,
						0
					],
					[
						55851.0638297873,
						3,
						0
					],
					[
						56010.6382978724,
						1,
						0
					],
					[
						56170.2127659575,
						0,
						239.36170212766
					],
					[
						55372.3404255319,
						5,
						0
					],
					[
						55851.0638297873,
						5,
						0
					],
					[
						56010.6382978724,
						6,
						0
					]
				],
				"typeOfSection": 0,
				"gfSection": false,
				"altAnim": false,
				"mustHitSection": true,
				"changeBPM": false,
				"bpm": 102
			},
			{
				"sectionBeats": 4,
				"sectionNotes": [
					[
						56489.3617021277,
						2,
						0
					],
					[
						57127.6595744681,
						1,
						0
					],
					[
						57606.3829787234,
						2,
						0
					],
					[
						57207.4468085107,
						0,
						239.36170212766
					]
				],
				"typeOfSection": 0,
				"gfSection": false,
				"altAnim": false,
				"mustHitSection": true,
				"changeBPM": false,
				"bpm": 102
			},
			{
				"sectionBeats": 4,
				"sectionNotes": [
					[
						58085.1063829788,
						3,
						239.36170212766
					],
					[
						58404.255319149,
						2,
						239.36170212766
					],
					[
						58723.4042553192,
						0,
						0
					],
					[
						58882.9787234043,
						1,
						0
					]
				],
				"typeOfSection": 0,
				"gfSection": false,
				"altAnim": false,
				"mustHitSection": true,
				"changeBPM": false,
				"bpm": 102
			},
			{
				"typeOfSection": 0,
				"sectionNotes": [
					[
						59042.5531914894,
						2,
						0
					],
					[
						59202.1276595745,
						0,
						0
					],
					[
						59361.7021276596,
						3,
						0
					],
					[
						59521.2765957447,
						1,
						0
					],
					[
						59680.8510638298,
						2,
						0
					],
					[
						59840.4255319149,
						1,
						0
					],
					[
						60159.5744680851,
						1,
						0
					],
					[
						60000,
						0,
						0
					]
				],
				"sectionBeats": 4,
				"altAnim": false,
				"gfSection": false,
				"bpm": 102,
				"changeBPM": false,
				"mustHitSection": true
			},
			{
				"sectionBeats": 4,
				"sectionNotes": [
					[
						60319.1489361702,
						2,
						0
					],
					[
						60478.7234042554,
						3,
						0
					],
					[
						60638.2978723405,
						1,
						0
					],
					[
						60797.8723404256,
						0,
						0
					],
					[
						60957.4468085107,
						3,
						0
					],
					[
						61117.0212765958,
						2,
						0
					],
					[
						61276.5957446809,
						3,
						0
					],
					[
						61436.170212766,
						1,
						0
					]
				],
				"typeOfSection": 0,
				"gfSection": false,
				"altAnim": false,
				"mustHitSection": true,
				"changeBPM": false,
				"bpm": 102
			},
			{
				"typeOfSection": 0,
				"sectionNotes": [
					[
						61595.7446808511,
						6,
						0
					],
					[
						61755.3191489362,
						5,
						0
					],
					[
						61914.8936170213,
						5,
						0
					],
					[
						62074.4680851064,
						7,
						0
					],
					[
						62154.255319149,
						7,
						0
					],
					[
						62234.0425531915,
						6,
						0
					],
					[
						62393.6170212766,
						4,
						0
					],
					[
						62553.1914893617,
						7,
						0
					],
					[
						62712.7659574468,
						5,
						0
					],
					[
						61595.7446808511,
						0,
						0
					],
					[
						61914.8936170213,
						3,
						0
					],
					[
						62234.0425531915,
						1,
						0
					],
					[
						62553.1914893617,
						0,
						239.36170212766
					]
				],
				"sectionBeats": 4,
				"altAnim": false,
				"gfSection": false,
				"bpm": 102,
				"changeBPM": false,
				"mustHitSection": false
			},
			{
				"sectionBeats": 4,
				"sectionNotes": [
					[
						63031.9148936171,
						5,
						0
					],
					[
						63191.4893617022,
						4,
						0
					],
					[
						63510.6382978724,
						7,
						0
					],
					[
						63829.7872340426,
						6,
						0
					],
					[
						63989.3617021277,
						5,
						0
					],
					[
						62872.340425532,
						6,
						0
					],
					[
						62872.340425532,
						2,
						0
					],
					[
						63191.4893617022,
						3,
						0
					],
					[
						63510.6382978724,
						1,
						0
					],
					[
						63829.7872340426,
						0,
						239.36170212766
					]
				],
				"typeOfSection": 0,
				"gfSection": false,
				"altAnim": false,
				"mustHitSection": false,
				"changeBPM": false,
				"bpm": 102
			},
			{
				"sectionBeats": 4,
				"sectionNotes": [
					[
						64148.9361702128,
						7,
						0
					],
					[
						64308.5106382979,
						4,
						0
					],
					[
						64468.085106383,
						6,
						0
					],
					[
						64627.6595744681,
						5,
						0
					],
					[
						64787.2340425532,
						7,
						0
					],
					[
						64946.8085106383,
						4,
						0
					],
					[
						65146.2765957447,
						6,
						0
					],
					[
						65359.0425531915,
						5,
						0
					],
					[
						64148.9361702128,
						2,
						0
					],
					[
						64468.085106383,
						3,
						0
					],
					[
						64627.6595744681,
						3,
						0
					],
					[
						64787.2340425532,
						1,
						0
					],
					[
						65106.3829787234,
						0,
						239.36170212766
					]
				],
				"typeOfSection": 0,
				"gfSection": false,
				"altAnim": false,
				"mustHitSection": false,
				"changeBPM": false,
				"bpm": 102
			},
			{
				"sectionBeats": 4,
				"sectionNotes": [
					[
						65744.6808510639,
						6,
						0
					],
					[
						65904.255319149,
						5,
						0
					],
					[
						66063.8297872341,
						7,
						0
					],
					[
						65545.2127659575,
						7,
						0
					],
					[
						65744.6808510639,
						3,
						0
					],
					[
						65904.255319149,
						1,
						0
					],
					[
						66063.8297872341,
						2,
						0
					],
					[
						66382.9787234043,
						0,
						239.36170212766
					],
					[
						65425.5319148937,
						2,
						0
					],
					[
						66382.9787234043,
						4,
						239.36170212766
					]
				],
				"typeOfSection": 0,
				"gfSection": false,
				"altAnim": false,
				"mustHitSection": false,
				"changeBPM": false,
				"bpm": 102
			},
			{
				"sectionBeats": 4,
				"sectionNotes": [
					[
						67340.4255319149,
						1,
						0
					],
					[
						67659.5744680851,
						0,
						0
					],
					[
						66702.1276595745,
						2,
						0
					],
					[
						66861.7021276596,
						0,
						0
					],
					[
						67021.2765957447,
						1,
						0
					],
					[
						67180.8510638298,
						3,
						0
					],
					[
						67500,
						1,
						0
					],
					[
						66702.1276595745,
						5,
						0
					],
					[
						67021.2765957447,
						7,
						0
					],
					[
						67340.4255319149,
						7,
						0
					],
					[
						67659.5744680851,
						4,
						0
					]
				],
				"typeOfSection": 0,
				"gfSection": false,
				"altAnim": false,
				"mustHitSection": true,
				"changeBPM": false,
				"bpm": 102
			},
			{
				"sectionBeats": 4,
				"sectionNotes": [
					[
						67978.7234042554,
						3,
						0
					],
					[
						68297.8723404256,
						2,
						0
					],
					[
						68617.0212765958,
						3,
						0
					],
					[
						68776.5957446809,
						1,
						0
					],
					[
						68936.170212766,
						0,
						319.148936170213
					],
					[
						67978.7234042554,
						6,
						0
					],
					[
						68297.8723404256,
						4,
						0
					],
					[
						68617.0212765958,
						7,
						0
					],
					[
						68936.170212766,
						5,
						239.36170212766,
						"Alt Animation"
					],
					[
						69175.5319148937,
						7,
						159.574468085106,
						"Alt Animation"
					]
				],
				"typeOfSection": 0,
				"gfSection": false,
				"altAnim": false,
				"mustHitSection": true,
				"changeBPM": false,
				"bpm": 102
			},
			{
				"sectionBeats": 4,
				"sectionNotes": [
					[
						69574.4680851064,
						3,
						0
					],
					[
						69414.8936170213,
						0,
						0
					],
					[
						69734.0425531915,
						2,
						0
					],
					[
						69893.6170212766,
						0,
						0
					],
					[
						70053.1914893617,
						3,
						0
					],
					[
						70212.7659574468,
						1,
						239.36170212766
					],
					[
						69255.3191489362,
						6,
						159.574468085106,
						"Alt Animation"
					]
				],
				"typeOfSection": 0,
				"gfSection": false,
				"altAnim": false,
				"mustHitSection": true,
				"changeBPM": false,
				"bpm": 102
			},
			{
				"sectionBeats": 4,
				"sectionNotes": [
					[
						70531.9148936171,
						2,
						0
					],
					[
						70691.4893617022,
						1,
						0
					],
					[
						70771.2765957447,
						0,
						0
					],
					[
						70851.0638297873,
						3,
						0
					],
					[
						71648.9361702128,
						0,
						0
					],
					[
						71489.3617021277,
						6,
						0,
						"Alt Animation"
					]
				],
				"typeOfSection": 0,
				"gfSection": false,
				"altAnim": false,
				"mustHitSection": true,
				"changeBPM": false,
				"bpm": 102
			},
			{
				"sectionBeats": 4,
				"sectionNotes": [
					[
						71808.5106382979,
						7,
						0
					],
					[
						71968.085106383,
						7,
						0
					],
					[
						72127.6595744681,
						6,
						0
					],
					[
						72287.2340425532,
						5,
						0
					],
					[
						72446.8085106383,
						7,
						0
					],
					[
						72606.3829787234,
						5,
						0
					],
					[
						72925.5319148936,
						4,
						0
					],
					[
						72127.6595744681,
						1,
						0,
						"Alt Animation"
					],
					[
						72446.8085106383,
						3,
						0,
						"Alt Animation"
					],
					[
						71808.5106382979,
						0,
						0,
						"Alt Animation"
					],
					[
						72765.9574468085,
						0,
						0,
						"Alt Animation"
					]
				],
				"typeOfSection": 0,
				"gfSection": false,
				"altAnim": false,
				"mustHitSection": false,
				"changeBPM": false,
				"bpm": 102
			},
			{
				"typeOfSection": 0,
				"sectionNotes": [
					[
						73085.1063829787,
						7,
						0
					],
					[
						73244.6808510639,
						4,
						0
					],
					[
						73404.255319149,
						6,
						0
					],
					[
						73563.8297872341,
						5,
						0
					],
					[
						73723.4042553192,
						4,
						0
					],
					[
						73882.9787234043,
						6,
						0
					],
					[
						74042.5531914894,
						7,
						0
					],
					[
						74202.1276595745,
						4,
						0
					],
					[
						73085.1063829787,
						1,
						0,
						"Alt Animation"
					],
					[
						73404.255319149,
						2,
						0,
						"Alt Animation"
					],
					[
						73723.4042553192,
						0,
						0,
						"Alt Animation"
					],
					[
						74042.5531914894,
						2,
						0,
						"Alt Animation"
					]
				],
				"sectionBeats": 4,
				"altAnim": false,
				"gfSection": false,
				"bpm": 102,
				"changeBPM": false,
				"mustHitSection": false
			},
			{
				"typeOfSection": 0,
				"sectionNotes": [
					[
						74361.7021276596,
						6,
						0
					],
					[
						74521.2765957447,
						5,
						0
					],
					[
						74680.8510638298,
						7,
						0
					],
					[
						75000,
						7,
						0
					],
					[
						75159.5744680851,
						5,
						0
					],
					[
						75319.1489361702,
						6,
						0
					],
					[
						75478.7234042553,
						4,
						0
					],
					[
						74361.7021276596,
						1,
						0,
						"Alt Animation"
					],
					[
						74680.8510638298,
						2,
						0,
						"Alt Animation"
					],
					[
						74840.4255319149,
						0,
						0,
						"Alt Animation"
					],
					[
						75000,
						3,
						0,
						"Alt Animation"
					],
					[
						75159.5744680851,
						1,
						0,
						"Alt Animation"
					],
					[
						75319.1489361702,
						2,
						0,
						"Alt Animation"
					]
				],
				"sectionBeats": 4,
				"altAnim": false,
				"gfSection": false,
				"bpm": 102,
				"changeBPM": false,
				"mustHitSection": false
			},
			{
				"typeOfSection": 0,
				"sectionNotes": [
					[
						75638.2978723404,
						6,
						0
					],
					[
						75797.8723404255,
						5,
						0
					],
					[
						75957.4468085106,
						7,
						0
					],
					[
						76117.0212765958,
						5,
						0
					],
					[
						76276.5957446809,
						6,
						239.36170212766
					],
					[
						76595.7446808511,
						5,
						0
					],
					[
						76755.3191489362,
						7,
						0
					],
					[
						75638.2978723404,
						0,
						0,
						"Alt Animation"
					],
					[
						75797.8723404255,
						1,
						0,
						"Alt Animation"
					],
					[
						75957.4468085106,
						3,
						0,
						"Alt Animation"
					],
					[
						76117.0212765958,
						1,
						0,
						"Alt Animation"
					],
					[
						76276.5957446809,
						0,
						0,
						"Alt Animation"
					],
					[
						76436.170212766,
						1,
						0,
						"Alt Animation"
					],
					[
						76595.7446808511,
						2,
						0
					],
					[
						76755.3191489362,
						1,
						0
					]
				],
				"sectionBeats": 4,
				"altAnim": false,
				"gfSection": false,
				"bpm": 102,
				"changeBPM": false,
				"mustHitSection": false
			},
			{
				"typeOfSection": 0,
				"sectionNotes": [
					[
						76914.8936170213,
						6,
						0
					],
					[
						77074.4680851064,
						5,
						0
					],
					[
						77234.0425531915,
						7,
						0
					],
					[
						77393.6170212766,
						6,
						0
					],
					[
						77553.1914893617,
						5,
						239.36170212766
					],
					[
						77952.1276595745,
						5,
						0
					],
					[
						78031.914893617,
						6,
						0
					],
					[
						77553.1914893617,
						1,
						159.574468085106,
						"Alt Animation"
					],
					[
						76914.8936170213,
						3,
						0
					],
					[
						77074.4680851064,
						1,
						0
					],
					[
						77234.0425531915,
						2,
						0
					],
					[
						77393.6170212766,
						0,
						0
					],
					[
						77872.3404255319,
						2,
						0
					],
					[
						78031.914893617,
						3,
						0
					]
				],
				"sectionBeats": 4,
				"altAnim": false,
				"gfSection": false,
				"bpm": 102,
				"changeBPM": false,
				"mustHitSection": false
			},
			{
				"sectionBeats": 4,
				"sectionNotes": [
					[
						78191.4893617021,
						4,
						0
					],
					[
						78351.0638297872,
						7,
						0
					],
					[
						78510.6382978723,
						6,
						0
					],
					[
						78670.2127659574,
						6,
						0
					],
					[
						78829.7872340426,
						4,
						0
					],
					[
						78989.3617021277,
						7,
						0
					],
					[
						79148.9361702128,
						6,
						239.36170212766
					],
					[
						78351.0638297872,
						1,
						0
					],
					[
						78510.6382978723,
						3,
						0
					],
					[
						79148.9361702128,
						1,
						0,
						"No Animation"
					],
					[
						78670.2127659574,
						0,
						0
					],
					[
						78191.4893617021,
						0,
						0
					],
					[
						78829.7872340426,
						1,
						159.574468085106,
						"Alt Animation"
					]
				],
				"typeOfSection": 0,
				"gfSection": false,
				"altAnim": false,
				"mustHitSection": false,
				"changeBPM": false,
				"bpm": 102
			},
			{
				"typeOfSection": 0,
				"sectionNotes": [
					[
						79468.085106383,
						4,
						0
					],
					[
						79787.2340425532,
						7,
						239.36170212766
					],
					[
						80106.3829787234,
						5,
						0
					],
					[
						80265.9574468085,
						4,
						0
					],
					[
						80425.5319148936,
						7,
						239.36170212766
					],
					[
						79627.6595744681,
						1,
						0,
						"No Animation"
					],
					[
						80106.3829787234,
						1,
						0,
						"No Animation"
					]
				],
				"sectionBeats": 4,
				"altAnim": false,
				"gfSection": false,
				"bpm": 102,
				"changeBPM": false,
				"mustHitSection": false
			},
			{
				"typeOfSection": 0,
				"sectionNotes": [
					[
						80744.6808510638,
						6,
						0
					],
					[
						80904.2553191489,
						4,
						0
					],
					[
						81063.829787234,
						6,
						239.36170212766
					],
					[
						81382.9787234042,
						7,
						159.574468085106
					],
					[
						81861.7021276596,
						5,
						0
					],
					[
						80744.6808510638,
						2,
						239.36170212766
					]
				],
				"sectionBeats": 4,
				"altAnim": false,
				"gfSection": false,
				"bpm": 102,
				"changeBPM": false,
				"mustHitSection": false
			},
			{
				"typeOfSection": 0,
				"sectionNotes": [
					[
						82021.2765957447,
						3,
						0
					],
					[
						82180.8510638298,
						2,
						0
					],
					[
						82340.4255319149,
						0,
						0
					],
					[
						82500,
						1,
						0
					],
					[
						82659.5744680851,
						2,
						0
					],
					[
						82819.1489361702,
						1,
						0
					],
					[
						82978.7234042553,
						3,
						0
					],
					[
						83138.2978723404,
						1,
						0
					],
					[
						82340.4255319149,
						4,
						159.574468085106,
						"Alt Animation"
					],
					[
						82659.5744680851,
						7,
						159.574468085106,
						"Alt Animation"
					],
					[
						82978.7234042553,
						4,
						239.36170212766,
						"Alt Animation"
					]
				],
				"sectionBeats": 4,
				"altAnim": false,
				"gfSection": false,
				"bpm": 102,
				"changeBPM": false,
				"mustHitSection": true
			},
			{
				"typeOfSection": 0,
				"sectionNotes": [
					[
						83297.8723404255,
						0,
						0
					],
					[
						83457.4468085106,
						1,
						0
					],
					[
						83617.0212765957,
						2,
						239.36170212766
					],
					[
						83936.1702127659,
						1,
						0
					],
					[
						84015.9574468085,
						0,
						0
					],
					[
						84095.744680851,
						3,
						0
					],
					[
						84255.3191489361,
						2,
						239.36170212766
					],
					[
						83297.8723404255,
						7,
						239.36170212766,
						"Alt Animation"
					],
					[
						83617.0212765957,
						6,
						0,
						"Alt Animation"
					],
					[
						83776.5957446808,
						6,
						0,
						"Alt Animation"
					],
					[
						83936.1702127659,
						4,
						239.36170212766,
						"Alt Animation"
					],
					[
						84414.8936170213,
						4,
						0,
						"Alt Animation"
					]
				],
				"sectionBeats": 4,
				"altAnim": false,
				"gfSection": false,
				"bpm": 102,
				"changeBPM": false,
				"mustHitSection": true
			},
			{
				"typeOfSection": 0,
				"sectionNotes": [
					[
						84574.4680851064,
						1,
						0
					],
					[
						84734.0425531915,
						0,
						0
					],
					[
						84893.6170212766,
						3,
						0
					],
					[
						85053.1914893617,
						2,
						0
					],
					[
						85212.7659574468,
						3,
						239.36170212766
					],
					[
						85531.914893617,
						2,
						239.36170212766
					],
					[
						84574.4680851064,
						5,
						0,
						"Alt Animation"
					],
					[
						84734.0425531915,
						6,
						0,
						"Alt Animation"
					],
					[
						84893.6170212766,
						5,
						159.574468085106,
						"Alt Animation"
					],
					[
						85212.7659574468,
						7,
						0,
						"Alt Animation"
					],
					[
						85372.3404255319,
						5,
						0,
						"Alt Animation"
					],
					[
						85531.914893617,
						4,
						0,
						"Alt Animation"
					],
					[
						85691.4893617021,
						5,
						0,
						"Alt Animation"
					]
				],
				"sectionBeats": 4,
				"altAnim": false,
				"gfSection": false,
				"bpm": 102,
				"changeBPM": false,
				"mustHitSection": true
			},
			{
				"typeOfSection": 0,
				"sectionNotes": [
					[
						85851.0638297872,
						1,
						0
					],
					[
						86010.6382978723,
						0,
						0
					],
					[
						86170.2127659574,
						3,
						0
					],
					[
						86489.3617021276,
						2,
						239.36170212766
					],
					[
						86808.5106382978,
						0,
						0
					],
					[
						86968.0851063829,
						1,
						0
					],
					[
						85851.0638297872,
						7,
						0,
						"Alt Animation"
					],
					[
						86170.2127659574,
						4,
						0,
						"Alt Animation"
					],
					[
						86329.7872340425,
						5,
						0,
						"Alt Animation"
					],
					[
						86489.3617021276,
						6,
						0,
						"Alt Animation"
					],
					[
						86808.5106382978,
						6,
						0,
						"Alt Animation"
					],
					[
						86968.0851063829,
						4,
						0,
						"Alt Animation"
					]
				],
				"sectionBeats": 4,
				"altAnim": false,
				"gfSection": false,
				"bpm": 102,
				"changeBPM": false,
				"mustHitSection": true
			},
			{
				"typeOfSection": 0,
				"sectionNotes": [
					[
						87127.6595744681,
						3,
						0
					],
					[
						87287.2340425532,
						2,
						0
					],
					[
						87446.8085106383,
						0,
						0
					],
					[
						87606.3829787234,
						3,
						0
					],
					[
						87765.9574468085,
						2,
						239.36170212766
					],
					[
						88085.1063829787,
						0,
						0
					],
					[
						88244.6808510638,
						1,
						0
					],
					[
						87127.6595744681,
						7,
						0,
						"Alt Animation"
					],
					[
						87446.8085106383,
						5,
						0,
						"Alt Animation"
					],
					[
						87606.3829787234,
						7,
						0,
						"Alt Animation"
					],
					[
						87765.9574468085,
						6,
						0,
						"Alt Animation"
					],
					[
						87925.5319148936,
						4,
						0,
						"Alt Animation"
					],
					[
						88085.1063829787,
						5,
						0,
						"Alt Animation"
					],
					[
						88244.6808510638,
						7,
						0,
						"Alt Animation"
					]
				],
				"sectionBeats": 4,
				"altAnim": false,
				"gfSection": false,
				"bpm": 102,
				"changeBPM": false,
				"mustHitSection": true
			},
			{
				"typeOfSection": 0,
				"sectionNotes": [
					[
						88404.2553191489,
						3,
						0
					],
					[
						88563.829787234,
						2,
						0
					],
					[
						88723.4042553191,
						1,
						0
					],
					[
						88882.9787234042,
						2,
						0
					],
					[
						89042.5531914893,
						3,
						0
					],
					[
						89122.3404255319,
						2,
						0
					],
					[
						89202.1276595744,
						0,
						0
					],
					[
						89361.7021276595,
						1,
						0
					],
					[
						89521.2765957446,
						2,
						0
					],
					[
						88404.2553191489,
						7,
						0,
						"Alt Animation"
					],
					[
						88723.4042553191,
						6,
						0,
						"Alt Animation"
					],
					[
						88882.9787234042,
						4,
						0,
						"Alt Animation"
					],
					[
						89042.5531914893,
						7,
						0,
						"Alt Animation"
					],
					[
						89122.3404255319,
						6,
						0,
						"Alt Animation"
					],
					[
						89202.1276595744,
						4,
						0,
						"Alt Animation"
					],
					[
						89521.2765957446,
						5,
						0,
						"Alt Animation"
					]
				],
				"sectionBeats": 4,
				"altAnim": false,
				"gfSection": false,
				"bpm": 102,
				"changeBPM": false,
				"mustHitSection": true
			},
			{
				"typeOfSection": 0,
				"sectionNotes": [
					[
						89680.8510638297,
						2,
						0
					],
					[
						89840.4255319149,
						0,
						0
					],
					[
						90000,
						3,
						0
					],
					[
						90159.5744680851,
						2,
						0
					],
					[
						90319.1489361702,
						1,
						239.36170212766
					],
					[
						90638.2978723404,
						3,
						0
					],
					[
						90797.8723404255,
						2,
						0
					],
					[
						89680.8510638297,
						4,
						0,
						"Alt Animation"
					],
					[
						89840.4255319149,
						6,
						0,
						"Alt Animation"
					],
					[
						90000,
						5,
						0,
						"Alt Animation"
					],
					[
						90159.5744680851,
						7,
						0,
						"Alt Animation"
					],
					[
						90239.3617021276,
						5,
						159.574468085106
					],
					[
						90718.0851063829,
						6,
						0,
						"Alt Animation"
					],
					[
						90797.8723404255,
						7,
						0,
						"Alt Animation"
					]
				],
				"sectionBeats": 4,
				"altAnim": false,
				"gfSection": false,
				"bpm": 102,
				"changeBPM": false,
				"mustHitSection": true
			},
			{
				"typeOfSection": 0,
				"sectionNotes": [
					[
						90957.4468085106,
						0,
						0
					],
					[
						91117.0212765957,
						1,
						0
					],
					[
						91276.5957446808,
						3,
						0
					],
					[
						91436.1702127659,
						2,
						0
					],
					[
						91595.744680851,
						0,
						0
					],
					[
						91755.3191489361,
						3,
						0
					],
					[
						91914.8936170212,
						1,
						558.510638297872
					],
					[
						91595.744680851,
						5,
						159.574468085106
					],
					[
						90957.4468085106,
						4,
						0,
						"Alt Animation"
					],
					[
						91117.0212765957,
						5,
						0,
						"Alt Animation"
					],
					[
						91276.5957446808,
						6,
						0,
						"Alt Animation"
					],
					[
						91436.1702127659,
						4,
						0,
						"Alt Animation"
					]
				],
				"sectionBeats": 4,
				"altAnim": false,
				"gfSection": false,
				"bpm": 102,
				"changeBPM": false,
				"mustHitSection": true
			},
			{
				"typeOfSection": 0,
				"sectionNotes": [],
				"sectionBeats": 4,
				"altAnim": false,
				"gfSection": false,
				"bpm": 102,
				"changeBPM": false,
				"mustHitSection": true
			},
			{
				"sectionBeats": 4,
				"sectionNotes": [],
				"typeOfSection": 0,
				"gfSection": false,
				"altAnim": false,
				"mustHitSection": true,
				"changeBPM": false,
				"bpm": 102
			},
			{
				"sectionBeats": 4,
				"sectionNotes": [],
				"typeOfSection": 0,
				"gfSection": false,
				"altAnim": false,
				"mustHitSection": true,
				"changeBPM": false,
				"bpm": 188
			},
			{
				"sectionBeats": 4,
				"sectionNotes": [],
				"typeOfSection": 0,
				"gfSection": false,
				"altAnim": false,
				"mustHitSection": true,
				"changeBPM": false,
				"bpm": 188
			},
			{
				"sectionBeats": 4,
				"sectionNotes": [],
				"typeOfSection": 0,
				"gfSection": false,
				"altAnim": false,
				"mustHitSection": true,
				"changeBPM": false,
				"bpm": 188
			},
			{
				"sectionBeats": 4,
				"sectionNotes": [],
				"typeOfSection": 0,
				"gfSection": false,
				"altAnim": false,
				"mustHitSection": true,
				"changeBPM": false,
				"bpm": 188
			},
			{
				"sectionBeats": 4,
				"sectionNotes": [],
				"typeOfSection": 0,
				"gfSection": false,
				"altAnim": false,
				"mustHitSection": true,
				"changeBPM": false,
				"bpm": 188
			},
			{
				"sectionBeats": 4,
				"sectionNotes": [],
				"typeOfSection": 0,
				"gfSection": false,
				"altAnim": false,
				"mustHitSection": true,
				"changeBPM": false,
				"bpm": 188
			},
			{
				"sectionBeats": 4,
				"sectionNotes": [],
				"typeOfSection": 0,
				"gfSection": false,
				"altAnim": false,
				"mustHitSection": true,
				"changeBPM": false,
				"bpm": 188
			},
			{
				"sectionBeats": 4,
				"sectionNotes": [],
				"typeOfSection": 0,
				"gfSection": false,
				"altAnim": false,
				"mustHitSection": true,
				"changeBPM": false,
				"bpm": 188
			},
			{
				"sectionBeats": 4,
				"sectionNotes": [],
				"typeOfSection": 0,
				"gfSection": false,
				"altAnim": false,
				"mustHitSection": true,
				"changeBPM": false,
				"bpm": 188
			},
			{
				"sectionBeats": 4,
				"sectionNotes": [],
				"typeOfSection": 0,
				"gfSection": false,
				"altAnim": false,
				"mustHitSection": true,
				"changeBPM": false,
				"bpm": 188
			},
			{
				"sectionBeats": 4,
				"sectionNotes": [],
				"typeOfSection": 0,
				"gfSection": false,
				"altAnim": false,
				"mustHitSection": true,
				"changeBPM": false,
				"bpm": 188
			},
			{
				"sectionBeats": 4,
				"sectionNotes": [],
				"typeOfSection": 0,
				"gfSection": false,
				"altAnim": false,
				"mustHitSection": true,
				"changeBPM": false,
				"bpm": 188
			},
			{
				"sectionBeats": 4,
				"sectionNotes": [],
				"typeOfSection": 0,
				"gfSection": false,
				"altAnim": false,
				"mustHitSection": true,
				"changeBPM": false,
				"bpm": 188
			},
			{
				"sectionBeats": 4,
				"sectionNotes": [],
				"typeOfSection": 0,
				"gfSection": false,
				"altAnim": false,
				"mustHitSection": true,
				"changeBPM": false,
				"bpm": 188
			},
			{
				"sectionBeats": 4,
				"sectionNotes": [],
				"typeOfSection": 0,
				"gfSection": false,
				"altAnim": false,
				"mustHitSection": true,
				"changeBPM": false,
				"bpm": 188
			},
			{
				"sectionBeats": 4,
				"sectionNotes": [],
				"typeOfSection": 0,
				"gfSection": false,
				"altAnim": false,
				"mustHitSection": true,
				"changeBPM": false,
				"bpm": 188
			},
			{
				"sectionBeats": 4,
				"sectionNotes": [],
				"typeOfSection": 0,
				"gfSection": false,
				"altAnim": false,
				"mustHitSection": true,
				"changeBPM": false,
				"bpm": 188
			},
			{
				"sectionBeats": 4,
				"sectionNotes": [],
				"typeOfSection": 0,
				"gfSection": false,
				"altAnim": false,
				"mustHitSection": true,
				"changeBPM": false,
				"bpm": 188
			},
			{
				"sectionBeats": 4,
				"sectionNotes": [],
				"typeOfSection": 0,
				"gfSection": false,
				"altAnim": false,
				"mustHitSection": true,
				"changeBPM": false,
				"bpm": 188
			},
			{
				"sectionBeats": 4,
				"sectionNotes": [],
				"typeOfSection": 0,
				"gfSection": false,
				"altAnim": false,
				"mustHitSection": true,
				"changeBPM": false,
				"bpm": 188
			},
			{
				"typeOfSection": 0,
				"sectionNotes": [],
				"sectionBeats": 4,
				"altAnim": false,
				"gfSection": false,
				"bpm": 188,
				"changeBPM": false,
				"mustHitSection": true
			},
			{
				"sectionBeats": 4,
				"sectionNotes": [],
				"typeOfSection": 0,
				"gfSection": false,
				"altAnim": false,
				"mustHitSection": true,
				"changeBPM": false,
				"bpm": 188
			},
			{
				"sectionBeats": 4,
				"sectionNotes": [],
				"typeOfSection": 0,
				"gfSection": false,
				"altAnim": false,
				"mustHitSection": true,
				"changeBPM": false,
				"bpm": 188
			},
			{
				"sectionBeats": 4,
				"sectionNotes": [],
				"typeOfSection": 0,
				"gfSection": false,
				"altAnim": false,
				"mustHitSection": true,
				"changeBPM": false,
				"bpm": 188
			},
			{
				"sectionBeats": 4,
				"sectionNotes": [],
				"typeOfSection": 0,
				"gfSection": false,
				"altAnim": false,
				"mustHitSection": true,
				"changeBPM": false,
				"bpm": 188
			},
			{
				"sectionBeats": 4,
				"sectionNotes": [],
				"typeOfSection": 0,
				"gfSection": false,
				"altAnim": false,
				"mustHitSection": true,
				"changeBPM": false,
				"bpm": 188
			},
			{
				"sectionBeats": 4,
				"sectionNotes": [],
				"typeOfSection": 0,
				"gfSection": false,
				"altAnim": false,
				"mustHitSection": true,
				"changeBPM": false,
				"bpm": 188
			},
			{
				"typeOfSection": 0,
				"sectionNotes": [],
				"sectionBeats": 4,
				"altAnim": false,
				"gfSection": false,
				"bpm": 188,
				"changeBPM": false,
				"mustHitSection": true
			},
			{
				"typeOfSection": 0,
				"sectionNotes": [],
				"sectionBeats": 4,
				"altAnim": false,
				"gfSection": false,
				"bpm": 188,
				"changeBPM": false,
				"mustHitSection": true
			},
			{
				"sectionBeats": 4,
				"sectionNotes": [],
				"typeOfSection": 0,
				"gfSection": false,
				"altAnim": false,
				"mustHitSection": true,
				"changeBPM": false,
				"bpm": 188
			},
			{
				"sectionBeats": 4,
				"sectionNotes": [],
				"typeOfSection": 0,
				"gfSection": false,
				"altAnim": false,
				"mustHitSection": true,
				"changeBPM": false,
				"bpm": 188
			},
			{
				"gfSection": false,
				"altAnim": false,
				"typeOfSection": 0,
				"sectionNotes": [],
				"bpm": 188,
				"sectionBeats": 4,
				"changeBPM": false,
				"mustHitSection": true
			},
			{
				"gfSection": false,
				"altAnim": false,
				"typeOfSection": 0,
				"sectionNotes": [],
				"bpm": 188,
				"sectionBeats": 4,
				"changeBPM": false,
				"mustHitSection": true
			},
			{
				"gfSection": false,
				"altAnim": false,
				"typeOfSection": 0,
				"sectionNotes": [],
				"bpm": 188,
				"sectionBeats": 4,
				"changeBPM": false,
				"mustHitSection": true
			},
			{
				"gfSection": false,
				"altAnim": false,
				"typeOfSection": 0,
				"sectionNotes": [],
				"bpm": 188,
				"sectionBeats": 4,
				"changeBPM": false,
				"mustHitSection": true
			}
		],
		"events": [
			[
				79148.9361702128,
				[
					[
						"Play Animation",
						"clear",
						"Dad"
					]
				]
			],
			[
				79627.6595744681,
				[
					[
						"Play Animation",
						"clear",
						"Dad"
					]
				]
			],
			[
				80106.3829787234,
				[
					[
						"Play Animation",
						"clear",
						"Dad"
					]
				]
			]
		],
		"player2": "peak",
		"splashSkin": "noteSplashes",
		"song": "jeans",
		"needsVoices": true,
		"arrowSkin": "",
		"stage": "17buck",
		"validScore": true,
		"bpm": 188,
		"speed": 2.5
	}
}