{
	"song": {
		"player1": "pook-player",
		"gfVersion": "radio",
		"notes": [
			{
				"sectionBeats": 4,
				"sectionNotes": [],
				"typeOfSection": 0,
				"gfSection": false,
				"altAnim": false,
				"mustHitSection": false,
				"changeBPM": false,
				"bpm": 150
			},
			{
				"sectionBeats": 4,
				"sectionNotes": [],
				"typeOfSection": 0,
				"gfSection": false,
				"altAnim": false,
				"mustHitSection": false,
				"changeBPM": false,
				"bpm": 150
			},
			{
				"sectionBeats": 4,
				"sectionNotes": [],
				"typeOfSection": 0,
				"gfSection": false,
				"altAnim": false,
				"mustHitSection": true,
				"changeBPM": false,
				"bpm": 150
			},
			{
				"sectionBeats": 4,
				"sectionNotes": [],
				"typeOfSection": 0,
				"gfSection": false,
				"altAnim": false,
				"mustHitSection": true,
				"changeBPM": false,
				"bpm": 150
			},
			{
				"sectionBeats": 4,
				"sectionNotes": [
					[
						10549.4505494506,
						0,
						0
					],
					[
						10714.2857142857,
						1,
						0
					],
					[
						10879.1208791209,
						3,
						0
					],
					[
						11043.956043956,
						1,
						0
					],
					[
						11208.7912087912,
						2,
						0
					],
					[
						11538.4615384615,
						0,
						0
					],
					[
						11703.2967032967,
						3,
						0
					],
					[
						12032.967032967,
						0,
						0
					],
					[
						12197.8021978022,
						1,
						0
					],
					[
						12857.1428571429,
						2,
						0
					],
					[
						12362.6373626374,
						3,
						0
					],
					[
						11373.6263736264,
						1,
						0
					],
					[
						12527.4725274725,
						2,
						0
					],
					[
						12692.3076923077,
						2,
						0
					],
					[
						13021.978021978,
						2,
						0
					]
				],
				"typeOfSection": 0,
				"gfSection": false,
				"altAnim": false,
				"mustHitSection": false,
				"changeBPM": false,
				"bpm": 150
			},
			{
				"sectionBeats": 4,
				"sectionNotes": [
					[
						13351.6483516483,
						2,
						0
					],
					[
						13516.4835164835,
						3,
						0
					],
					[
						14835.1648351648,
						3,
						0
					],
					[
						15494.5054945055,
						0,
						0
					],
					[
						15494.5054945055,
						1,
						0
					],
					[
						13186.8131868132,
						3,
						0
					],
					[
						14010.989010989,
						1,
						0
					],
					[
						14175.8241758242,
						2,
						0
					],
					[
						13681.3186813187,
						0,
						0
					],
					[
						13763.7362637363,
						0,
						0
					],
					[
						13846.1538461538,
						0,
						0
					],
					[
						14340.6593406593,
						2,
						0
					],
					[
						14670.3296703297,
						0,
						0
					],
					[
						15000,
						1,
						0
					],
					[
						15164.8351648352,
						3,
						0
					],
					[
						15329.6703296703,
						2,
						0
					],
					[
						14670.3296703297,
						7,
						0
					],
					[
						14835.1648351648,
						4,
						0
					],
					[
						15000,
						5,
						0
					],
					[
						15164.8351648352,
						6,
						0
					],
					[
						15329.6703296703,
						7,
						0
					],
					[
						15494.5054945055,
						6,
						0
					],
					[
						15659.3406593407,
						5,
						0
					]
				],
				"typeOfSection": 0,
				"gfSection": false,
				"altAnim": false,
				"mustHitSection": false,
				"changeBPM": false,
				"bpm": 150
			},
			{
				"sectionBeats": 4,
				"sectionNotes": [
					[
						15824.1758241758,
						0,
						0
					],
					[
						15989.010989011,
						1,
						0
					],
					[
						16153.8461538462,
						3,
						0
					],
					[
						16318.6813186813,
						1,
						0
					],
					[
						16483.5164835165,
						2,
						0
					],
					[
						16813.1868131868,
						0,
						0
					],
					[
						16978.021978022,
						3,
						0
					],
					[
						17142.8571428571,
						2,
						0
					],
					[
						17307.6923076923,
						0,
						0
					],
					[
						17390.1098901099,
						3,
						0
					],
					[
						17802.1978021978,
						2,
						0
					],
					[
						17967.032967033,
						0,
						0
					],
					[
						17472.5274725275,
						1,
						0
					],
					[
						18131.8681318681,
						2,
						0
					],
					[
						18131.8681318681,
						3,
						0
					],
					[
						17637.3626373626,
						3,
						0
					],
					[
						17802.1978021978,
						1,
						0
					]
				],
				"typeOfSection": 0,
				"gfSection": false,
				"altAnim": false,
				"mustHitSection": true,
				"changeBPM": false,
				"bpm": 150
			},
			{
				"sectionBeats": 4,
				"sectionNotes": [
					[
						18626.3736263736,
						2,
						0
					],
					[
						18791.2087912088,
						3,
						0
					],
					[
						18956.043956044,
						1,
						0
					],
					[
						19120.8791208791,
						0,
						0
					],
					[
						19285.7142857143,
						3,
						0
					],
					[
						19615.3846153846,
						3,
						0
					],
					[
						19450.5494505494,
						0,
						0
					],
					[
						19780.2197802198,
						1,
						0
					],
					[
						19945.0549450549,
						2,
						0
					],
					[
						20109.8901098901,
						3,
						0
					],
					[
						20274.7252747253,
						0,
						0
					],
					[
						20439.5604395604,
						2,
						0
					],
					[
						20769.2307692308,
						0,
						0
					],
					[
						20439.5604395604,
						3,
						0
					],
					[
						20769.2307692308,
						1,
						0
					]
				],
				"typeOfSection": 0,
				"gfSection": false,
				"altAnim": false,
				"mustHitSection": true,
				"changeBPM": false,
				"bpm": 150
			},
			{
				"sectionBeats": 4,
				"sectionNotes": [
					[
						21263.7362637363,
						0,
						0
					],
					[
						21346.1538461539,
						0,
						0
					],
					[
						21923.0769230769,
						3,
						0
					],
					[
						22252.7472527473,
						3,
						0
					],
					[
						21758.2417582418,
						1,
						0
					],
					[
						22087.9120879121,
						0,
						0
					],
					[
						23076.9230769231,
						0,
						0
					],
					[
						22870.8791208791,
						3,
						0
					],
					[
						23406.5934065934,
						1,
						0
					],
					[
						21428.5714285714,
						1,
						0
					],
					[
						21593.4065934066,
						2,
						0
					],
					[
						22417.5824175824,
						2,
						0
					],
					[
						22582.4175824176,
						0,
						0
					],
					[
						22747.2527472527,
						1,
						0
					],
					[
						23200.5494505495,
						2,
						0
					],
					[
						23406.5934065934,
						3,
						0
					]
				],
				"typeOfSection": 0,
				"gfSection": false,
				"altAnim": false,
				"mustHitSection": false,
				"changeBPM": false,
				"bpm": 150
			},
			{
				"sectionBeats": 4,
				"sectionNotes": [
					[
						23901.0989010989,
						0,
						0
					],
					[
						23983.5164835165,
						0,
						0
					],
					[
						24065.9340659341,
						2,
						0
					],
					[
						24230.7692307692,
						3,
						0
					],
					[
						24560.4395604396,
						3,
						0
					],
					[
						24890.1098901099,
						3,
						0
					],
					[
						24395.6043956044,
						1,
						0
					],
					[
						24725.2747252747,
						0,
						0
					],
					[
						25054.9450549451,
						0,
						0
					],
					[
						25219.7802197802,
						1,
						0
					],
					[
						25384.6153846154,
						2,
						0
					],
					[
						25714.2857142857,
						0,
						0
					],
					[
						25837.9120879121,
						3,
						0
					],
					[
						25508.2417582418,
						3,
						0
					],
					[
						26043.956043956,
						2,
						0
					],
					[
						26043.956043956,
						1,
						0
					]
				],
				"typeOfSection": 0,
				"gfSection": false,
				"altAnim": false,
				"mustHitSection": true,
				"changeBPM": false,
				"bpm": 150
			},
			{
				"sectionBeats": 4,
				"sectionNotes": [
					[
						26373.6263736264,
						2,
						0
					],
					[
						26703.2967032967,
						1,
						0
					],
					[
						26868.1318681319,
						0,
						0
					],
					[
						26373.6263736264,
						3,
						0
					],
					[
						27032.967032967,
						2,
						0
					],
					[
						27197.8021978022,
						3,
						0
					],
					[
						27362.6373626374,
						1,
						0
					],
					[
						27527.4725274725,
						0,
						0
					],
					[
						27692.3076923077,
						1,
						0
					],
					[
						27774.7252747253,
						1,
						0
					],
					[
						27857.1428571429,
						2,
						0
					],
					[
						28021.978021978,
						3,
						0
					],
					[
						28186.8131868132,
						1,
						0
					],
					[
						28269.2307692308,
						1,
						0
					],
					[
						28351.6483516484,
						2,
						0
					],
					[
						28516.4835164835,
						0,
						0
					],
					[
						28598.9010989011,
						0,
						0
					],
					[
						28681.3186813187,
						1,
						0
					],
					[
						28681.3186813187,
						2,
						0
					],
					[
						28846.1538461539,
						3,
						0
					]
				],
				"typeOfSection": 0,
				"gfSection": false,
				"altAnim": false,
				"mustHitSection": false,
				"changeBPM": false,
				"bpm": 150
			},
			{
				"sectionBeats": 4,
				"sectionNotes": [
					[
						30000,
						1,
						0
					],
					[
						30329.6703296703,
						1,
						0
					],
					[
						29010.989010989,
						1,
						0
					],
					[
						29340.6593406593,
						0,
						0
					],
					[
						29505.4945054945,
						3,
						0
					],
					[
						29010.989010989,
						2,
						0
					],
					[
						29835.1648351648,
						0,
						0
					],
					[
						29670.3296703297,
						1,
						0
					],
					[
						30082.4175824176,
						1,
						0
					],
					[
						30164.8351648352,
						2,
						0
					],
					[
						30453.2967032967,
						3,
						0
					],
					[
						30659.3406593407,
						1,
						0
					],
					[
						30824.1758241758,
						0,
						0
					],
					[
						30906.5934065934,
						0,
						0
					],
					[
						30989.010989011,
						3,
						0
					],
					[
						31126.3736263736,
						2,
						0
					],
					[
						31318.6813186813,
						3,
						0
					],
					[
						31483.5164835165,
						2,
						0
					],
					[
						31318.6813186813,
						1,
						0
					],
					[
						31483.5164835165,
						0,
						0
					],
					[
						29340.6593406593,
						7,
						0
					],
					[
						29010.989010989,
						6,
						0
					],
					[
						29175.8241758242,
						5,
						0
					],
					[
						29505.4945054945,
						4,
						0
					],
					[
						29670.3296703297,
						5,
						0
					],
					[
						30329.6703296703,
						5,
						0
					],
					[
						30000,
						4,
						0
					],
					[
						30164.8351648352,
						7,
						0
					],
					[
						30659.3406593407,
						4,
						0
					],
					[
						30824.1758241758,
						7,
						0
					],
					[
						30989.010989011,
						5,
						0
					],
					[
						31318.6813186813,
						5,
						0
					]
				],
				"typeOfSection": 0,
				"gfSection": false,
				"altAnim": false,
				"mustHitSection": true,
				"changeBPM": false,
				"bpm": 91
			},
			{
				"sectionBeats": 4,
				"sectionNotes": [
					[
						31813.1868131868,
						0,
						0
					],
					[
						31895.6043956044,
						0,
						0
					],
					[
						31978.021978022,
						2,
						0
					],
					[
						32307.6923076923,
						0,
						0
					],
					[
						32637.3626373626,
						1,
						0
					],
					[
						32802.1978021978,
						2,
						0
					],
					[
						32994.5054945055,
						0,
						0
					],
					[
						32802.1978021978,
						3,
						0
					],
					[
						32994.5054945055,
						1,
						0
					],
					[
						32445.054945055,
						3,
						0
					],
					[
						33131.8681318681,
						3,
						0
					],
					[
						33296.7032967033,
						3,
						0
					],
					[
						33461.5384615385,
						1,
						0
					],
					[
						33956.043956044,
						0,
						0
					],
					[
						33626.3736263736,
						2,
						0
					],
					[
						33791.2087912088,
						3,
						0
					],
					[
						32142.8571428572,
						3,
						0
					]
				],
				"typeOfSection": 0,
				"gfSection": false,
				"altAnim": false,
				"mustHitSection": true,
				"changeBPM": false,
				"bpm": 91
			},
			{
				"sectionBeats": 4,
				"sectionNotes": [
					[
						35274.7252747253,
						1,
						0
					],
					[
						35439.5604395605,
						2,
						0
					],
					[
						35631.8681318681,
						0,
						0
					],
					[
						35439.5604395605,
						3,
						0
					],
					[
						35631.8681318681,
						1,
						0
					],
					[
						34615.3846153846,
						3,
						0
					],
					[
						34780.2197802198,
						1,
						0
					],
					[
						34532.967032967,
						3,
						0
					],
					[
						34450.5494505495,
						3,
						0
					],
					[
						34945.054945055,
						2,
						0
					],
					[
						35082.4175824176,
						0,
						0
					],
					[
						35934.0659340659,
						0,
						0
					],
					[
						35769.2307692308,
						3,
						0
					],
					[
						36098.9010989011,
						2,
						0
					],
					[
						36263.7362637363,
						1,
						0
					],
					[
						36428.5714285714,
						0,
						0
					],
					[
						36593.4065934066,
						3,
						0
					]
				],
				"typeOfSection": 0,
				"gfSection": false,
				"altAnim": false,
				"mustHitSection": false,
				"changeBPM": false,
				"bpm": 91
			},
			{
				"sectionBeats": 4,
				"sectionNotes": [
					[
						36923.0769230769,
						2,
						0
					],
					[
						37252.7472527473,
						1,
						0
					],
					[
						37417.5824175824,
						0,
						0
					],
					[
						37582.4175824176,
						3,
						0
					],
					[
						37747.2527472528,
						1,
						0
					],
					[
						37912.0879120879,
						3,
						0
					],
					[
						38076.9230769231,
						1,
						0
					],
					[
						38406.5934065934,
						2,
						0
					],
					[
						38241.7582417583,
						0,
						0
					],
					[
						38571.4285714286,
						1,
						0
					],
					[
						38901.0989010989,
						1,
						0
					],
					[
						38818.6813186813,
						0,
						0
					],
					[
						39395.6043956044,
						3,
						0
					],
					[
						39230.7692307692,
						1,
						0
					],
					[
						38901.0989010989,
						3,
						0
					],
					[
						39065.9340659341,
						2,
						0
					],
					[
						39230.7692307692,
						0,
						0
					],
					[
						38324.1758241758,
						0,
						0
					],
					[
						38736.2637362637,
						0,
						0
					],
					[
						39148.3516483517,
						2,
						0
					]
				],
				"typeOfSection": 0,
				"gfSection": false,
				"altAnim": false,
				"mustHitSection": true,
				"changeBPM": false,
				"bpm": 91
			},
			{
				"sectionBeats": 4,
				"sectionNotes": [
					[
						39890.1098901099,
						7,
						0
					],
					[
						40054.9450549451,
						5,
						0
					],
					[
						39560.4395604396,
						4,
						0
					],
					[
						40219.7802197802,
						6,
						0
					],
					[
						40549.4505494506,
						7,
						0
					],
					[
						41208.7912087912,
						7,
						0
					],
					[
						41373.6263736264,
						5,
						0
					],
					[
						41538.4615384616,
						6,
						0
					],
					[
						41703.2967032967,
						7,
						0
					],
					[
						39560.4395604396,
						3,
						0
					],
					[
						39890.1098901099,
						0,
						0
					],
					[
						40054.9450549451,
						1,
						0
					],
					[
						40219.7802197802,
						3,
						0
					],
					[
						40549.4505494506,
						2,
						0
					],
					[
						40714.2857142857,
						0,
						0
					],
					[
						40357.1428571429,
						0,
						0
					],
					[
						40879.1208791209,
						3,
						0
					],
					[
						41043.9560439561,
						3,
						0
					],
					[
						41208.7912087912,
						2,
						0
					],
					[
						41373.6263736264,
						0,
						0
					],
					[
						41456.043956044,
						0,
						0
					],
					[
						41703.2967032967,
						1,
						0
					],
					[
						41538.4615384616,
						3,
						0
					],
					[
						41895.6043956044,
						2,
						0
					],
					[
						41895.6043956044,
						6,
						0
					],
					[
						41895.6043956044,
						1,
						0
					],
					[
						42060.4395604396,
						0,
						0
					],
					[
						42060.4395604396,
						3,
						0
					],
					[
						41895.6043956044,
						5,
						0
					],
					[
						42060.4395604396,
						4,
						0
					],
					[
						42060.4395604396,
						7,
						0
					],
					[
						40357.1428571429,
						4,
						0
					],
					[
						40879.1208791209,
						4,
						0
					],
					[
						39560.4395604396,
						5,
						0
					],
					[
						39560.4395604396,
						2,
						0
					],
					[
						40714.2857142857,
						5,
						0
					],
					[
						40879.1208791209,
						6,
						0
					]
				],
				"typeOfSection": 0,
				"gfSection": false,
				"altAnim": false,
				"mustHitSection": false,
				"changeBPM": false,
				"bpm": 91
			},
			{
				"sectionBeats": 4,
				"sectionNotes": [
					[
						42197.8021978022,
						0,
						0
					],
					[
						42362.6373626374,
						1,
						0
					],
					[
						42527.4725274725,
						3,
						0
					],
					[
						42692.3076923077,
						1,
						0
					],
					[
						42857.1428571429,
						2,
						0
					],
					[
						43186.8131868132,
						0,
						0
					],
					[
						43351.6483516484,
						3,
						0
					],
					[
						43681.3186813187,
						0,
						0
					],
					[
						43846.1538461538,
						1,
						0
					],
					[
						44505.4945054945,
						2,
						0
					],
					[
						44010.989010989,
						3,
						0
					],
					[
						43021.978021978,
						1,
						0
					],
					[
						44175.8241758242,
						2,
						0
					],
					[
						44340.6593406593,
						2,
						0
					],
					[
						44670.3296703297,
						2,
						0
					]
				],
				"typeOfSection": 0,
				"gfSection": false,
				"altAnim": false,
				"mustHitSection": false,
				"changeBPM": false,
				"bpm": 91
			},
			{
				"sectionBeats": 4,
				"sectionNotes": [
					[
						45000,
						2,
						0
					],
					[
						45164.8351648352,
						3,
						0
					],
					[
						46483.5164835165,
						3,
						0
					],
					[
						47142.8571428571,
						0,
						0
					],
					[
						47142.8571428571,
						1,
						0
					],
					[
						44835.1648351648,
						3,
						0
					],
					[
						45659.3406593407,
						1,
						0
					],
					[
						45824.1758241758,
						2,
						0
					],
					[
						45329.6703296703,
						0,
						0
					],
					[
						45412.0879120879,
						0,
						0
					],
					[
						45494.5054945055,
						0,
						0
					],
					[
						45989.010989011,
						2,
						0
					],
					[
						46318.6813186813,
						0,
						0
					],
					[
						46648.3516483517,
						1,
						0
					],
					[
						46813.1868131868,
						3,
						0
					],
					[
						46978.021978022,
						2,
						0
					],
					[
						46318.6813186813,
						7,
						0
					],
					[
						46483.5164835165,
						4,
						0
					],
					[
						46648.3516483517,
						5,
						0
					],
					[
						46813.1868131868,
						6,
						0
					],
					[
						46978.021978022,
						7,
						0
					],
					[
						47142.8571428571,
						6,
						0
					],
					[
						47307.6923076923,
						5,
						0
					]
				],
				"typeOfSection": 0,
				"gfSection": false,
				"altAnim": false,
				"mustHitSection": false,
				"changeBPM": false,
				"bpm": 91
			},
			{
				"sectionBeats": 4,
				"sectionNotes": [
					[
						47472.5274725275,
						0,
						0
					],
					[
						47637.3626373626,
						1,
						0
					],
					[
						47802.1978021978,
						3,
						0
					],
					[
						47967.032967033,
						1,
						0
					],
					[
						48131.8681318681,
						2,
						0
					],
					[
						48461.5384615385,
						0,
						0
					],
					[
						48626.3736263736,
						3,
						0
					],
					[
						48791.2087912088,
						2,
						0
					],
					[
						48956.043956044,
						0,
						0
					],
					[
						49038.4615384615,
						3,
						0
					],
					[
						49450.5494505495,
						2,
						0
					],
					[
						49615.3846153846,
						0,
						0
					],
					[
						49120.8791208791,
						1,
						0
					],
					[
						49780.2197802198,
						2,
						0
					],
					[
						49780.2197802198,
						3,
						0
					],
					[
						49285.7142857143,
						3,
						0
					],
					[
						49450.5494505495,
						1,
						0
					]
				],
				"typeOfSection": 0,
				"gfSection": false,
				"altAnim": false,
				"mustHitSection": true,
				"changeBPM": false,
				"bpm": 91
			},
			{
				"sectionBeats": 4,
				"sectionNotes": [
					[
						50274.7252747253,
						2,
						0
					],
					[
						50439.5604395604,
						3,
						0
					],
					[
						50604.3956043956,
						1,
						0
					],
					[
						50769.2307692308,
						0,
						0
					],
					[
						50934.0659340659,
						3,
						0
					],
					[
						51263.7362637363,
						3,
						0
					],
					[
						51098.9010989011,
						0,
						0
					],
					[
						51428.5714285714,
						1,
						0
					],
					[
						51593.4065934066,
						2,
						0
					],
					[
						51758.2417582418,
						3,
						0
					],
					[
						51923.0769230769,
						0,
						0
					],
					[
						52087.9120879121,
						2,
						0
					],
					[
						52417.5824175824,
						0,
						0
					],
					[
						52087.9120879121,
						3,
						0
					],
					[
						52417.5824175824,
						1,
						0
					]
				],
				"typeOfSection": 0,
				"gfSection": false,
				"altAnim": false,
				"mustHitSection": true,
				"changeBPM": false,
				"bpm": 91
			},
			{
				"sectionBeats": 4,
				"sectionNotes": [
					[
						53076.9230769231,
						3,
						0
					],
					[
						53406.5934065934,
						2,
						0
					],
					[
						53736.2637362637,
						0,
						0
					],
					[
						53901.0989010989,
						3,
						0
					],
					[
						54230.7692307692,
						0,
						0
					],
					[
						54395.6043956044,
						1,
						0
					],
					[
						54560.4395604396,
						3,
						0
					],
					[
						53571.4285714286,
						1,
						0
					],
					[
						52747.2527472528,
						1,
						0
					],
					[
						53241.7582417583,
						0,
						0
					],
					[
						54890.1098901099,
						3,
						0
					],
					[
						55054.9450549451,
						1,
						0
					],
					[
						54725.2747252748,
						2,
						0
					],
					[
						55219.7802197802,
						0,
						0
					]
				],
				"typeOfSection": 0,
				"gfSection": false,
				"altAnim": false,
				"mustHitSection": true,
				"changeBPM": false,
				"bpm": 91
			},
			{
				"sectionBeats": 4,
				"sectionNotes": [
					[
						57032.967032967,
						3,
						0
					],
					[
						57692.3076923077,
						0,
						0
					],
					[
						57692.3076923077,
						1,
						0
					],
					[
						55384.6153846154,
						3,
						0
					],
					[
						55879.1208791209,
						0,
						0
					],
					[
						55961.5384615385,
						0,
						0
					],
					[
						56868.1318681319,
						0,
						0
					],
					[
						56868.1318681319,
						7,
						0
					],
					[
						57032.967032967,
						4,
						0
					],
					[
						57197.8021978022,
						5,
						0
					],
					[
						57362.6373626374,
						6,
						0
					],
					[
						57527.4725274725,
						7,
						0
					],
					[
						57692.3076923077,
						6,
						0
					],
					[
						57857.1428571429,
						5,
						0
					],
					[
						55549.4505494506,
						0,
						0
					],
					[
						55714.2857142857,
						2,
						0
					],
					[
						56043.9560439561,
						2,
						0
					],
					[
						56208.7912087912,
						3,
						0
					],
					[
						56373.6263736264,
						0,
						0
					],
					[
						56538.4615384616,
						3,
						0
					],
					[
						56373.6263736264,
						1,
						0
					],
					[
						56043.9560439561,
						1,
						0
					],
					[
						57197.8021978022,
						2,
						0
					],
					[
						57362.6373626374,
						0,
						0
					],
					[
						57527.4725274726,
						3,
						0
					]
				],
				"typeOfSection": 0,
				"gfSection": false,
				"altAnim": false,
				"mustHitSection": true,
				"changeBPM": false,
				"bpm": 91
			},
			{
				"sectionBeats": 4,
				"sectionNotes": [
					[
						58351.6483516484,
						3,
						0
					],
					[
						59505.4945054945,
						0,
						0
					],
					[
						60164.8351648352,
						0,
						0
					],
					[
						59670.3296703297,
						1,
						0
					],
					[
						60329.6703296703,
						2,
						0
					],
					[
						60329.6703296703,
						3,
						0
					],
					[
						60000,
						1,
						0
					],
					[
						58186.8131868132,
						0,
						0
					],
					[
						58021.9780219781,
						2,
						0
					],
					[
						58516.4835164835,
						2,
						0
					],
					[
						58681.3186813187,
						1,
						0
					],
					[
						59010.989010989,
						2,
						0
					],
					[
						59175.8241758242,
						0,
						0
					],
					[
						59340.6593406594,
						3,
						0
					],
					[
						59587.9120879121,
						0,
						0
					],
					[
						59835.1648351649,
						2,
						0
					],
					[
						60000,
						3,
						0
					]
				],
				"typeOfSection": 0,
				"gfSection": false,
				"altAnim": false,
				"mustHitSection": false,
				"changeBPM": false,
				"bpm": 91
			},
			{
				"sectionBeats": 4,
				"sectionNotes": [
					[
						60989.010989011,
						3,
						0
					],
					[
						61153.8461538462,
						1,
						0
					],
					[
						61978.021978022,
						1,
						0
					],
					[
						60824.1758241759,
						0,
						0
					],
					[
						61318.6813186814,
						2,
						0
					],
					[
						61483.5164835165,
						2,
						0
					],
					[
						61648.3516483517,
						2,
						0
					],
					[
						61813.1868131868,
						2,
						0
					],
					[
						62142.8571428572,
						3,
						0
					],
					[
						62307.6923076923,
						2,
						0
					],
					[
						62472.5274725275,
						1,
						0
					],
					[
						62637.3626373627,
						0,
						0,
						"No Animation"
					],
					[
						62843.4065934066,
						3,
						0,
						"No Animation"
					]
				],
				"typeOfSection": 0,
				"gfSection": false,
				"altAnim": false,
				"mustHitSection": false,
				"changeBPM": false,
				"bpm": 91
			},
			{
				"sectionBeats": 4,
				"sectionNotes": [
					[
						64285.7142857143,
						5,
						0
					],
					[
						64615.3846153846,
						4,
						0
					],
					[
						64945.054945055,
						5,
						0
					],
					[
						65109.8901098901,
						5,
						0
					],
					[
						65274.7252747253,
						4,
						0
					],
					[
						65604.3956043956,
						6,
						0
					],
					[
						63296.7032967033,
						0,
						0
					],
					[
						63461.5384615385,
						2,
						0
					],
					[
						63791.2087912088,
						1,
						0
					],
					[
						64120.8791208791,
						0,
						0
					],
					[
						64285.7142857143,
						0,
						0
					],
					[
						64450.5494505495,
						0,
						0
					],
					[
						64615.3846153846,
						2,
						0
					],
					[
						64780.2197802198,
						3,
						0
					],
					[
						64945.054945055,
						0,
						0
					],
					[
						65109.8901098901,
						2,
						0
					],
					[
						65274.7252747253,
						3,
						0
					],
					[
						65604.3956043956,
						1,
						0
					],
					[
						65769.2307692308,
						1,
						0
					],
					[
						65439.5604395605,
						3,
						0
					],
					[
						65357.1428571429,
						0,
						0
					],
					[
						63791.2087912088,
						3,
						0
					],
					[
						64285.7142857143,
						5,
						0
					],
					[
						64615.3846153846,
						4,
						0
					],
					[
						64945.054945055,
						5,
						0
					],
					[
						65109.8901098901,
						5,
						0
					],
					[
						65274.7252747253,
						4,
						0
					],
					[
						65604.3956043956,
						6,
						0
					],
					[
						63626.3736263737,
						6,
						0
					]
				],
				"typeOfSection": 0,
				"gfSection": false,
				"altAnim": false,
				"mustHitSection": false,
				"changeBPM": false,
				"bpm": 91
			},
			{
				"sectionBeats": 4,
				"sectionNotes": [
					[
						66263.7362637363,
						5,
						0
					],
					[
						66923.076923077,
						6,
						0
					],
					[
						67087.9120879121,
						4,
						0
					],
					[
						67252.7472527473,
						7,
						0
					],
					[
						67582.4175824176,
						5,
						0
					],
					[
						67747.2527472528,
						4,
						0
					],
					[
						68076.9230769231,
						6,
						0
					],
					[
						65934.0659340659,
						0,
						0
					],
					[
						66016.4835164835,
						2,
						0
					],
					[
						66098.9010989011,
						0,
						0
					],
					[
						66181.3186813187,
						2,
						0
					],
					[
						66263.7362637363,
						1,
						0
					],
					[
						66387.3626373626,
						3,
						0
					],
					[
						66593.4065934066,
						0,
						0
					],
					[
						66675.8241758242,
						0,
						0
					],
					[
						66758.2417582418,
						2,
						0
					],
					[
						66923.0769230769,
						3,
						0
					],
					[
						67087.9120879121,
						0,
						0
					],
					[
						67335.1648351648,
						3,
						0
					],
					[
						67582.4175824176,
						1,
						0
					],
					[
						67747.2527472528,
						2,
						0
					],
					[
						67252.7472527473,
						0,
						0
					],
					[
						67417.5824175824,
						0,
						0
					],
					[
						67500,
						2,
						0
					],
					[
						67912.0879120879,
						0,
						0
					],
					[
						67994.5054945055,
						3,
						0
					],
					[
						68076.9230769231,
						1,
						0
					],
					[
						68159.3406593407,
						0,
						0
					],
					[
						68241.7582417582,
						2,
						0
					],
					[
						68365.3846153846,
						3,
						0
					],
					[
						66263.7362637363,
						5,
						0
					],
					[
						66923.0769230769,
						6,
						0
					],
					[
						67087.9120879121,
						4,
						0
					],
					[
						67252.7472527473,
						7,
						0
					],
					[
						67582.4175824176,
						5,
						0
					],
					[
						67747.2527472528,
						4,
						0
					],
					[
						68076.9230769231,
						6,
						0
					]
				],
				"typeOfSection": 0,
				"gfSection": false,
				"altAnim": false,
				"mustHitSection": false,
				"changeBPM": false,
				"bpm": 91
			},
			{
				"sectionBeats": 4,
				"sectionNotes": [
					[
						68901.0989010989,
						6,
						0
					],
					[
						69560.4395604396,
						4,
						0
					],
					[
						70054.9450549451,
						7,
						0
					],
					[
						70219.7802197802,
						5,
						0
					],
					[
						70384.6153846154,
						5,
						0
					],
					[
						69890.1098901099,
						4,
						0
					],
					[
						70549.4505494506,
						6,
						0
					],
					[
						70879.1208791209,
						7,
						0
					],
					[
						68571.4285714286,
						0,
						0
					],
					[
						68736.2637362637,
						0,
						0
					],
					[
						68901.0989010989,
						0,
						0
					],
					[
						69065.9340659341,
						0,
						0
					],
					[
						69230.7692307692,
						1,
						0
					],
					[
						69395.6043956044,
						3,
						0
					],
					[
						69560.4395604396,
						2,
						0
					],
					[
						69725.2747252747,
						1,
						0
					],
					[
						69890.1098901099,
						3,
						0
					],
					[
						70054.9450549451,
						1,
						0
					],
					[
						70219.7802197802,
						0,
						0
					],
					[
						70879.1208791209,
						0,
						0
					],
					[
						71043.956043956,
						3,
						0
					],
					[
						70549.4505494506,
						2,
						0
					],
					[
						70714.2857142857,
						3,
						0
					],
					[
						70219.7802197802,
						2,
						0
					],
					[
						68901.0989010989,
						6,
						0
					],
					[
						69560.4395604396,
						4,
						0
					],
					[
						70054.9450549451,
						7,
						0
					],
					[
						70219.7802197802,
						5,
						0
					],
					[
						70384.6153846154,
						5,
						0
					],
					[
						69890.1098901099,
						4,
						0
					],
					[
						70549.4505494506,
						6,
						0
					],
					[
						70879.1208791209,
						7,
						0
					]
				],
				"typeOfSection": 0,
				"gfSection": false,
				"altAnim": false,
				"mustHitSection": false,
				"changeBPM": false,
				"bpm": 91
			},
			{
				"sectionBeats": 4,
				"sectionNotes": [
					[
						71538.4615384616,
						4,
						0
					],
					[
						72197.8021978022,
						7,
						0
					],
					[
						72362.6373626374,
						5,
						0
					],
					[
						72527.4725274725,
						6,
						0
					],
					[
						72857.1428571429,
						5,
						0
					],
					[
						73021.978021978,
						4,
						0
					],
					[
						73351.6483516484,
						6,
						0
					],
					[
						71208.7912087912,
						0,
						0
					],
					[
						71373.6263736264,
						0,
						0
					],
					[
						71538.4615384615,
						0,
						0
					],
					[
						71703.2967032967,
						0,
						0
					],
					[
						71813.1868131868,
						2,
						0
					],
					[
						72197.8021978022,
						0,
						0
					],
					[
						72280.2197802198,
						2,
						0
					],
					[
						72362.6373626374,
						1,
						0
					],
					[
						72527.4725274725,
						3,
						0
					],
					[
						72609.8901098901,
						0,
						0
					],
					[
						72692.3076923077,
						1,
						0
					],
					[
						72857.1428571428,
						2,
						0
					],
					[
						73021.978021978,
						0,
						0
					],
					[
						73186.8131868132,
						1,
						0
					],
					[
						73351.6483516484,
						3,
						0
					],
					[
						73516.4835164835,
						1,
						0
					],
					[
						73681.3186813187,
						0,
						0
					],
					[
						73186.8131868132,
						2,
						0
					],
					[
						73516.4835164835,
						2,
						0
					],
					[
						71538.4615384616,
						4,
						0
					],
					[
						72197.8021978022,
						7,
						0
					],
					[
						72362.6373626374,
						5,
						0
					],
					[
						72527.4725274725,
						6,
						0
					],
					[
						72857.1428571429,
						5,
						0
					],
					[
						73021.978021978,
						4,
						0
					],
					[
						73351.6483516484,
						6,
						0
					]
				],
				"typeOfSection": 0,
				"gfSection": false,
				"altAnim": false,
				"mustHitSection": false,
				"changeBPM": false,
				"bpm": 91
			},
			{
				"sectionBeats": 4,
				"sectionNotes": [
					[
						73846.1538461539,
						0,
						0
					],
					[
						74010.989010989,
						2,
						0
					],
					[
						74340.6593406594,
						1,
						0
					],
					[
						74670.3296703297,
						0,
						0
					],
					[
						74835.1648351648,
						0,
						0
					],
					[
						75000,
						0,
						0
					],
					[
						75164.8351648352,
						2,
						0
					],
					[
						75329.6703296703,
						3,
						0
					],
					[
						75494.5054945055,
						0,
						0
					],
					[
						75659.3406593407,
						2,
						0
					],
					[
						75824.1758241758,
						3,
						0
					],
					[
						76153.8461538462,
						1,
						0
					],
					[
						76318.6813186813,
						1,
						0
					],
					[
						75989.010989011,
						3,
						0
					],
					[
						75906.5934065934,
						0,
						0
					],
					[
						74340.6593406594,
						3,
						0
					],
					[
						74175.8241758242,
						6,
						0
					],
					[
						74835.1648351649,
						5,
						0
					],
					[
						75164.8351648352,
						4,
						0
					],
					[
						75494.5054945055,
						5,
						0
					],
					[
						75659.3406593407,
						5,
						0
					],
					[
						75824.1758241759,
						4,
						0
					],
					[
						76153.8461538462,
						6,
						0
					]
				],
				"typeOfSection": 0,
				"gfSection": false,
				"altAnim": false,
				"mustHitSection": true,
				"changeBPM": false,
				"bpm": 91
			},
			{
				"sectionBeats": 4,
				"sectionNotes": [
					[
						76483.5164835165,
						0,
						0
					],
					[
						76565.9340659341,
						2,
						0
					],
					[
						76648.3516483517,
						0,
						0
					],
					[
						76730.7692307692,
						2,
						0
					],
					[
						76813.1868131868,
						1,
						0
					],
					[
						76936.8131868132,
						3,
						0
					],
					[
						77142.8571428571,
						0,
						0
					],
					[
						77225.2747252747,
						0,
						0
					],
					[
						77307.6923076923,
						2,
						0
					],
					[
						77472.5274725275,
						3,
						0
					],
					[
						77637.3626373626,
						0,
						0
					],
					[
						77884.6153846154,
						3,
						0
					],
					[
						78131.8681318681,
						1,
						0
					],
					[
						78296.7032967033,
						2,
						0
					],
					[
						77802.1978021978,
						0,
						0
					],
					[
						77967.032967033,
						0,
						0
					],
					[
						78049.4505494506,
						2,
						0
					],
					[
						78461.5384615385,
						0,
						0
					],
					[
						78543.956043956,
						3,
						0
					],
					[
						78626.3736263736,
						1,
						0
					],
					[
						78708.7912087912,
						0,
						0
					],
					[
						78791.2087912088,
						2,
						0
					],
					[
						78914.8351648352,
						3,
						0
					],
					[
						76813.1868131869,
						5,
						0
					],
					[
						77472.5274725275,
						6,
						0
					],
					[
						77637.3626373627,
						4,
						0
					],
					[
						77802.1978021978,
						7,
						0
					],
					[
						78131.8681318682,
						5,
						0
					],
					[
						78296.7032967033,
						4,
						0
					],
					[
						78626.3736263737,
						6,
						0
					]
				],
				"typeOfSection": 0,
				"gfSection": false,
				"altAnim": false,
				"mustHitSection": true,
				"changeBPM": false,
				"bpm": 91
			},
			{
				"sectionBeats": 4,
				"sectionNotes": [
					[
						79120.8791208791,
						0,
						0
					],
					[
						79285.7142857143,
						0,
						0
					],
					[
						79450.5494505495,
						0,
						0
					],
					[
						79615.3846153846,
						0,
						0
					],
					[
						79780.2197802198,
						1,
						0
					],
					[
						79945.0549450549,
						3,
						0
					],
					[
						80109.8901098901,
						2,
						0
					],
					[
						80274.7252747253,
						1,
						0
					],
					[
						80439.5604395604,
						3,
						0
					],
					[
						80604.3956043956,
						1,
						0
					],
					[
						80769.2307692308,
						0,
						0
					],
					[
						81428.5714285714,
						0,
						0
					],
					[
						81593.4065934066,
						3,
						0
					],
					[
						81098.9010989011,
						2,
						0
					],
					[
						81263.7362637363,
						3,
						0
					],
					[
						80769.2307692308,
						2,
						0
					],
					[
						79450.5494505495,
						6,
						0
					],
					[
						80109.8901098901,
						4,
						0
					],
					[
						80604.3956043956,
						7,
						0
					],
					[
						80769.2307692308,
						5,
						0
					],
					[
						80934.065934066,
						5,
						0
					],
					[
						80439.5604395605,
						4,
						0
					],
					[
						81098.9010989011,
						6,
						0
					],
					[
						81428.5714285714,
						7,
						0
					]
				],
				"typeOfSection": 0,
				"gfSection": false,
				"altAnim": false,
				"mustHitSection": true,
				"changeBPM": false,
				"bpm": 91
			},
			{
				"sectionBeats": 4,
				"sectionNotes": [
					[
						81758.2417582418,
						0,
						0
					],
					[
						81923.0769230769,
						0,
						0
					],
					[
						82087.9120879121,
						0,
						0
					],
					[
						82252.7472527473,
						0,
						0
					],
					[
						82362.6373626374,
						2,
						0
					],
					[
						82747.2527472527,
						0,
						0
					],
					[
						82829.6703296703,
						2,
						0
					],
					[
						82912.0879120879,
						1,
						0
					],
					[
						83076.9230769231,
						3,
						0
					],
					[
						83159.3406593407,
						0,
						0
					],
					[
						83241.7582417582,
						1,
						0
					],
					[
						83406.5934065934,
						2,
						0
					],
					[
						83571.4285714286,
						0,
						0
					],
					[
						83736.2637362637,
						1,
						0
					],
					[
						83901.0989010989,
						3,
						0
					],
					[
						84065.9340659341,
						1,
						0
					],
					[
						84230.7692307692,
						0,
						0
					],
					[
						83736.2637362637,
						2,
						0
					],
					[
						84065.9340659341,
						2,
						0
					],
					[
						82087.9120879121,
						4,
						0
					],
					[
						82747.2527472528,
						7,
						0
					],
					[
						82912.0879120879,
						5,
						0
					],
					[
						83076.9230769231,
						6,
						0
					],
					[
						83406.5934065934,
						5,
						0
					],
					[
						83571.4285714286,
						4,
						0
					],
					[
						83901.0989010989,
						6,
						0
					]
				],
				"typeOfSection": 0,
				"gfSection": false,
				"altAnim": false,
				"mustHitSection": true,
				"changeBPM": false,
				"bpm": 91
			},
			{
				"sectionBeats": 4,
				"sectionNotes": [
					[
						84395.6043956044,
						6,
						0
					],
					[
						84560.4395604396,
						0,
						0
					],
					[
						84642.8571428571,
						0,
						0
					],
					[
						85549.4505494505,
						3,
						0
					],
					[
						86373.6263736264,
						0,
						0
					],
					[
						86510.989010989,
						2,
						0
					],
					[
						86730.7692307692,
						0,
						0
					],
					[
						86730.7692307692,
						1,
						0
					],
					[
						84848.9010989011,
						2,
						0
					],
					[
						85054.945054945,
						1,
						0
					],
					[
						84725.2747252747,
						3,
						0
					],
					[
						85178.5714285714,
						3,
						0
					],
					[
						85384.6153846154,
						0,
						0
					],
					[
						84848.9010989011,
						0,
						0
					],
					[
						85178.5714285714,
						2,
						0
					],
					[
						85714.2857142857,
						2,
						0
					],
					[
						85879.1208791209,
						0,
						0
					],
					[
						86043.956043956,
						3,
						0
					],
					[
						86167.5824175824,
						2,
						0
					],
					[
						86167.5824175824,
						1,
						0
					]
				],
				"typeOfSection": 0,
				"gfSection": false,
				"altAnim": false,
				"mustHitSection": false,
				"changeBPM": false,
				"bpm": 91
			},
			{
				"sectionBeats": 4,
				"sectionNotes": [
					[
						87197.8021978022,
						0,
						0
					],
					[
						87280.2197802198,
						0,
						0
					],
					[
						87362.6373626374,
						2,
						0
					],
					[
						87486.2637362637,
						3,
						0
					],
					[
						87692.3076923077,
						2,
						0
					],
					[
						87815.9340659341,
						0,
						0
					],
					[
						88021.978021978,
						2,
						0
					],
					[
						88186.8131868132,
						3,
						0
					],
					[
						88351.6483516483,
						0,
						0
					],
					[
						88516.4835164835,
						1,
						0
					],
					[
						88681.3186813187,
						2,
						0
					],
					[
						88804.945054945,
						3,
						0
					],
					[
						89010.989010989,
						0,
						0
					],
					[
						89148.3516483516,
						2,
						0
					],
					[
						89368.1318681319,
						0,
						0
					],
					[
						89368.1318681319,
						1,
						0
					],
					[
						87486.2637362637,
						1,
						0
					],
					[
						87815.9340659341,
						1,
						0
					],
					[
						88804.945054945,
						1,
						0
					]
				],
				"typeOfSection": 0,
				"gfSection": false,
				"altAnim": false,
				"mustHitSection": true,
				"changeBPM": false,
				"bpm": 91
			},
			{
				"sectionBeats": 4,
				"sectionNotes": [
					[
						89670.3296703297,
						0,
						0
					],
					[
						90000,
						2,
						0
					],
					[
						90164.8351648352,
						3,
						0
					],
					[
						90329.6703296703,
						2,
						0
					],
					[
						90494.5054945055,
						0,
						0
					],
					[
						90659.3406593406,
						3,
						0
					],
					[
						90741.7582417582,
						3,
						0
					],
					[
						90824.1758241758,
						2,
						0
					],
					[
						90989.010989011,
						1,
						0
					],
					[
						91153.8461538461,
						3,
						0
					],
					[
						91318.6813186813,
						1,
						0
					],
					[
						91483.5164835165,
						3,
						0
					],
					[
						91565.9340659341,
						3,
						0
					],
					[
						91648.3516483516,
						0,
						0
					],
					[
						91813.1868131868,
						2,
						0
					],
					[
						92163.4615384615,
						3,
						0
					],
					[
						91991.7582417582,
						3,
						0
					]
				],
				"typeOfSection": 0,
				"gfSection": false,
				"altAnim": false,
				"mustHitSection": false,
				"changeBPM": false,
				"bpm": 91
			},
			{
				"sectionBeats": 4,
				"sectionNotes": [
					[
						92307.6923076923,
						0,
						0
					],
					[
						92637.3626373626,
						2,
						0
					],
					[
						92802.1978021978,
						3,
						0
					],
					[
						92967.0329670329,
						2,
						0
					],
					[
						93131.8681318681,
						0,
						0
					],
					[
						93296.7032967033,
						3,
						0
					],
					[
						93379.1208791208,
						3,
						0
					],
					[
						93461.5384615384,
						2,
						0
					],
					[
						93626.3736263736,
						1,
						0
					],
					[
						93791.2087912088,
						3,
						0
					],
					[
						93956.0439560439,
						1,
						0
					],
					[
						94120.8791208791,
						3,
						0
					],
					[
						94203.2967032967,
						3,
						0
					],
					[
						94285.7142857143,
						0,
						0
					],
					[
						94450.5494505494,
						2,
						0
					],
					[
						94800.8241758241,
						3,
						0
					],
					[
						94629.1208791208,
						3,
						0
					],
					[
						93461.5384615384,
						4,
						0
					],
					[
						93296.7032967033,
						7,
						0
					],
					[
						93626.3736263736,
						5,
						0
					],
					[
						92967.0329670329,
						5,
						0
					],
					[
						92637.3626373626,
						7,
						0
					],
					[
						92802.1978021978,
						6,
						0
					],
					[
						92307.6923076923,
						4,
						0
					],
					[
						92472.5274725275,
						6,
						0
					],
					[
						93956.0439560439,
						7,
						0
					],
					[
						94285.7142857143,
						5,
						0
					],
					[
						94120.8791208791,
						6,
						0
					],
					[
						94615.3846153846,
						5,
						0
					]
				],
				"typeOfSection": 0,
				"gfSection": false,
				"altAnim": false,
				"mustHitSection": true,
				"changeBPM": false,
				"bpm": 91
			},
			{
				"sectionBeats": 4,
				"sectionNotes": [
					[
						94945.054945055,
						0,
						0
					],
					[
						95109.8901098901,
						1,
						0
					],
					[
						95274.7252747253,
						3,
						0
					],
					[
						95439.5604395604,
						1,
						0
					],
					[
						95604.3956043956,
						2,
						0
					],
					[
						95934.0659340659,
						0,
						0
					],
					[
						96098.9010989011,
						3,
						0
					],
					[
						96428.5714285714,
						0,
						0
					],
					[
						96593.4065934066,
						1,
						0
					],
					[
						97252.7472527473,
						2,
						0
					],
					[
						96758.2417582418,
						3,
						0
					],
					[
						95769.2307692308,
						1,
						0
					],
					[
						96923.0769230769,
						2,
						0
					],
					[
						97087.9120879121,
						2,
						0
					],
					[
						97417.5824175824,
						2,
						0
					]
				],
				"typeOfSection": 0,
				"gfSection": false,
				"altAnim": false,
				"mustHitSection": false,
				"changeBPM": false,
				"bpm": 91
			},
			{
				"sectionBeats": 4,
				"sectionNotes": [
					[
						97747.2527472528,
						2,
						0
					],
					[
						97912.0879120879,
						3,
						0
					],
					[
						99230.7692307692,
						3,
						0
					],
					[
						99890.1098901099,
						0,
						0
					],
					[
						99890.1098901099,
						1,
						0
					],
					[
						97582.4175824176,
						3,
						0
					],
					[
						98406.5934065934,
						1,
						0
					],
					[
						98571.4285714286,
						2,
						0
					],
					[
						98076.9230769231,
						0,
						0
					],
					[
						98159.3406593407,
						0,
						0
					],
					[
						98241.7582417582,
						0,
						0
					],
					[
						98736.2637362637,
						2,
						0
					],
					[
						99065.9340659341,
						0,
						0
					],
					[
						99395.6043956044,
						1,
						0
					],
					[
						99560.4395604396,
						3,
						0
					],
					[
						99725.2747252747,
						2,
						0
					],
					[
						99395.6043956044,
						7,
						0
					],
					[
						99560.4395604395,
						6,
						0
					],
					[
						99725.2747252747,
						4,
						0
					],
					[
						99890.1098901099,
						5,
						0
					],
					[
						100054.945054945,
						4,
						0
					]
				],
				"typeOfSection": 0,
				"gfSection": false,
				"altAnim": false,
				"mustHitSection": false,
				"changeBPM": false,
				"bpm": 91
			},
			{
				"sectionBeats": 4,
				"sectionNotes": [
					[
						100219.78021978,
						2,
						0
					],
					[
						100384.615384615,
						0,
						0
					],
					[
						100549.450549451,
						1,
						0
					],
					[
						100714.285714286,
						0,
						0
					],
					[
						100879.120879121,
						3,
						0
					],
					[
						101043.956043956,
						1,
						0
					],
					[
						101208.791208791,
						0,
						0
					],
					[
						101538.461538462,
						0,
						0
					],
					[
						101703.296703297,
						3,
						0
					],
					[
						101868.131868132,
						2,
						0
					],
					[
						102032.967032967,
						3,
						0
					],
					[
						102115.384615385,
						3,
						0
					],
					[
						102197.802197802,
						0,
						0
					],
					[
						102527.472527472,
						2,
						0
					],
					[
						102362.637362637,
						2,
						0
					],
					[
						102651.098901099,
						3,
						0
					]
				],
				"typeOfSection": 0,
				"gfSection": false,
				"altAnim": false,
				"mustHitSection": true,
				"changeBPM": false,
				"bpm": 91
			},
			{
				"sectionBeats": 4,
				"sectionNotes": [
					[
						102857.142857143,
						2,
						0
					],
					[
						103351.648351648,
						0,
						0
					],
					[
						103516.483516483,
						3,
						0
					],
					[
						103681.318681319,
						1,
						0
					],
					[
						103846.153846154,
						0,
						0
					],
					[
						104010.989010989,
						1,
						0
					],
					[
						104175.824175824,
						0,
						0
					],
					[
						104340.659340659,
						1,
						0
					],
					[
						104505.494505494,
						1,
						0
					],
					[
						104670.32967033,
						3,
						0
					],
					[
						104835.164835165,
						2,
						0
					],
					[
						105000,
						3,
						0
					],
					[
						105164.835164835,
						0,
						0
					]
				],
				"typeOfSection": 0,
				"gfSection": false,
				"altAnim": false,
				"mustHitSection": true,
				"changeBPM": false,
				"bpm": 91
			},
			{
				"sectionBeats": 4,
				"sectionNotes": [
					[
						105494.505494505,
						4,
						0
					],
					[
						106153.846153846,
						7,
						0
					],
					[
						106318.681318681,
						4,
						0
					],
					[
						106483.516483516,
						6,
						0
					],
					[
						106648.351648352,
						5,
						0
					],
					[
						106813.186813187,
						4,
						0
					],
					[
						106978.021978022,
						7,
						0
					],
					[
						107266.483516483,
						5,
						0
					],
					[
						107472.527472527,
						4,
						0
					],
					[
						107802.197802198,
						6,
						0
					],
					[
						107967.032967033,
						7,
						0
					],
					[
						105494.505494505,
						3,
						0
					],
					[
						105824.175824176,
						0,
						0
					],
					[
						105989.010989011,
						2,
						0
					],
					[
						106153.846153846,
						1,
						0
					],
					[
						106318.681318681,
						0,
						0
					],
					[
						106483.516483516,
						1,
						0
					],
					[
						106648.351648352,
						3,
						0
					],
					[
						106978.021978022,
						0,
						0
					],
					[
						107142.857142857,
						2,
						0
					],
					[
						107307.692307692,
						3,
						0
					],
					[
						107472.527472527,
						2,
						0
					],
					[
						107637.362637363,
						2,
						0
					],
					[
						107802.197802198,
						2,
						0
					],
					[
						107967.032967033,
						2,
						0
					],
					[
						106318.681318681,
						2,
						0
					],
					[
						106648.351648352,
						2,
						0
					],
					[
						105824.175824176,
						5,
						0
					],
					[
						106318.681318681,
						5,
						0
					],
					[
						106648.351648352,
						7,
						0
					]
				],
				"typeOfSection": 0,
				"gfSection": false,
				"altAnim": false,
				"mustHitSection": false,
				"changeBPM": false,
				"bpm": 91
			},
			{
				"sectionBeats": 4,
				"sectionNotes": [
					[
						108296.703296703,
						0,
						0
					],
					[
						108131.868131868,
						1,
						0
					],
					[
						108461.538461538,
						1,
						0
					],
					[
						108626.373626374,
						2,
						0
					],
					[
						108791.208791209,
						0,
						0
					],
					[
						109148.351648352,
						0,
						0
					],
					[
						109065.934065934,
						3,
						0
					],
					[
						108983.516483516,
						3,
						0
					],
					[
						109285.714285714,
						3,
						0
					],
					[
						109478.021978022,
						2,
						0
					],
					[
						109615.384615385,
						3,
						0
					],
					[
						109945.054945055,
						0,
						0
					],
					[
						110109.89010989,
						3,
						0
					],
					[
						110439.56043956,
						0,
						0
					],
					[
						110302.197802198,
						1,
						0
					],
					[
						110604.395604396,
						2,
						0
					],
					[
						110109.89010989,
						2,
						0
					],
					[
						110439.56043956,
						3,
						0
					],
					[
						110604.395604396,
						1,
						0
					],
					[
						108131.868131868,
						7,
						0
					],
					[
						108296.703296703,
						4,
						0
					],
					[
						108461.538461538,
						6,
						0
					],
					[
						108956.043956044,
						5,
						0
					],
					[
						108791.208791209,
						7,
						0
					],
					[
						108708.791208791,
						7,
						0
					],
					[
						108626.373626374,
						7,
						0
					],
					[
						109148.351648352,
						6,
						0
					],
					[
						109285.714285714,
						6,
						0
					],
					[
						109065.934065934,
						6,
						0
					],
					[
						109615.384615385,
						5,
						0
					],
					[
						109945.054945055,
						4,
						0
					],
					[
						110109.89010989,
						6,
						0
					],
					[
						110274.725274725,
						4,
						0
					],
					[
						110439.56043956,
						6,
						0
					],
					[
						110604.395604396,
						7,
						0
					],
					[
						108956.043956044,
						4,
						0
					],
					[
						109807.692307692,
						7,
						0
					],
					[
						110109.89010989,
						7,
						0
					],
					[
						110439.56043956,
						5,
						0
					]
				],
				"typeOfSection": 0,
				"gfSection": false,
				"altAnim": false,
				"mustHitSection": true,
				"changeBPM": false,
				"bpm": 91
			},
			{
				"sectionBeats": 4,
				"sectionNotes": [
					[
						110769.230769231,
						4,
						0
					],
					[
						110769.230769231,
						3,
						0
					],
					[
						110892.857142857,
						1,
						0
					],
					[
						111098.901098901,
						0,
						0
					],
					[
						111263.736263736,
						3,
						0
					],
					[
						111428.571428571,
						1,
						0
					],
					[
						111758.241758242,
						2,
						0
					],
					[
						111923.076923077,
						3,
						0
					],
					[
						112087.912087912,
						2,
						0
					],
					[
						112252.747252747,
						0,
						0
					],
					[
						112335.164835165,
						0,
						0
					],
					[
						112417.582417582,
						1,
						0
					],
					[
						112582.417582418,
						2,
						0
					],
					[
						112747.252747253,
						3,
						0
					],
					[
						112912.087912088,
						0,
						0
					],
					[
						113076.923076923,
						2,
						0
					],
					[
						111098.901098901,
						2,
						0
					],
					[
						111428.571428571,
						0,
						0
					],
					[
						112417.582417582,
						3,
						0
					],
					[
						113076.923076923,
						1,
						0
					]
				],
				"typeOfSection": 0,
				"gfSection": false,
				"altAnim": false,
				"mustHitSection": false,
				"changeBPM": false,
				"bpm": 91
			},
			{
				"sectionBeats": 4,
				"sectionNotes": [
					[
						113571.428571429,
						0,
						0
					],
					[
						113736.263736264,
						2,
						0
					],
					[
						113901.098901099,
						1,
						0
					],
					[
						114065.934065934,
						2,
						0
					],
					[
						114230.769230769,
						2,
						0
					],
					[
						114395.604395604,
						2,
						0
					],
					[
						114560.439560439,
						2,
						0
					],
					[
						114725.274725275,
						1,
						0
					],
					[
						114848.901098901,
						3,
						0
					],
					[
						115054.945054945,
						2,
						0
					],
					[
						115219.78021978,
						1,
						0
					],
					[
						115384.615384615,
						0,
						0
					],
					[
						115590.659340659,
						3,
						0
					],
					[
						115384.615384615,
						1,
						0
					],
					[
						115590.659340659,
						2,
						0
					]
				],
				"typeOfSection": 0,
				"gfSection": false,
				"altAnim": false,
				"mustHitSection": false,
				"changeBPM": false,
				"bpm": 91
			},
			{
				"sectionBeats": 4,
				"sectionNotes": [],
				"typeOfSection": 0,
				"gfSection": false,
				"altAnim": false,
				"mustHitSection": true,
				"changeBPM": false,
				"bpm": 91
			},
			{
				"sectionBeats": 4,
				"sectionNotes": [],
				"typeOfSection": 0,
				"gfSection": false,
				"altAnim": false,
				"mustHitSection": true,
				"changeBPM": false,
				"bpm": 91
			},
			{
				"sectionBeats": 4,
				"sectionNotes": [],
				"typeOfSection": 0,
				"gfSection": false,
				"altAnim": false,
				"mustHitSection": true,
				"changeBPM": false,
				"bpm": 91
			},
			{
				"sectionBeats": 4,
				"sectionNotes": [],
				"typeOfSection": 0,
				"gfSection": false,
				"altAnim": false,
				"mustHitSection": true,
				"changeBPM": false,
				"bpm": 91
			},
			{
				"sectionBeats": 4,
				"sectionNotes": [],
				"typeOfSection": 0,
				"gfSection": false,
				"altAnim": false,
				"mustHitSection": true,
				"changeBPM": false,
				"bpm": 91
			},
			{
				"sectionBeats": 4,
				"sectionNotes": [],
				"typeOfSection": 0,
				"gfSection": false,
				"altAnim": false,
				"mustHitSection": true,
				"changeBPM": false,
				"bpm": 91
			},
			{
				"sectionBeats": 4,
				"sectionNotes": [],
				"typeOfSection": 0,
				"gfSection": false,
				"altAnim": false,
				"mustHitSection": true,
				"changeBPM": false,
				"bpm": 91
			},
			{
				"sectionBeats": 4,
				"sectionNotes": [],
				"typeOfSection": 0,
				"gfSection": false,
				"altAnim": false,
				"mustHitSection": true,
				"changeBPM": false,
				"bpm": 91
			},
			{
				"sectionBeats": 4,
				"sectionNotes": [],
				"typeOfSection": 0,
				"gfSection": false,
				"altAnim": false,
				"mustHitSection": true,
				"changeBPM": false,
				"bpm": 91
			},
			{
				"sectionBeats": 4,
				"sectionNotes": [],
				"typeOfSection": 0,
				"gfSection": false,
				"altAnim": false,
				"mustHitSection": true,
				"changeBPM": false,
				"bpm": 91
			},
			{
				"sectionBeats": 4,
				"sectionNotes": [],
				"typeOfSection": 0,
				"gfSection": false,
				"altAnim": false,
				"mustHitSection": true,
				"changeBPM": false,
				"bpm": 91
			},
			{
				"sectionBeats": 4,
				"sectionNotes": [],
				"typeOfSection": 0,
				"gfSection": false,
				"altAnim": false,
				"mustHitSection": true,
				"changeBPM": false,
				"bpm": 91
			},
			{
				"sectionBeats": 4,
				"sectionNotes": [],
				"typeOfSection": 0,
				"gfSection": false,
				"altAnim": false,
				"mustHitSection": true,
				"changeBPM": false,
				"bpm": 91
			},
			{
				"sectionBeats": 4,
				"sectionNotes": [],
				"typeOfSection": 0,
				"gfSection": false,
				"altAnim": false,
				"mustHitSection": true,
				"changeBPM": false,
				"bpm": 91
			},
			{
				"sectionBeats": 4,
				"sectionNotes": [],
				"typeOfSection": 0,
				"gfSection": false,
				"altAnim": false,
				"mustHitSection": true,
				"changeBPM": false,
				"bpm": 91
			},
			{
				"sectionBeats": 4,
				"sectionNotes": [],
				"typeOfSection": 0,
				"gfSection": false,
				"altAnim": false,
				"mustHitSection": true,
				"changeBPM": false,
				"bpm": 91
			},
			{
				"sectionBeats": 4,
				"sectionNotes": [],
				"typeOfSection": 0,
				"gfSection": false,
				"altAnim": false,
				"mustHitSection": true,
				"changeBPM": false,
				"bpm": 91
			},
			{
				"sectionBeats": 4,
				"sectionNotes": [],
				"typeOfSection": 0,
				"gfSection": false,
				"altAnim": false,
				"mustHitSection": true,
				"changeBPM": false,
				"bpm": 91
			},
			{
				"sectionBeats": 4,
				"sectionNotes": [],
				"typeOfSection": 0,
				"gfSection": false,
				"altAnim": false,
				"mustHitSection": true,
				"changeBPM": false,
				"bpm": 91
			},
			{
				"sectionBeats": 4,
				"sectionNotes": [],
				"typeOfSection": 0,
				"gfSection": false,
				"altAnim": false,
				"mustHitSection": true,
				"changeBPM": false,
				"bpm": 91
			},
			{
				"sectionBeats": 4,
				"sectionNotes": [],
				"typeOfSection": 0,
				"gfSection": false,
				"altAnim": false,
				"mustHitSection": true,
				"changeBPM": false,
				"bpm": 91
			},
			{
				"sectionBeats": 4,
				"sectionNotes": [],
				"typeOfSection": 0,
				"gfSection": false,
				"altAnim": false,
				"mustHitSection": true,
				"changeBPM": false,
				"bpm": 91
			},
			{
				"sectionBeats": 4,
				"sectionNotes": [],
				"typeOfSection": 0,
				"gfSection": false,
				"altAnim": false,
				"mustHitSection": true,
				"changeBPM": false,
				"bpm": 91
			},
			{
				"sectionBeats": 4,
				"sectionNotes": [],
				"typeOfSection": 0,
				"gfSection": false,
				"altAnim": false,
				"mustHitSection": true,
				"changeBPM": false,
				"bpm": 91
			},
			{
				"sectionBeats": 4,
				"sectionNotes": [],
				"typeOfSection": 0,
				"gfSection": false,
				"altAnim": false,
				"mustHitSection": true,
				"changeBPM": false,
				"bpm": 91
			},
			{
				"sectionBeats": 4,
				"sectionNotes": [],
				"typeOfSection": 0,
				"gfSection": false,
				"altAnim": false,
				"mustHitSection": true,
				"changeBPM": false,
				"bpm": 91
			},
			{
				"sectionBeats": 4,
				"sectionNotes": [],
				"typeOfSection": 0,
				"gfSection": false,
				"altAnim": false,
				"mustHitSection": true,
				"changeBPM": false,
				"bpm": 91
			},
			{
				"sectionBeats": 4,
				"sectionNotes": [],
				"typeOfSection": 0,
				"gfSection": false,
				"altAnim": false,
				"mustHitSection": true,
				"changeBPM": false,
				"bpm": 91
			},
			{
				"sectionBeats": 4,
				"sectionNotes": [],
				"typeOfSection": 0,
				"gfSection": false,
				"altAnim": false,
				"mustHitSection": true,
				"changeBPM": false,
				"bpm": 91
			},
			{
				"sectionBeats": 4,
				"sectionNotes": [],
				"typeOfSection": 0,
				"gfSection": false,
				"altAnim": false,
				"mustHitSection": true,
				"changeBPM": false,
				"bpm": 91
			},
			{
				"sectionBeats": 4,
				"sectionNotes": [],
				"typeOfSection": 0,
				"gfSection": false,
				"altAnim": false,
				"mustHitSection": true,
				"changeBPM": false,
				"bpm": 91
			},
			{
				"sectionBeats": 4,
				"sectionNotes": [],
				"typeOfSection": 0,
				"gfSection": false,
				"altAnim": false,
				"mustHitSection": true,
				"changeBPM": false,
				"bpm": 91
			},
			{
				"sectionBeats": 4,
				"sectionNotes": [],
				"typeOfSection": 0,
				"gfSection": false,
				"altAnim": false,
				"mustHitSection": true,
				"changeBPM": false,
				"bpm": 91
			},
			{
				"sectionBeats": 4,
				"sectionNotes": [],
				"typeOfSection": 0,
				"gfSection": false,
				"altAnim": false,
				"mustHitSection": true,
				"changeBPM": false,
				"bpm": 91
			},
			{
				"sectionBeats": 4,
				"sectionNotes": [],
				"typeOfSection": 0,
				"gfSection": false,
				"altAnim": false,
				"mustHitSection": true,
				"changeBPM": false,
				"bpm": 91
			},
			{
				"sectionBeats": 4,
				"sectionNotes": [],
				"typeOfSection": 0,
				"gfSection": false,
				"altAnim": false,
				"mustHitSection": true,
				"changeBPM": false,
				"bpm": 91
			},
			{
				"sectionBeats": 4,
				"sectionNotes": [],
				"typeOfSection": 0,
				"gfSection": false,
				"altAnim": false,
				"mustHitSection": true,
				"changeBPM": false,
				"bpm": 91
			},
			{
				"sectionBeats": 4,
				"sectionNotes": [],
				"typeOfSection": 0,
				"gfSection": false,
				"altAnim": false,
				"mustHitSection": true,
				"changeBPM": false,
				"bpm": 91
			},
			{
				"sectionBeats": 4,
				"sectionNotes": [],
				"typeOfSection": 0,
				"gfSection": false,
				"altAnim": false,
				"mustHitSection": true,
				"changeBPM": false,
				"bpm": 91
			},
			{
				"sectionBeats": 4,
				"sectionNotes": [],
				"typeOfSection": 0,
				"gfSection": false,
				"altAnim": false,
				"mustHitSection": true,
				"changeBPM": false,
				"bpm": 91
			},
			{
				"sectionBeats": 4,
				"sectionNotes": [],
				"typeOfSection": 0,
				"gfSection": false,
				"altAnim": false,
				"mustHitSection": true,
				"changeBPM": false,
				"bpm": 91
			},
			{
				"sectionBeats": 4,
				"sectionNotes": [],
				"typeOfSection": 0,
				"gfSection": false,
				"altAnim": false,
				"mustHitSection": true,
				"changeBPM": false,
				"bpm": 91
			},
			{
				"sectionBeats": 4,
				"sectionNotes": [],
				"typeOfSection": 0,
				"gfSection": false,
				"altAnim": false,
				"mustHitSection": true,
				"changeBPM": false,
				"bpm": 91
			},
			{
				"sectionBeats": 4,
				"sectionNotes": [],
				"typeOfSection": 0,
				"gfSection": false,
				"altAnim": false,
				"mustHitSection": true,
				"changeBPM": false,
				"bpm": 91
			},
			{
				"sectionBeats": 4,
				"sectionNotes": [],
				"typeOfSection": 0,
				"gfSection": false,
				"altAnim": false,
				"mustHitSection": true,
				"changeBPM": false,
				"bpm": 91
			},
			{
				"sectionBeats": 4,
				"sectionNotes": [],
				"typeOfSection": 0,
				"gfSection": false,
				"altAnim": false,
				"mustHitSection": true,
				"changeBPM": false,
				"bpm": 91
			},
			{
				"sectionBeats": 4,
				"sectionNotes": [],
				"typeOfSection": 0,
				"gfSection": false,
				"altAnim": false,
				"mustHitSection": true,
				"changeBPM": false,
				"bpm": 91
			},
			{
				"sectionBeats": 4,
				"sectionNotes": [],
				"typeOfSection": 0,
				"gfSection": false,
				"altAnim": false,
				"mustHitSection": true,
				"changeBPM": false,
				"bpm": 91
			},
			{
				"sectionBeats": 4,
				"sectionNotes": [],
				"typeOfSection": 0,
				"gfSection": false,
				"altAnim": false,
				"mustHitSection": true,
				"changeBPM": false,
				"bpm": 91
			},
			{
				"sectionBeats": 4,
				"sectionNotes": [],
				"typeOfSection": 0,
				"gfSection": false,
				"altAnim": false,
				"mustHitSection": true,
				"changeBPM": false,
				"bpm": 91
			},
			{
				"sectionBeats": 4,
				"sectionNotes": [],
				"typeOfSection": 0,
				"gfSection": false,
				"altAnim": false,
				"mustHitSection": true,
				"changeBPM": false,
				"bpm": 91
			},
			{
				"sectionBeats": 4,
				"sectionNotes": [],
				"typeOfSection": 0,
				"gfSection": false,
				"altAnim": false,
				"mustHitSection": true,
				"changeBPM": false,
				"bpm": 91
			},
			{
				"sectionBeats": 4,
				"sectionNotes": [],
				"typeOfSection": 0,
				"gfSection": false,
				"altAnim": false,
				"mustHitSection": true,
				"changeBPM": false,
				"bpm": 91
			},
			{
				"sectionBeats": 4,
				"sectionNotes": [],
				"typeOfSection": 0,
				"gfSection": false,
				"altAnim": false,
				"mustHitSection": true,
				"changeBPM": false,
				"bpm": 91
			},
			{
				"sectionBeats": 4,
				"sectionNotes": [],
				"typeOfSection": 0,
				"gfSection": false,
				"altAnim": false,
				"mustHitSection": true,
				"changeBPM": false,
				"bpm": 91
			},
			{
				"sectionBeats": 4,
				"sectionNotes": [],
				"typeOfSection": 0,
				"gfSection": false,
				"altAnim": false,
				"mustHitSection": true,
				"changeBPM": false,
				"bpm": 91
			},
			{
				"sectionBeats": 4,
				"sectionNotes": [],
				"typeOfSection": 0,
				"gfSection": false,
				"altAnim": false,
				"mustHitSection": true,
				"changeBPM": false,
				"bpm": 91
			},
			{
				"sectionBeats": 4,
				"sectionNotes": [],
				"typeOfSection": 0,
				"gfSection": false,
				"altAnim": false,
				"mustHitSection": true,
				"changeBPM": false,
				"bpm": 91
			},
			{
				"sectionBeats": 4,
				"sectionNotes": [],
				"typeOfSection": 0,
				"gfSection": false,
				"altAnim": false,
				"mustHitSection": true,
				"changeBPM": false,
				"bpm": 91
			},
			{
				"sectionBeats": 4,
				"sectionNotes": [],
				"typeOfSection": 0,
				"gfSection": false,
				"altAnim": false,
				"mustHitSection": true,
				"changeBPM": false,
				"bpm": 91
			},
			{
				"sectionBeats": 4,
				"sectionNotes": [],
				"typeOfSection": 0,
				"gfSection": false,
				"altAnim": false,
				"mustHitSection": true,
				"changeBPM": false,
				"bpm": 91
			},
			{
				"sectionBeats": 4,
				"sectionNotes": [],
				"typeOfSection": 0,
				"gfSection": false,
				"altAnim": false,
				"mustHitSection": true,
				"changeBPM": false,
				"bpm": 91
			},
			{
				"sectionBeats": 4,
				"sectionNotes": [],
				"typeOfSection": 0,
				"gfSection": false,
				"altAnim": false,
				"mustHitSection": true,
				"changeBPM": false,
				"bpm": 91
			},
			{
				"sectionBeats": 4,
				"sectionNotes": [],
				"typeOfSection": 0,
				"gfSection": false,
				"altAnim": false,
				"mustHitSection": true,
				"changeBPM": false,
				"bpm": 91
			},
			{
				"sectionBeats": 4,
				"sectionNotes": [],
				"typeOfSection": 0,
				"gfSection": false,
				"altAnim": false,
				"mustHitSection": true,
				"changeBPM": false,
				"bpm": 91
			},
			{
				"sectionBeats": 4,
				"sectionNotes": [],
				"typeOfSection": 0,
				"gfSection": false,
				"altAnim": false,
				"mustHitSection": true,
				"changeBPM": false,
				"bpm": 91
			},
			{
				"sectionBeats": 4,
				"sectionNotes": [],
				"typeOfSection": 0,
				"gfSection": false,
				"altAnim": false,
				"mustHitSection": true,
				"changeBPM": false,
				"bpm": 91
			},
			{
				"sectionBeats": 4,
				"sectionNotes": [],
				"typeOfSection": 0,
				"gfSection": false,
				"altAnim": false,
				"mustHitSection": true,
				"changeBPM": false,
				"bpm": 91
			},
			{
				"sectionBeats": 4,
				"sectionNotes": [],
				"typeOfSection": 0,
				"gfSection": false,
				"altAnim": false,
				"mustHitSection": true,
				"changeBPM": false,
				"bpm": 91
			},
			{
				"sectionBeats": 4,
				"sectionNotes": [],
				"typeOfSection": 0,
				"gfSection": false,
				"altAnim": false,
				"mustHitSection": true,
				"changeBPM": false,
				"bpm": 91
			},
			{
				"sectionBeats": 4,
				"sectionNotes": [],
				"typeOfSection": 0,
				"gfSection": false,
				"altAnim": false,
				"mustHitSection": true,
				"changeBPM": false,
				"bpm": 91
			},
			{
				"sectionBeats": 4,
				"sectionNotes": [],
				"typeOfSection": 0,
				"gfSection": false,
				"altAnim": false,
				"mustHitSection": true,
				"changeBPM": false,
				"bpm": 91
			},
			{
				"sectionBeats": 4,
				"sectionNotes": [],
				"typeOfSection": 0,
				"gfSection": false,
				"altAnim": false,
				"mustHitSection": true,
				"changeBPM": false,
				"bpm": 91
			},
			{
				"sectionBeats": 4,
				"sectionNotes": [],
				"typeOfSection": 0,
				"gfSection": false,
				"altAnim": false,
				"mustHitSection": true,
				"changeBPM": false,
				"bpm": 91
			},
			{
				"sectionBeats": 4,
				"sectionNotes": [],
				"typeOfSection": 0,
				"gfSection": false,
				"altAnim": false,
				"mustHitSection": true,
				"changeBPM": false,
				"bpm": 91
			},
			{
				"sectionBeats": 4,
				"sectionNotes": [],
				"typeOfSection": 0,
				"gfSection": false,
				"altAnim": false,
				"mustHitSection": true,
				"changeBPM": false,
				"bpm": 91
			},
			{
				"sectionBeats": 4,
				"sectionNotes": [],
				"typeOfSection": 0,
				"gfSection": false,
				"altAnim": false,
				"mustHitSection": true,
				"changeBPM": false,
				"bpm": 91
			},
			{
				"typeOfSection": 0,
				"sectionNotes": [],
				"sectionBeats": 4,
				"altAnim": false,
				"gfSection": false,
				"bpm": 91,
				"changeBPM": false,
				"mustHitSection": true
			},
			{
				"typeOfSection": 0,
				"sectionNotes": [],
				"sectionBeats": 4,
				"altAnim": false,
				"gfSection": false,
				"bpm": 91,
				"changeBPM": false,
				"mustHitSection": true
			},
			{
				"typeOfSection": 0,
				"sectionNotes": [],
				"sectionBeats": 4,
				"altAnim": false,
				"gfSection": false,
				"bpm": 91,
				"changeBPM": false,
				"mustHitSection": true
			},
			{
				"typeOfSection": 0,
				"sectionNotes": [],
				"sectionBeats": 4,
				"altAnim": false,
				"gfSection": false,
				"bpm": 91,
				"changeBPM": false,
				"mustHitSection": true
			},
			{
				"typeOfSection": 0,
				"sectionNotes": [],
				"sectionBeats": 4,
				"altAnim": false,
				"gfSection": false,
				"bpm": 91,
				"changeBPM": false,
				"mustHitSection": true
			},
			{
				"typeOfSection": 0,
				"sectionNotes": [],
				"sectionBeats": 4,
				"altAnim": false,
				"gfSection": false,
				"bpm": 91,
				"changeBPM": false,
				"mustHitSection": true
			},
			{
				"typeOfSection": 0,
				"sectionNotes": [],
				"sectionBeats": 4,
				"altAnim": false,
				"gfSection": false,
				"bpm": 91,
				"changeBPM": false,
				"mustHitSection": true
			},
			{
				"typeOfSection": 0,
				"sectionNotes": [],
				"sectionBeats": 4,
				"altAnim": false,
				"gfSection": false,
				"bpm": 91,
				"changeBPM": false,
				"mustHitSection": true
			},
			{
				"sectionBeats": 4,
				"sectionNotes": [],
				"typeOfSection": 0,
				"gfSection": false,
				"altAnim": false,
				"mustHitSection": true,
				"changeBPM": false,
				"bpm": 91
			},
			{
				"sectionBeats": 4,
				"sectionNotes": [],
				"typeOfSection": 0,
				"gfSection": false,
				"altAnim": false,
				"mustHitSection": true,
				"changeBPM": false,
				"bpm": 91
			},
			{
				"sectionBeats": 4,
				"sectionNotes": [],
				"typeOfSection": 0,
				"gfSection": false,
				"altAnim": false,
				"mustHitSection": true,
				"changeBPM": false,
				"bpm": 91
			},
			{
				"typeOfSection": 0,
				"sectionNotes": [],
				"sectionBeats": 4,
				"altAnim": false,
				"gfSection": false,
				"bpm": 91,
				"changeBPM": false,
				"mustHitSection": true
			},
			{
				"sectionBeats": 4,
				"sectionNotes": [],
				"typeOfSection": 0,
				"gfSection": false,
				"altAnim": false,
				"mustHitSection": true,
				"changeBPM": false,
				"bpm": 91
			},
			{
				"gfSection": false,
				"altAnim": false,
				"typeOfSection": 0,
				"sectionNotes": [],
				"bpm": 91,
				"sectionBeats": 4,
				"changeBPM": false,
				"mustHitSection": true
			}
		],
		"events": [
			[
				62637.3626373627,
				[
					[
						"Set Cam Zoom",
						"0.92",
						""
					],
					[
						"Camera Follow Pos",
						"696.5",
						"567"
					],
					[
						"Set Property",
						"camZoomingDecay",
						"0.76"
					],
					[
						"Play Animation",
						"bizayy",
						"enemy"
					],
					[
						"Move Character",
						{"main":false,"characterName":"busayy"},
						{"x":-160,"y":-60}
					]
				]
			],
			[
				63637,
				[
					[
						"Move Character",
						{"main":false,"characterName":"busayy"},
						{"x":9999,"y":9999}
					]
				]

			],
			[
				63296.7032967033,
				[
					[
						"Set Cam Zoom",
						"0.8",
						""
					],
					[
						"Set Property",
						"camZoomingDecay",
						"1"
					],
					[
						"Camera Follow Pos",
						"",
						""
					]
				]
			],
			[
				115879.120879121,
				[
					[
						"Camera Follow Pos",
						"990",
						"541"
					],
					[
						"Set Cam Zoom",
						"0.7",
						""
					]
				]
			]],
		"player2": "kook",
		"splashSkin": "noteSplashes",
		"song": "Fazballs",
		"needsVoices": true,
		"arrowSkin": "",
		"stage": "attraction",
		"validScore": true,
		"bpm": 91,
		"speed": 2.6
	}
}