{
    "size":75,
    "cameraX":130,
    "cameraY":25,
    "x":-200,
    "y":-50,
    "animations":{
        "idle":{"frames":"11"},
        "up":{"frames":"4"},
        "down":{"frames":"4"},
        "left":{"frames":"4"},
        "right":{"frames":"4"},
        "seconds per frame":0.04
    },
    "offsets":{
        "idle":{"x":0,"y":0},
        "up":{"x":0,"y":15},
        "down":{"x":25,"y":-50},
        "left":{"x":-5,"y":-20},
        "right":{"x":5,"y":-10}
    },
    "healthColor":"#d8ffff"
}