{
    "size":75,
    "cameraX":60,
    "cameraY":40,
    "x":-100,
    "y":-100,
    "animations":{
        "idle":{"frames":"13"},
        "up":{"frames":"6"},
        "down":{"frames":"6"},
        "left":{"frames":"7"},
        "right":{"frames":"6"},
        "seconds per frame":0.025
    },
    "offsets":{
        "idle":{"x":0,"y":0},
        "up":{"x":-40,"y":43},
        "down":{"x":14,"y":-34},
        "left":{"x":-35,"y":1},
        "right":{"x":72,"y":-4}
    },
    "healthColor":"#ffffff"
}