{
	"song": {
		"sectionLengths": [],
		"player1": "bf",
		"notes": [
			{
				"sectionNotes": [],
				"lengthInSteps": 16,
				"typeOfSection": 0,
				"mustHitSection": false
			},
			{
				"sectionNotes": [],
				"lengthInSteps": 16,
				"typeOfSection": 0,
				"mustHitSection": true
			},
			{
				"sectionNotes": [],
				"lengthInSteps": 16,
				"typeOfSection": 0,
				"mustHitSection": false
			},
			{
				"sectionNotes": [],
				"lengthInSteps": 16,
				"typeOfSection": 0,
				"mustHitSection": true
			},
			{
				"sectionNotes": [
					[
						6809.81595092025,
						0,
						0
					],
					[
						6993.86503067485,
						1,
						0
					],
					[
						6625.76687116564,
						3,
						92.0245398773006
					],
					[
						7177.91411042945,
						3,
						0
					]
				],
				"lengthInSteps": 16,
				"typeOfSection": 0,
				"mustHitSection": false
			},
			{
				"sectionNotes": [
					[
						8098.15950920245,
						0,
						0
					],
					[
						8282.20858895706,
						2,
						0
					],
					[
						8466.25766871166,
						0,
						0
					],
					[
						8650.30674846626,
						3,
						0
					],
					[
						7361.96319018405,
						2,
						276.073619631902
					],
					[
						7730.06134969325,
						3,
						0
					]
				],
				"lengthInSteps": 16,
				"typeOfSection": 0,
				"mustHitSection": false
			},
			{
				"sectionNotes": [
					[
						8834.35582822086,
						0,
						0
					],
					[
						9754.60122699386,
						0,
						0
					],
					[
						10122.6993865031,
						2,
						0
					],
					[
						9570.55214723926,
						2,
						92.0245398773006
					],
					[
						9018.40490797546,
						1,
						0
					],
					[
						9938.65030674847,
						3,
						0
					]
				],
				"lengthInSteps": 16,
				"typeOfSection": 0,
				"mustHitSection": false
			},
			{
				"sectionNotes": [
					[
						11042.9447852761,
						0,
						276.073619631902,
						"Alt Animation"
					],
					[
						11349.6932515337,
						1,
						0
					],
					[
						11411.0429447853,
						3,
						184.049079754601
					],
					[
						10306.7484662577,
						3,
						276.073619631901
					],
					[
						10674.8466257669,
						1,
						0
					]
				],
				"lengthInSteps": 16,
				"typeOfSection": 0,
				"mustHitSection": false
			},
			{
				"sectionNotes": [
					[
						12699.3865030675,
						0,
						0
					],
					[
						12883.4355828221,
						1,
						0
					],
					[
						13067.4846625767,
						2,
						0
					],
					[
						12515.3374233129,
						2,
						92.0245398773006
					]
				],
				"lengthInSteps": 16,
				"typeOfSection": 0,
				"mustHitSection": true
			},
			{
				"sectionNotes": [
					[
						13619.6319018405,
						2,
						0
					],
					[
						13987.7300613497,
						0,
						0
					],
					[
						14171.7791411043,
						2,
						0
					],
					[
						14355.8282208589,
						0,
						0
					],
					[
						13251.5337423313,
						1,
						184.049079754601
					],
					[
						14539.8773006135,
						3,
						0
					]
				],
				"lengthInSteps": 16,
				"typeOfSection": 0,
				"mustHitSection": true
			},
			{
				"sectionNotes": [
					[
						15644.1717791411,
						0,
						0
					],
					[
						16012.2699386503,
						2,
						0
					],
					[
						14739.263803681,
						0,
						0
					],
					[
						14907.9754601227,
						3,
						0
					],
					[
						15460.1226993865,
						2,
						0
					],
					[
						15828.2208588957,
						3,
						0
					]
				],
				"lengthInSteps": 16,
				"typeOfSection": 0,
				"mustHitSection": true
			},
			{
				"sectionNotes": [
					[
						16564.4171779141,
						2,
						0
					],
					[
						16932.5153374233,
						0,
						368.098159509202
					],
					[
						17300.6134969325,
						5,
						184.049079754601
					],
					[
						16196.3190184049,
						1,
						184.049079754601
					]
				],
				"lengthInSteps": 16,
				"typeOfSection": 0,
				"mustHitSection": true
			},
			{
				"sectionNotes": [
					[
						17668.7116564417,
						3,
						184.049079754601
					],
					[
						18220.8588957055,
						2,
						0
					],
					[
						18404.9079754601,
						3,
						0
					],
					[
						18680.981595092,
						2,
						0
					],
					[
						18773.0061349693,
						3,
						0
					],
					[
						18957.0552147239,
						1,
						0
					]
				],
				"lengthInSteps": 16,
				"typeOfSection": 0,
				"mustHitSection": false
			},
			{
				"sectionNotes": [
					[
						19141.1042944785,
						2,
						184.049079754601
					],
					[
						20245.3987730061,
						3,
						276.073619631902
					],
					[
						20245.3987730061,
						1,
						0
					],
					[
						19509.2024539877,
						0,
						184.049079754601
					]
				],
				"lengthInSteps": 16,
				"typeOfSection": 0,
				"mustHitSection": false
			},
			{
				"sectionNotes": [
					[
						21349.6932515337,
						0,
						0
					],
					[
						21625.7668711656,
						2,
						0
					],
					[
						21717.7914110429,
						0,
						0
					],
					[
						21901.8404907975,
						1,
						0
					],
					[
						20613.4969325153,
						2,
						184.049079754601
					],
					[
						21165.6441717791,
						3,
						0
					]
				],
				"lengthInSteps": 16,
				"typeOfSection": 0,
				"mustHitSection": false
			},
			{
				"sectionNotes": [
					[
						22085.8895705521,
						2,
						276.073619631902
					],
					[
						22453.9877300614,
						0,
						276.073619631902,
						"Alt Animation"
					],
					[
						22822.0858895706,
						3,
						276.073619631901
					],
					[
						23190.1840490798,
						1,
						276.073619631902
					],
					[
						23190.1840490798,
						5,
						276.073619631902
					]
				],
				"lengthInSteps": 16,
				"typeOfSection": 0,
				"mustHitSection": false
			},
			{
				"sectionNotes": [
					[
						24570.5521472393,
						2,
						0
					],
					[
						24662.5766871166,
						3,
						0
					],
					[
						24846.6257668712,
						1,
						0
					],
					[
						23558.282208589,
						2,
						0
					],
					[
						24110.4294478528,
						1,
						0
					],
					[
						24294.4785276074,
						0,
						0
					],
					[
						23558.282208589,
						0,
						0
					]
				],
				"lengthInSteps": 16,
				"typeOfSection": 0,
				"mustHitSection": true,
				"bpm": 0
			},
			{
				"sectionNotes": [
					[
						25030.6748466258,
						2,
						184.049079754601
					],
					[
						25030.6748466258,
						6,
						184.049079754601
					],
					[
						25398.773006135,
						4,
						0
					],
					[
						25398.773006135,
						3,
						0
					],
					[
						26134.9693251534,
						1,
						184.049079754601
					]
				],
				"lengthInSteps": 16,
				"typeOfSection": 0,
				"mustHitSection": true
			},
			{
				"sectionNotes": [
					[
						26503.0674846626,
						0,
						0
					],
					[
						27055.2147239264,
						2,
						0
					],
					[
						27239.263803681,
						0,
						0
					],
					[
						27515.3374233129,
						2,
						0
					],
					[
						27607.3619631902,
						0,
						0
					],
					[
						27791.4110429448,
						1,
						0
					]
				],
				"lengthInSteps": 16,
				"typeOfSection": 0,
				"mustHitSection": true
			},
			{
				"sectionNotes": [
					[
						27975.4601226994,
						7,
						184.049079754601
					],
					[
						28711.6564417178,
						6,
						368.098159509202
					],
					[
						29079.754601227,
						5,
						184.049079754601
					],
					[
						27975.4601226994,
						0,
						92.0245398773006
					],
					[
						28343.5582822086,
						3,
						92.0245398773006
					],
					[
						28711.6564417178,
						2,
						368.098159509202
					],
					[
						29079.754601227,
						1,
						184.049079754601
					],
					[
						28343.5582822086,
						4,
						92.0245398773006,
						"Alt Animation"
					]
				],
				"lengthInSteps": 16,
				"typeOfSection": 0,
				"mustHitSection": true
			},
			{
				"sectionNotes": [
					[
						29631.9018404908,
						0,
						0
					],
					[
						30000,
						1,
						460.122699386503
					],
					[
						29815.9509202454,
						3,
						0
					],
					[
						29447.8527607362,
						3,
						0
					]
				],
				"lengthInSteps": 16,
				"typeOfSection": 0,
				"mustHitSection": false
			},
			{
				"sectionNotes": [
					[
						30920.245398773,
						3,
						0
					],
					[
						31472.3926380368,
						1,
						460.122699386503
					],
					[
						31288.3435582822,
						3,
						0
					],
					[
						31104.2944785276,
						0,
						0
					]
				],
				"lengthInSteps": 16,
				"typeOfSection": 0,
				"mustHitSection": true
			},
			{
				"sectionNotes": [
					[
						32576.6871165644,
						2,
						0
					],
					[
						32392.6380368098,
						2,
						0
					],
					[
						32760.736196319,
						3,
						0
					],
					[
						32944.7852760736,
						1,
						460.122699386503
					]
				],
				"lengthInSteps": 16,
				"typeOfSection": 0,
				"mustHitSection": false
			},
			{
				"sectionNotes": [
					[
						34049.0797546012,
						2,
						0
					],
					[
						34417.1779141104,
						0,
						460.122699386503
					],
					[
						33865.0306748466,
						2,
						0
					],
					[
						34233.1288343558,
						3,
						0
					]
				],
				"lengthInSteps": 16,
				"typeOfSection": 0,
				"mustHitSection": true
			},
			{
				"sectionNotes": [
					[
						35337.4233128834,
						1,
						0
					],
					[
						35521.472392638,
						3,
						0
					],
					[
						35613.4969325153,
						1,
						0
					],
					[
						35889.5705521472,
						1,
						0
					],
					[
						36165.6441717791,
						1,
						0
					],
					[
						36625.7668711656,
						3,
						276.073619631902
					],
					[
						35705.5214723926,
						0,
						0
					],
					[
						36257.6687116564,
						0,
						0
					],
					[
						36441.717791411,
						2,
						0
					],
					[
						35429.4478527607,
						0,
						0
					],
					[
						35797.5460122699,
						3,
						0
					],
					[
						35981.5950920245,
						2,
						0
					],
					[
						36073.6196319018,
						3,
						0
					],
					[
						36349.6932515337,
						3,
						0
					]
				],
				"lengthInSteps": 16,
				"typeOfSection": 0,
				"mustHitSection": false
			},
			{
				"sectionNotes": [
					[
						36809.8159509202,
						1,
						0
					],
					[
						36993.8650306748,
						3,
						0
					],
					[
						37085.8895705521,
						1,
						0
					],
					[
						37361.963190184,
						1,
						0
					],
					[
						37638.0368098159,
						1,
						0
					],
					[
						37177.9141104294,
						0,
						0
					],
					[
						37730.0613496932,
						0,
						0
					],
					[
						37914.1104294478,
						2,
						0
					],
					[
						36901.8404907975,
						0,
						0
					],
					[
						37269.9386503068,
						3,
						0
					],
					[
						37453.9877300614,
						2,
						0
					],
					[
						37546.0122699386,
						3,
						0
					],
					[
						37822.0858895706,
						3,
						0
					],
					[
						38098.1595092025,
						1,
						92.0245398773006
					]
				],
				"lengthInSteps": 16,
				"typeOfSection": 0,
				"gfSection": false,
				"mustHitSection": true
			},
			{
				"sectionNotes": [
					[
						39018.4049079755,
						0,
						0
					],
					[
						38374.2331288344,
						0,
						0
					],
					[
						38650.3067484663,
						2,
						0
					],
					[
						39110.4294478528,
						2,
						0
					],
					[
						39386.5030674847,
						3,
						276.073619631902
					],
					[
						38282.2085889571,
						2,
						0
					],
					[
						38466.2576687117,
						3,
						0
					],
					[
						38742.3312883436,
						0,
						0
					],
					[
						38834.3558282209,
						3,
						0
					],
					[
						39202.4539877301,
						0,
						0
					]
				],
				"lengthInSteps": 16,
				"typeOfSection": 0,
				"mustHitSection": false
			},
			{
				"sectionNotes": [
					[
						40490.7975460123,
						0,
						0
					],
					[
						39846.6257668712,
						0,
						0
					],
					[
						40122.6993865031,
						2,
						0
					],
					[
						39754.6012269939,
						2,
						0
					],
					[
						39938.6503067485,
						3,
						0
					],
					[
						40214.7239263804,
						0,
						0
					],
					[
						40306.7484662577,
						3,
						0
					],
					[
						40674.8466257669,
						3,
						0
					],
					[
						40582.8220858896,
						1,
						0
					],
					[
						40874.2331288343,
						2,
						184.049079754601
					],
					[
						40874.2331288343,
						7,
						184.049079754601
					],
					[
						40858.8957055215,
						6,
						0
					]
				],
				"lengthInSteps": 16,
				"typeOfSection": 0,
				"mustHitSection": true
			},
			{
				"sectionNotes": [
					[
						41226.9938650307,
						0,
						0
					],
					[
						41411.0429447853,
						3,
						0
					],
					[
						41595.0920245399,
						0,
						0
					],
					[
						42147.2392638037,
						0,
						368.098159509202,
						"Alt Animation"
					],
					[
						42515.3374233129,
						3,
						0
					],
					[
						41779.1411042945,
						1,
						276.073619631902
					]
				],
				"lengthInSteps": 16,
				"typeOfSection": 0,
				"mustHitSection": false
			},
			{
				"sectionNotes": [
					[
						42699.3865030675,
						1,
						276.073619631902
					],
					[
						43067.4846625767,
						2,
						276.073619631902
					],
					[
						43435.5828220859,
						3,
						368.098159509202
					]
				],
				"lengthInSteps": 16,
				"typeOfSection": 0,
				"mustHitSection": false
			},
			{
				"sectionNotes": [
					[
						44171.7791411043,
						0,
						0
					],
					[
						44355.8282208589,
						1,
						0
					],
					[
						44539.8773006135,
						3,
						0
					],
					[
						45092.0245398773,
						0,
						0
					],
					[
						45276.0736196319,
						1,
						0
					],
					[
						45460.1226993865,
						3,
						0
					],
					[
						44723.9263803681,
						1,
						276.073619631902
					]
				],
				"lengthInSteps": 16,
				"typeOfSection": 0,
				"mustHitSection": false
			},
			{
				"sectionNotes": [
					[
						45644.1717791411,
						0,
						184.049079754601
					],
					[
						46564.4171779141,
						2,
						0
					],
					[
						46380.3680981595,
						3,
						0
					],
					[
						46380.3680981595,
						2,
						0
					],
					[
						46564.4171779141,
						3,
						0
					],
					[
						46932.5153374233,
						1,
						0
					],
					[
						46932.5153374233,
						0,
						0
					],
					[
						46733.1288343558,
						0,
						0
					],
					[
						46733.1288343558,
						1,
						0
					],
					[
						46012.2699386503,
						1,
						276.073619631902
					]
				],
				"lengthInSteps": 16,
				"typeOfSection": 0,
				"mustHitSection": false
			},
			{
				"sectionNotes": [
					[
						47116.5644171779,
						0,
						0
					],
					[
						47300.6134969325,
						3,
						0
					],
					[
						47484.6625766871,
						0,
						0
					],
					[
						48404.9079754601,
						3,
						0
					],
					[
						47668.7116564417,
						1,
						276.073619631902
					],
					[
						48036.8098159509,
						0,
						276.073619631902
					]
				],
				"lengthInSteps": 16,
				"typeOfSection": 0,
				"mustHitSection": true
			},
			{
				"sectionNotes": [
					[
						49325.1533742331,
						3,
						276.073619631902
					],
					[
						48588.9570552147,
						1,
						276.073619631902
					],
					[
						48957.0552147239,
						2,
						276.073619631902
					],
					[
						49325.1533742331,
						6,
						276.073619631902
					]
				],
				"lengthInSteps": 16,
				"typeOfSection": 0,
				"mustHitSection": true
			},
			{
				"sectionNotes": [
					[
						50061.3496932515,
						0,
						0
					],
					[
						50245.3987730061,
						1,
						0
					],
					[
						50429.4478527607,
						3,
						0
					],
					[
						50981.5950920245,
						0,
						0
					],
					[
						51165.6441717791,
						1,
						0
					],
					[
						51349.6932515337,
						3,
						0
					],
					[
						50613.4969325153,
						1,
						276.073619631902
					]
				],
				"lengthInSteps": 16,
				"typeOfSection": 0,
				"mustHitSection": true
			},
			{
				"sectionNotes": [
					[
						51533.7423312883,
						0,
						184.049079754601
					],
					[
						51901.8404907975,
						1,
						184.049079754601
					],
					[
						52269.9386503067,
						2,
						0
					],
					[
						52438.6503067484,
						2,
						0
					],
					[
						52622.699386503,
						0,
						0
					],
					[
						52822.0858895705,
						0,
						0
					],
					[
						52269.9386503067,
						3,
						0
					],
					[
						52438.6503067484,
						3,
						0
					],
					[
						52622.699386503,
						1,
						0
					],
					[
						52822.0858895705,
						1,
						0
					]
				],
				"lengthInSteps": 16,
				"typeOfSection": 0,
				"mustHitSection": true
			},
			{
				"sectionNotes": [
					[
						53006.1349693251,
						2,
						0
					],
					[
						53190.1840490797,
						0,
						0
					],
					[
						53374.2331288343,
						3,
						0
					],
					[
						53926.3803680981,
						2,
						276.073619631902
					],
					[
						53558.2822085889,
						1,
						276.073619631902
					],
					[
						54294.4785276073,
						0,
						0
					]
				],
				"lengthInSteps": 16,
				"typeOfSection": 0,
				"mustHitSection": false
			},
			{
				"sectionNotes": [
					[
						54846.6257668711,
						3,
						92.0245398773006
					],
					[
						54478.5276073619,
						1,
						0
					],
					[
						54846.6257668711,
						2,
						0
					],
					[
						55242.3312883435,
						1,
						184.049079754601
					],
					[
						55582.8220858895,
						3,
						184.049079754601
					],
					[
						55766.8711656441,
						1,
						0
					]
				],
				"lengthInSteps": 16,
				"typeOfSection": 0,
				"mustHitSection": false
			},
			{
				"sectionNotes": [
					[
						56319.018404908,
						1,
						184.049079754601
					],
					[
						55950.9202453987,
						2,
						276.073619631902
					],
					[
						57055.2147239263,
						3,
						276.073619631902
					],
					[
						56687.1165644171,
						2,
						184.049079754601
					]
				],
				"lengthInSteps": 16,
				"typeOfSection": 0,
				"mustHitSection": false
			},
			{
				"sectionNotes": [
					[
						57791.4110429448,
						0,
						0
					],
					[
						57975.4601226994,
						3,
						0
					],
					[
						58159.509202454,
						2,
						184.049079754601
					],
					[
						57423.3128834355,
						1,
						276.073619631902
					],
					[
						58527.6073619631,
						3,
						184.049079754601
					],
					[
						58527.6073619631,
						0,
						0,
						"Alt Animation"
					]
				],
				"lengthInSteps": 16,
				"typeOfSection": 0,
				"mustHitSection": false
			},
			{
				"sectionNotes": [
					[
						58895.7055214723,
						2,
						0
					],
					[
						59079.7546012269,
						0,
						0
					],
					[
						59263.8036809815,
						3,
						0
					],
					[
						59447.8527607361,
						1,
						276.073619631902
					],
					[
						59815.9509202453,
						2,
						276.073619631902
					],
					[
						60184.0490797545,
						1,
						0
					]
				],
				"lengthInSteps": 16,
				"typeOfSection": 0,
				"mustHitSection": true
			},
			{
				"sectionNotes": [
					[
						60368.0981595092,
						3,
						0
					],
					[
						60736.1963190184,
						2,
						0
					],
					[
						61104.2944785276,
						3,
						276.073619631902
					],
					[
						61472.3926380368,
						1,
						276.073619631902
					]
				],
				"lengthInSteps": 16,
				"typeOfSection": 0,
				"mustHitSection": true
			},
			{
				"lengthInSteps": 16,
				"typeOfSection": 0,
				"sectionNotes": [
					[
						62576.6871165644,
						3,
						0
					],
					[
						61840.490797546,
						2,
						276.073619631902
					],
					[
						62208.5889570552,
						0,
						184.049079754601
					],
					[
						62944.7852760736,
						1,
						276.073619631902
					]
				],
				"altAnim": false,
				"bpm": 120,
				"changeBPM": false,
				"mustHitSection": true
			},
			{
				"lengthInSteps": 16,
				"typeOfSection": 0,
				"sectionNotes": [
					[
						63680.981595092,
						0,
						0
					],
					[
						63865.0306748466,
						3,
						0
					],
					[
						64417.1779141104,
						0,
						276.073619631902
					],
					[
						63312.8834355828,
						2,
						184.049079754601
					],
					[
						64049.0797546012,
						1,
						0
					]
				],
				"altAnim": false,
				"bpm": 120,
				"changeBPM": false,
				"mustHitSection": true
			},
			{
				"lengthInSteps": 16,
				"typeOfSection": 0,
				"sectionNotes": [
					[
						64785.2760736196,
						0,
						0
					],
					[
						64969.3251533742,
						1,
						0
					],
					[
						65153.3742331288,
						2,
						0
					],
					[
						65337.4233128834,
						3,
						552.147239263804
					]
				],
				"altAnim": false,
				"bpm": 120,
				"changeBPM": false,
				"mustHitSection": false
			},
			{
				"lengthInSteps": 16,
				"typeOfSection": 0,
				"sectionNotes": [
					[
						66257.6687116564,
						0,
						0
					],
					[
						66441.717791411,
						1,
						0
					],
					[
						66625.7668711656,
						2,
						0
					],
					[
						66809.8159509202,
						3,
						460.122699386503
					]
				],
				"altAnim": false,
				"bpm": 120,
				"changeBPM": false,
				"mustHitSection": true
			},
			{
				"lengthInSteps": 16,
				"typeOfSection": 0,
				"sectionNotes": [
					[
						67914.1104294478,
						2,
						0
					],
					[
						68098.1595092025,
						1,
						0
					],
					[
						68282.2085889571,
						0,
						460.122699386503,
						"Alt Animation"
					],
					[
						67730.0613496932,
						2,
						0
					]
				],
				"altAnim": false,
				"bpm": 120,
				"changeBPM": false,
				"mustHitSection": false
			},
			{
				"sectionNotes": [
					[
						69386.5030674846,
						2,
						0
					],
					[
						69570.5521472393,
						1,
						0
					],
					[
						69754.6012269939,
						0,
						460.122699386503
					],
					[
						69202.45398773,
						2,
						0
					]
				],
				"typeOfSection": 0,
				"lengthInSteps": 16,
				"altAnim": false,
				"mustHitSection": true,
				"changeBPM": false,
				"bpm": 120
			},
			{
				"sectionNotes": [
					[
						70766.8711656441,
						0,
						0
					],
					[
						71226.9938650306,
						3,
						0
					],
					[
						71503.0674846625,
						0,
						0
					],
					[
						70674.8466257668,
						2,
						0
					],
					[
						70858.8957055214,
						3,
						0
					],
					[
						71042.944785276,
						2,
						0
					],
					[
						71134.9693251533,
						0,
						0
					],
					[
						71411.0429447852,
						2,
						0
					],
					[
						71595.0920245398,
						1,
						0
					],
					[
						71779.1411042944,
						3,
						276.073619631902
					]
				],
				"typeOfSection": 0,
				"lengthInSteps": 16,
				"altAnim": false,
				"mustHitSection": false,
				"changeBPM": false,
				"bpm": 120
			},
			{
				"sectionNotes": [
					[
						72239.2638036809,
						3,
						0
					],
					[
						72699.3865030674,
						0,
						0
					],
					[
						72975.4601226993,
						3,
						0
					],
					[
						72331.2883435582,
						0,
						0
					],
					[
						72607.3619631901,
						3,
						0
					],
					[
						72147.2392638036,
						5,
						368.098159509202
					],
					[
						73251.5337423312,
						3,
						184.049079754601
					],
					[
						72147.2392638036,
						2,
						0
					],
					[
						72515.3374233128,
						2,
						0
					],
					[
						72883.435582822,
						2,
						0
					],
					[
						73067.4846625766,
						1,
						0
					]
				],
				"typeOfSection": 0,
				"lengthInSteps": 16,
				"altAnim": false,
				"mustHitSection": true,
				"changeBPM": false,
				"bpm": 120
			},
			{
				"sectionNotes": [
					[
						73619.6319018404,
						0,
						460.122699386503
					]
				],
				"typeOfSection": 0,
				"lengthInSteps": 16,
				"altAnim": false,
				"mustHitSection": true,
				"changeBPM": false,
				"bpm": 120
			},
			{
				"sectionNotes": [
					[
						75828.2208588957,
						0,
						0
					],
					[
						76012.2699386503,
						3,
						0
					],
					[
						75920.245398773,
						1,
						0
					],
					[
						75920.245398773,
						5,
						0
					],
					[
						75644.171779141,
						4,
						0
					],
					[
						75828.2208588956,
						7,
						0
					],
					[
						76012.2699386502,
						4,
						0
					],
					[
						76196.3190184048,
						0,
						184.049079754601
					],
					[
						76196.3190184048,
						7,
						184.049079754601
					],
					[
						76196.3190184048,
						2,
						0
					],
					[
						76196.3190184048,
						6,
						0
					],
					[
						75092.0245398772,
						0,
						0
					],
					[
						75184.0490797545,
						3,
						0
					],
					[
						75276.0736196318,
						2,
						0
					],
					[
						75460.1226993864,
						0,
						0
					],
					[
						75552.1472392637,
						2,
						0
					],
					[
						75644.171779141,
						3,
						0
					],
					[
						75092.0245398772,
						7,
						0
					],
					[
						75184.0490797545,
						4,
						0
					],
					[
						75276.0736196318,
						6,
						0
					],
					[
						75460.1226993864,
						7,
						0
					],
					[
						75552.1472392637,
						6,
						0
					]
				],
				"typeOfSection": 0,
				"lengthInSteps": 16,
				"altAnim": false,
				"mustHitSection": true,
				"changeBPM": false,
				"bpm": 120
			},
			{
				"sectionNotes": [
					[
						76564.417177914,
						5,
						0
					],
					[
						76748.4662576686,
						6,
						0
					],
					[
						76932.5153374232,
						7,
						0
					],
					[
						77116.5644171778,
						5,
						0
					],
					[
						77300.6134969324,
						4,
						0
					],
					[
						77484.662576687,
						6,
						0
					],
					[
						77668.7116564416,
						7,
						0
					]
				],
				"typeOfSection": 0,
				"lengthInSteps": 16,
				"gfSection": true,
				"altAnim": false,
				"mustHitSection": false,
				"changeBPM": false,
				"bpm": 120
			},
			{
				"sectionNotes": [
					[
						78036.8098159508,
						4,
						0
					],
					[
						78220.8588957054,
						6,
						0
					],
					[
						78404.90797546,
						7,
						0
					],
					[
						78588.9570552146,
						5,
						0
					],
					[
						78773.0061349692,
						4,
						92.0245398773006
					],
					[
						78957.0552147238,
						7,
						0
					],
					[
						79141.1042944784,
						5,
						92.0245398773006
					],
					[
						79325.1533742331,
						7,
						92.0245398773006
					]
				],
				"typeOfSection": 0,
				"lengthInSteps": 16,
				"gfSection": true,
				"altAnim": false,
				"mustHitSection": false,
				"changeBPM": false,
				"bpm": 120
			},
			{
				"sectionNotes": [
					[
						79509.2024539876,
						5,
						0
					],
					[
						79693.2515337423,
						6,
						0
					],
					[
						79877.3006134968,
						7,
						0
					],
					[
						80061.3496932515,
						5,
						0
					],
					[
						80245.398773006,
						4,
						0
					],
					[
						80429.4478527607,
						6,
						0
					],
					[
						80613.4969325152,
						7,
						0
					]
				],
				"typeOfSection": 0,
				"lengthInSteps": 16,
				"gfSection": true,
				"altAnim": false,
				"mustHitSection": false,
				"changeBPM": false,
				"bpm": 120
			},
			{
				"lengthInSteps": 16,
				"typeOfSection": 0,
				"sectionNotes": [
					[
						80981.5950920245,
						4,
						0
					],
					[
						81165.6441717791,
						6,
						0
					],
					[
						81349.6932515337,
						7,
						0
					],
					[
						81533.7423312883,
						5,
						0
					],
					[
						81717.7914110429,
						4,
						92.0245398773006
					],
					[
						81901.8404907975,
						7,
						0
					],
					[
						82085.8895705521,
						5,
						92.0245398773006
					],
					[
						82269.9386503067,
						7,
						92.0245398773006
					]
				],
				"gfSection": true,
				"altAnim": false,
				"bpm": 120,
				"changeBPM": false,
				"mustHitSection": false
			},
			{
				"lengthInSteps": 16,
				"typeOfSection": 0,
				"sectionNotes": [
					[
						82469.3251533741,
						5,
						0
					],
					[
						82653.3742331287,
						6,
						0
					],
					[
						82837.4233128833,
						7,
						0
					],
					[
						83021.4723926379,
						5,
						0
					],
					[
						83205.5214723925,
						4,
						0
					],
					[
						83389.5705521472,
						6,
						0
					],
					[
						83573.6196319017,
						7,
						0
					]
				],
				"gfSection": true,
				"altAnim": false,
				"bpm": 120,
				"changeBPM": false,
				"mustHitSection": false
			},
			{
				"sectionNotes": [
					[
						83941.7177914109,
						5,
						0
					],
					[
						84125.7668711655,
						6,
						0
					],
					[
						84309.8159509202,
						7,
						0
					],
					[
						84493.8650306747,
						5,
						0
					],
					[
						84677.9141104294,
						4,
						0
					],
					[
						84861.963190184,
						6,
						0
					],
					[
						85046.0122699386,
						5,
						276.073619631902
					]
				],
				"typeOfSection": 0,
				"lengthInSteps": 16,
				"gfSection": true,
				"altAnim": false,
				"mustHitSection": false,
				"changeBPM": false,
				"bpm": 120
			},
			{
				"lengthInSteps": 16,
				"typeOfSection": 0,
				"sectionNotes": [],
				"altAnim": false,
				"bpm": 120,
				"changeBPM": false,
				"mustHitSection": true
			},
			{
				"sectionNotes": [],
				"typeOfSection": 0,
				"lengthInSteps": 16,
				"altAnim": false,
				"mustHitSection": true,
				"changeBPM": false,
				"bpm": 120
			},
			{
				"lengthInSteps": 16,
				"typeOfSection": 0,
				"sectionNotes": [],
				"altAnim": false,
				"bpm": 120,
				"changeBPM": false,
				"mustHitSection": true
			},
			{
				"sectionNotes": [],
				"typeOfSection": 0,
				"lengthInSteps": 16,
				"altAnim": false,
				"mustHitSection": true,
				"changeBPM": false,
				"bpm": 120
			},
			{
				"sectionNotes": [],
				"typeOfSection": 0,
				"lengthInSteps": 16,
				"altAnim": false,
				"mustHitSection": true,
				"changeBPM": false,
				"bpm": 120
			},
			{
				"sectionNotes": [],
				"typeOfSection": 0,
				"lengthInSteps": 16,
				"altAnim": false,
				"mustHitSection": true,
				"changeBPM": false,
				"bpm": 120
			},
			{
				"sectionNotes": [],
				"typeOfSection": 0,
				"lengthInSteps": 16,
				"altAnim": false,
				"mustHitSection": true,
				"changeBPM": false,
				"bpm": 120
			},
			{
				"lengthInSteps": 16,
				"typeOfSection": 0,
				"sectionNotes": [],
				"altAnim": false,
				"bpm": 120,
				"changeBPM": false,
				"mustHitSection": true
			},
			{
				"lengthInSteps": 16,
				"typeOfSection": 0,
				"sectionNotes": [],
				"altAnim": false,
				"bpm": 120,
				"changeBPM": false,
				"mustHitSection": true
			},
			{
				"lengthInSteps": 16,
				"typeOfSection": 0,
				"sectionNotes": [],
				"altAnim": false,
				"bpm": 120,
				"changeBPM": false,
				"mustHitSection": true
			},
			{
				"sectionNotes": [],
				"typeOfSection": 0,
				"lengthInSteps": 16,
				"altAnim": false,
				"mustHitSection": true,
				"changeBPM": false,
				"bpm": 120
			},
			{
				"sectionNotes": [],
				"typeOfSection": 0,
				"lengthInSteps": 16,
				"altAnim": false,
				"mustHitSection": true,
				"changeBPM": false,
				"bpm": 135
			},
			{
				"sectionNotes": [],
				"typeOfSection": 0,
				"lengthInSteps": 16,
				"altAnim": false,
				"mustHitSection": true,
				"changeBPM": false,
				"bpm": 150
			},
			{
				"sectionNotes": [],
				"typeOfSection": 0,
				"lengthInSteps": 16,
				"altAnim": false,
				"mustHitSection": true,
				"changeBPM": false,
				"bpm": 163
			},
			{
				"lengthInSteps": 16,
				"typeOfSection": 0,
				"sectionNotes": [],
				"altAnim": false,
				"bpm": 163,
				"changeBPM": false,
				"mustHitSection": true
			},
			{
				"lengthInSteps": 16,
				"typeOfSection": 0,
				"sectionNotes": [],
				"altAnim": false,
				"bpm": 163,
				"changeBPM": false,
				"mustHitSection": true
			},
			{
				"lengthInSteps": 16,
				"typeOfSection": 0,
				"sectionNotes": [],
				"altAnim": false,
				"bpm": 163,
				"changeBPM": false,
				"mustHitSection": true
			},
			{
				"lengthInSteps": 16,
				"typeOfSection": 0,
				"sectionNotes": [],
				"altAnim": false,
				"bpm": 163,
				"changeBPM": false,
				"mustHitSection": true
			},
			{
				"lengthInSteps": 16,
				"typeOfSection": 0,
				"sectionNotes": [],
				"altAnim": false,
				"bpm": 163,
				"changeBPM": false,
				"mustHitSection": true
			},
			{
				"lengthInSteps": 16,
				"typeOfSection": 0,
				"sectionNotes": [],
				"altAnim": false,
				"bpm": 163,
				"changeBPM": false,
				"mustHitSection": true
			},
			{
				"sectionNotes": [],
				"typeOfSection": 0,
				"lengthInSteps": 16,
				"altAnim": false,
				"mustHitSection": true,
				"changeBPM": false,
				"bpm": 163
			},
			{
				"sectionNotes": [],
				"typeOfSection": 0,
				"lengthInSteps": 16,
				"altAnim": false,
				"mustHitSection": true,
				"changeBPM": false,
				"bpm": 163
			},
			{
				"lengthInSteps": 16,
				"typeOfSection": 0,
				"sectionNotes": [],
				"altAnim": false,
				"bpm": 163,
				"changeBPM": false,
				"mustHitSection": true
			},
			{
				"lengthInSteps": 16,
				"typeOfSection": 0,
				"sectionNotes": [],
				"altAnim": false,
				"bpm": 163,
				"changeBPM": false,
				"mustHitSection": true
			},
			{
				"lengthInSteps": 16,
				"typeOfSection": 0,
				"sectionNotes": [],
				"altAnim": false,
				"bpm": 163,
				"changeBPM": false,
				"mustHitSection": true
			},
			{
				"sectionBeats": 4,
				"sectionNotes": [],
				"typeOfSection": 0,
				"gfSection": false,
				"altAnim": false,
				"mustHitSection": true,
				"changeBPM": false,
				"bpm": 163
			},
			{
				"sectionBeats": 4,
				"sectionNotes": [],
				"typeOfSection": 0,
				"gfSection": false,
				"altAnim": false,
				"mustHitSection": true,
				"changeBPM": false,
				"bpm": 163
			},
			{
				"sectionBeats": 4,
				"sectionNotes": [],
				"typeOfSection": 0,
				"gfSection": false,
				"altAnim": false,
				"mustHitSection": true,
				"changeBPM": false,
				"bpm": 163
			},
			{
				"sectionBeats": 4,
				"sectionNotes": [],
				"typeOfSection": 0,
				"gfSection": false,
				"altAnim": false,
				"mustHitSection": true,
				"changeBPM": false,
				"bpm": 163
			},
			{
				"sectionBeats": 4,
				"sectionNotes": [],
				"typeOfSection": 0,
				"gfSection": false,
				"altAnim": false,
				"mustHitSection": true,
				"changeBPM": false,
				"bpm": 163
			},
			{
				"sectionBeats": 4,
				"sectionNotes": [],
				"typeOfSection": 0,
				"gfSection": false,
				"altAnim": false,
				"mustHitSection": true,
				"changeBPM": false,
				"bpm": 163
			},
			{
				"sectionBeats": 4,
				"sectionNotes": [],
				"typeOfSection": 0,
				"gfSection": false,
				"altAnim": false,
				"mustHitSection": true,
				"changeBPM": false,
				"bpm": 163
			},
			{
				"sectionBeats": 4,
				"sectionNotes": [],
				"typeOfSection": 0,
				"gfSection": false,
				"altAnim": false,
				"mustHitSection": true,
				"changeBPM": false,
				"bpm": 163
			},
			{
				"sectionBeats": 4,
				"sectionNotes": [],
				"typeOfSection": 0,
				"gfSection": false,
				"altAnim": false,
				"mustHitSection": true,
				"changeBPM": false,
				"bpm": 163
			},
			{
				"sectionBeats": 4,
				"sectionNotes": [],
				"typeOfSection": 0,
				"gfSection": false,
				"altAnim": false,
				"mustHitSection": true,
				"changeBPM": false,
				"bpm": 163
			},
			{
				"sectionBeats": 4,
				"sectionNotes": [],
				"typeOfSection": 0,
				"gfSection": false,
				"altAnim": false,
				"mustHitSection": true,
				"changeBPM": false,
				"bpm": 163
			},
			{
				"sectionBeats": 4,
				"sectionNotes": [],
				"typeOfSection": 0,
				"gfSection": false,
				"altAnim": false,
				"mustHitSection": true,
				"changeBPM": false,
				"bpm": 163
			},
			{
				"sectionBeats": 4,
				"sectionNotes": [],
				"typeOfSection": 0,
				"gfSection": false,
				"altAnim": false,
				"mustHitSection": true,
				"changeBPM": false,
				"bpm": 163
			},
			{
				"sectionBeats": 4,
				"sectionNotes": [],
				"typeOfSection": 0,
				"gfSection": false,
				"altAnim": false,
				"mustHitSection": true,
				"changeBPM": false,
				"bpm": 163
			},
			{
				"sectionBeats": 4,
				"sectionNotes": [],
				"typeOfSection": 0,
				"gfSection": false,
				"altAnim": false,
				"mustHitSection": true,
				"changeBPM": false,
				"bpm": 163
			},
			{
				"sectionBeats": 4,
				"sectionNotes": [],
				"typeOfSection": 0,
				"gfSection": false,
				"altAnim": false,
				"mustHitSection": true,
				"changeBPM": false,
				"bpm": 163
			},
			{
				"typeOfSection": 0,
				"sectionNotes": [],
				"sectionBeats": 4,
				"altAnim": false,
				"gfSection": false,
				"bpm": 163,
				"changeBPM": false,
				"mustHitSection": true
			},
			{
				"sectionBeats": 4,
				"sectionNotes": [],
				"typeOfSection": 0,
				"gfSection": false,
				"altAnim": false,
				"mustHitSection": true,
				"changeBPM": false,
				"bpm": 163
			},
			{
				"sectionBeats": 4,
				"sectionNotes": [],
				"typeOfSection": 0,
				"gfSection": false,
				"altAnim": false,
				"mustHitSection": true,
				"changeBPM": false,
				"bpm": 163
			},
			{
				"sectionBeats": 4,
				"sectionNotes": [],
				"typeOfSection": 0,
				"gfSection": false,
				"altAnim": false,
				"mustHitSection": true,
				"changeBPM": false,
				"bpm": 163
			},
			{
				"sectionBeats": 4,
				"sectionNotes": [],
				"typeOfSection": 0,
				"gfSection": false,
				"altAnim": false,
				"mustHitSection": true,
				"changeBPM": false,
				"bpm": 163
			},
			{
				"sectionBeats": 4,
				"sectionNotes": [],
				"typeOfSection": 0,
				"gfSection": false,
				"altAnim": false,
				"mustHitSection": true,
				"changeBPM": false,
				"bpm": 163
			},
			{
				"sectionBeats": 4,
				"sectionNotes": [],
				"typeOfSection": 0,
				"gfSection": false,
				"altAnim": false,
				"mustHitSection": true,
				"changeBPM": false,
				"bpm": 163
			},
			{
				"sectionBeats": 4,
				"sectionNotes": [],
				"typeOfSection": 0,
				"gfSection": false,
				"altAnim": false,
				"mustHitSection": true,
				"changeBPM": false,
				"bpm": 163
			},
			{
				"sectionBeats": 4,
				"sectionNotes": [],
				"typeOfSection": 0,
				"gfSection": false,
				"altAnim": false,
				"mustHitSection": true,
				"changeBPM": false,
				"bpm": 163
			},
			{
				"typeOfSection": 0,
				"sectionNotes": [],
				"sectionBeats": 4,
				"altAnim": false,
				"gfSection": false,
				"bpm": 163,
				"changeBPM": false,
				"mustHitSection": true
			},
			{
				"typeOfSection": 0,
				"sectionNotes": [],
				"sectionBeats": 4,
				"altAnim": false,
				"gfSection": false,
				"bpm": 163,
				"changeBPM": false,
				"mustHitSection": true
			},
			{
				"sectionBeats": 4,
				"sectionNotes": [],
				"typeOfSection": 0,
				"gfSection": false,
				"altAnim": false,
				"mustHitSection": true,
				"changeBPM": false,
				"bpm": 163
			},
			{
				"sectionBeats": 4,
				"sectionNotes": [],
				"typeOfSection": 0,
				"gfSection": false,
				"altAnim": false,
				"mustHitSection": true,
				"changeBPM": false,
				"bpm": 163
			},
			{
				"sectionBeats": 4,
				"sectionNotes": [],
				"typeOfSection": 0,
				"gfSection": false,
				"altAnim": false,
				"mustHitSection": true,
				"changeBPM": false,
				"bpm": 163
			},
			{
				"sectionBeats": 4,
				"sectionNotes": [],
				"typeOfSection": 0,
				"gfSection": false,
				"altAnim": false,
				"mustHitSection": true,
				"changeBPM": false,
				"bpm": 163
			},
			{
				"sectionBeats": 4,
				"sectionNotes": [],
				"typeOfSection": 0,
				"gfSection": false,
				"altAnim": false,
				"mustHitSection": true,
				"changeBPM": false,
				"bpm": 163
			},
			{
				"sectionBeats": 4,
				"sectionNotes": [],
				"typeOfSection": 0,
				"gfSection": false,
				"altAnim": false,
				"mustHitSection": true,
				"changeBPM": false,
				"bpm": 163
			},
			{
				"sectionBeats": 4,
				"sectionNotes": [],
				"typeOfSection": 0,
				"gfSection": false,
				"altAnim": false,
				"mustHitSection": true,
				"changeBPM": false,
				"bpm": 163
			},
			{
				"sectionBeats": 4,
				"sectionNotes": [],
				"typeOfSection": 0,
				"gfSection": false,
				"altAnim": false,
				"mustHitSection": true,
				"changeBPM": false,
				"bpm": 163
			},
			{
				"sectionBeats": 4,
				"sectionNotes": [],
				"typeOfSection": 0,
				"gfSection": false,
				"altAnim": false,
				"mustHitSection": true,
				"changeBPM": false,
				"bpm": 163
			},
			{
				"sectionBeats": 4,
				"sectionNotes": [],
				"typeOfSection": 0,
				"gfSection": false,
				"altAnim": false,
				"mustHitSection": true,
				"changeBPM": false,
				"bpm": 163
			},
			{
				"sectionBeats": 4,
				"sectionNotes": [],
				"typeOfSection": 0,
				"gfSection": false,
				"altAnim": false,
				"mustHitSection": true,
				"changeBPM": false,
				"bpm": 163
			},
			{
				"sectionBeats": 4,
				"sectionNotes": [],
				"typeOfSection": 0,
				"gfSection": false,
				"altAnim": false,
				"mustHitSection": true,
				"changeBPM": false,
				"bpm": 163
			},
			{
				"sectionBeats": 4,
				"sectionNotes": [],
				"typeOfSection": 0,
				"gfSection": false,
				"altAnim": false,
				"mustHitSection": true,
				"changeBPM": false,
				"bpm": 163
			},
			{
				"typeOfSection": 0,
				"sectionNotes": [],
				"sectionBeats": 4,
				"altAnim": false,
				"gfSection": false,
				"bpm": 163,
				"changeBPM": false,
				"mustHitSection": true
			},
			{
				"typeOfSection": 0,
				"sectionNotes": [],
				"sectionBeats": 4,
				"altAnim": false,
				"gfSection": false,
				"bpm": 163,
				"changeBPM": false,
				"mustHitSection": true
			},
			{
				"typeOfSection": 0,
				"sectionNotes": [],
				"sectionBeats": 4,
				"altAnim": false,
				"gfSection": false,
				"bpm": 163,
				"changeBPM": false,
				"mustHitSection": true
			},
			{
				"sectionBeats": 4,
				"sectionNotes": [],
				"typeOfSection": 0,
				"gfSection": false,
				"altAnim": false,
				"mustHitSection": true,
				"changeBPM": false,
				"bpm": 163
			},
			{
				"sectionBeats": 4,
				"sectionNotes": [],
				"typeOfSection": 0,
				"gfSection": false,
				"altAnim": false,
				"mustHitSection": true,
				"changeBPM": false,
				"bpm": 163
			},
			{
				"sectionBeats": 4,
				"sectionNotes": [],
				"typeOfSection": 0,
				"gfSection": false,
				"altAnim": false,
				"mustHitSection": true,
				"changeBPM": false,
				"bpm": 163
			},
			{
				"sectionBeats": 4,
				"sectionNotes": [],
				"typeOfSection": 0,
				"gfSection": false,
				"altAnim": false,
				"mustHitSection": true,
				"changeBPM": false,
				"bpm": 163
			},
			{
				"sectionBeats": 4,
				"sectionNotes": [],
				"typeOfSection": 0,
				"gfSection": false,
				"altAnim": false,
				"mustHitSection": true,
				"changeBPM": false,
				"bpm": 163
			},
			{
				"sectionBeats": 4,
				"sectionNotes": [],
				"typeOfSection": 0,
				"gfSection": false,
				"altAnim": false,
				"mustHitSection": true,
				"changeBPM": false,
				"bpm": 163
			},
			{
				"sectionBeats": 4,
				"sectionNotes": [],
				"typeOfSection": 0,
				"gfSection": false,
				"altAnim": false,
				"mustHitSection": true,
				"changeBPM": false,
				"bpm": 163
			},
			{
				"sectionBeats": 4,
				"sectionNotes": [],
				"typeOfSection": 0,
				"gfSection": false,
				"altAnim": false,
				"mustHitSection": true,
				"changeBPM": false,
				"bpm": 163
			},
			{
				"sectionBeats": 4,
				"sectionNotes": [],
				"typeOfSection": 0,
				"gfSection": false,
				"altAnim": false,
				"mustHitSection": true,
				"changeBPM": false,
				"bpm": 163
			},
			{
				"sectionBeats": 4,
				"sectionNotes": [],
				"typeOfSection": 0,
				"gfSection": false,
				"altAnim": false,
				"mustHitSection": true,
				"changeBPM": false,
				"bpm": 163
			},
			{
				"typeOfSection": 0,
				"sectionNotes": [],
				"sectionBeats": 4,
				"altAnim": false,
				"gfSection": false,
				"bpm": 163,
				"changeBPM": false,
				"mustHitSection": true
			},
			{
				"typeOfSection": 0,
				"sectionNotes": [],
				"sectionBeats": 4,
				"altAnim": false,
				"gfSection": false,
				"bpm": 163,
				"changeBPM": false,
				"mustHitSection": true
			},
			{
				"typeOfSection": 0,
				"sectionNotes": [],
				"sectionBeats": 4,
				"altAnim": false,
				"gfSection": false,
				"bpm": 163,
				"changeBPM": false,
				"mustHitSection": true
			},
			{
				"typeOfSection": 0,
				"sectionNotes": [],
				"sectionBeats": 4,
				"altAnim": false,
				"gfSection": false,
				"bpm": 163,
				"changeBPM": false,
				"mustHitSection": true
			},
			{
				"typeOfSection": 0,
				"sectionNotes": [],
				"sectionBeats": 4,
				"altAnim": false,
				"gfSection": false,
				"bpm": 163,
				"changeBPM": false,
				"mustHitSection": true
			},
			{
				"typeOfSection": 0,
				"sectionNotes": [],
				"sectionBeats": 4,
				"altAnim": false,
				"gfSection": false,
				"bpm": 163,
				"changeBPM": false,
				"mustHitSection": true
			},
			{
				"typeOfSection": 0,
				"sectionNotes": [],
				"sectionBeats": 4,
				"altAnim": false,
				"gfSection": false,
				"bpm": 163,
				"changeBPM": false,
				"mustHitSection": true
			},
			{
				"typeOfSection": 0,
				"sectionNotes": [],
				"sectionBeats": 4,
				"altAnim": false,
				"gfSection": false,
				"bpm": 163,
				"changeBPM": false,
				"mustHitSection": true
			},
			{
				"typeOfSection": 0,
				"sectionNotes": [],
				"sectionBeats": 4,
				"altAnim": false,
				"gfSection": false,
				"bpm": 163,
				"changeBPM": false,
				"mustHitSection": true
			},
			{
				"typeOfSection": 0,
				"sectionNotes": [],
				"sectionBeats": 4,
				"altAnim": false,
				"gfSection": false,
				"bpm": 163,
				"changeBPM": false,
				"mustHitSection": true
			},
			{
				"typeOfSection": 0,
				"sectionNotes": [],
				"sectionBeats": 4,
				"altAnim": false,
				"gfSection": false,
				"bpm": 163,
				"changeBPM": false,
				"mustHitSection": true
			},
			{
				"typeOfSection": 0,
				"sectionNotes": [],
				"sectionBeats": 4,
				"altAnim": false,
				"gfSection": false,
				"bpm": 163,
				"changeBPM": false,
				"mustHitSection": true
			},
			{
				"typeOfSection": 0,
				"sectionNotes": [],
				"sectionBeats": 4,
				"altAnim": false,
				"gfSection": false,
				"bpm": 163,
				"changeBPM": false,
				"mustHitSection": true
			},
			{
				"typeOfSection": 0,
				"sectionNotes": [],
				"sectionBeats": 4,
				"altAnim": false,
				"gfSection": false,
				"bpm": 163,
				"changeBPM": false,
				"mustHitSection": true
			},
			{
				"typeOfSection": 0,
				"sectionNotes": [],
				"sectionBeats": 4,
				"altAnim": false,
				"gfSection": false,
				"bpm": 163,
				"changeBPM": false,
				"mustHitSection": true
			},
			{
				"typeOfSection": 0,
				"sectionNotes": [],
				"sectionBeats": 4,
				"altAnim": false,
				"gfSection": false,
				"bpm": 163,
				"changeBPM": false,
				"mustHitSection": true
			},
			{
				"typeOfSection": 0,
				"sectionNotes": [],
				"sectionBeats": 4,
				"altAnim": false,
				"gfSection": false,
				"bpm": 163,
				"changeBPM": false,
				"mustHitSection": true
			},
			{
				"typeOfSection": 0,
				"sectionNotes": [],
				"sectionBeats": 4,
				"altAnim": false,
				"gfSection": false,
				"bpm": 163,
				"changeBPM": false,
				"mustHitSection": true
			},
			{
				"typeOfSection": 0,
				"sectionNotes": [],
				"sectionBeats": 4,
				"altAnim": false,
				"gfSection": false,
				"bpm": 163,
				"changeBPM": false,
				"mustHitSection": true
			},
			{
				"typeOfSection": 0,
				"sectionNotes": [],
				"sectionBeats": 4,
				"altAnim": false,
				"gfSection": false,
				"bpm": 163,
				"changeBPM": false,
				"mustHitSection": true
			},
			{
				"typeOfSection": 0,
				"sectionNotes": [],
				"sectionBeats": 4,
				"altAnim": false,
				"gfSection": false,
				"bpm": 163,
				"changeBPM": false,
				"mustHitSection": true
			},
			{
				"typeOfSection": 0,
				"sectionNotes": [],
				"sectionBeats": 4,
				"altAnim": false,
				"gfSection": false,
				"bpm": 163,
				"changeBPM": false,
				"mustHitSection": true
			},
			{
				"typeOfSection": 0,
				"sectionNotes": [],
				"sectionBeats": 4,
				"altAnim": false,
				"gfSection": false,
				"bpm": 163,
				"changeBPM": false,
				"mustHitSection": true
			},
			{
				"typeOfSection": 0,
				"sectionNotes": [],
				"sectionBeats": 4,
				"altAnim": false,
				"gfSection": false,
				"bpm": 163,
				"changeBPM": false,
				"mustHitSection": true
			},
			{
				"typeOfSection": 0,
				"sectionNotes": [],
				"sectionBeats": 4,
				"altAnim": false,
				"gfSection": false,
				"bpm": 163,
				"changeBPM": false,
				"mustHitSection": true
			},
			{
				"typeOfSection": 0,
				"sectionNotes": [],
				"sectionBeats": 4,
				"altAnim": false,
				"gfSection": false,
				"bpm": 163,
				"changeBPM": false,
				"mustHitSection": true
			},
			{
				"sectionBeats": 4,
				"sectionNotes": [],
				"typeOfSection": 0,
				"gfSection": false,
				"altAnim": false,
				"mustHitSection": true,
				"changeBPM": false,
				"bpm": 163
			},
			{
				"gfSection": false,
				"altAnim": false,
				"typeOfSection": 0,
				"sectionNotes": [],
				"bpm": 163,
				"sectionBeats": 4,
				"changeBPM": false,
				"mustHitSection": true
			},
			{
				"gfSection": false,
				"altAnim": false,
				"typeOfSection": 0,
				"sectionNotes": [],
				"bpm": 163,
				"sectionBeats": 4,
				"changeBPM": false,
				"mustHitSection": true
			},
			{
				"gfSection": false,
				"altAnim": false,
				"typeOfSection": 0,
				"sectionNotes": [],
				"bpm": 163,
				"sectionBeats": 4,
				"changeBPM": false,
				"mustHitSection": true
			},
			{
				"gfSection": false,
				"altAnim": false,
				"typeOfSection": 0,
				"sectionNotes": [],
				"bpm": 163,
				"sectionBeats": 4,
				"changeBPM": false,
				"mustHitSection": true
			},
			{
				"gfSection": false,
				"altAnim": false,
				"typeOfSection": 0,
				"sectionNotes": [],
				"bpm": 163,
				"sectionBeats": 4,
				"changeBPM": false,
				"mustHitSection": true
			},
			{
				"gfSection": false,
				"altAnim": false,
				"typeOfSection": 0,
				"sectionNotes": [],
				"bpm": 163,
				"sectionBeats": 4,
				"changeBPM": false,
				"mustHitSection": true
			},
			{
				"gfSection": false,
				"altAnim": false,
				"typeOfSection": 0,
				"sectionNotes": [],
				"bpm": 163,
				"sectionBeats": 4,
				"changeBPM": false,
				"mustHitSection": true
			},
			{
				"gfSection": false,
				"altAnim": false,
				"typeOfSection": 0,
				"sectionNotes": [],
				"bpm": 163,
				"sectionBeats": 4,
				"changeBPM": false,
				"mustHitSection": true
			},
			{
				"gfSection": false,
				"altAnim": false,
				"typeOfSection": 0,
				"sectionNotes": [],
				"bpm": 163,
				"sectionBeats": 4,
				"changeBPM": false,
				"mustHitSection": true
			},
			{
				"gfSection": false,
				"altAnim": false,
				"typeOfSection": 0,
				"sectionNotes": [],
				"bpm": 163,
				"sectionBeats": 4,
				"changeBPM": false,
				"mustHitSection": true
			},
			{
				"gfSection": false,
				"altAnim": false,
				"typeOfSection": 0,
				"sectionNotes": [],
				"bpm": 163,
				"sectionBeats": 4,
				"changeBPM": false,
				"mustHitSection": true
			}
		],
		"player2": "charliegreenRE",
		"gfVersion": "gf",
		"events": [
			[
				6533.74233128834,
				[
					[
						"Cam Boom Speed",
						"",
						"0.008"
					]
				]
			],
			[
				35337.4233128834,
				[
					[
						"Add Camera Zoom",
						"0.1",
						""
					]
				]
			],
			[
				35429.4478527607,
				[
					[
						"Add Camera Zoom",
						"0.1",
						""
					]
				]
			],
			[
				35521.472392638,
				[
					[
						"Add Camera Zoom",
						"0.1",
						""
					]
				]
			],
			[
				35613.4969325153,
				[
					[
						"Add Camera Zoom",
						"0.1",
						""
					]
				]
			],
			[
				35705.5214723926,
				[
					[
						"Add Camera Zoom",
						"0.1",
						""
					]
				]
			],
			[
				35797.5460122699,
				[
					[
						"Add Camera Zoom",
						"0.1",
						""
					]
				]
			],
			[
				35889.5705521472,
				[
					[
						"Add Camera Zoom",
						"0.1",
						""
					]
				]
			],
			[
				35981.5950920245,
				[
					[
						"Add Camera Zoom",
						"0.1",
						""
					]
				]
			],
			[
				36073.6196319018,
				[
					[
						"Add Camera Zoom",
						"0.1",
						""
					]
				]
			],
			[
				36165.6441717791,
				[
					[
						"Add Camera Zoom",
						"0.1",
						""
					]
				]
			],
			[
				36257.6687116564,
				[
					[
						"Add Camera Zoom",
						"0.1",
						""
					]
				]
			],
			[
				36349.6932515337,
				[
					[
						"Add Camera Zoom",
						"0.1",
						""
					]
				]
			],
			[
				36441.717791411,
				[
					[
						"Add Camera Zoom",
						"0.1",
						""
					]
				]
			],
			[
				36625.7668711656,
				[
					[
						"Add Camera Zoom",
						"0.1",
						""
					]
				]
			],
			[
				36809.8159509202,
				[
					[
						"Add Camera Zoom",
						"0.1",
						""
					]
				]
			],
			[
				36901.8404907975,
				[
					[
						"Add Camera Zoom",
						"0.1",
						""
					]
				]
			],
			[
				36993.8650306748,
				[
					[
						"Add Camera Zoom",
						"0.1",
						""
					]
				]
			],
			[
				37085.8895705521,
				[
					[
						"Add Camera Zoom",
						"0.1",
						""
					]
				]
			],
			[
				37177.9141104294,
				[
					[
						"Add Camera Zoom",
						"0.1",
						""
					]
				]
			],
			[
				37269.9386503068,
				[
					[
						"Add Camera Zoom",
						"0.1",
						""
					]
				]
			],
			[
				37361.963190184,
				[
					[
						"Add Camera Zoom",
						"0.1",
						""
					]
				]
			],
			[
				37453.9877300614,
				[
					[
						"Add Camera Zoom",
						"0.1",
						""
					]
				]
			],
			[
				37546.0122699386,
				[
					[
						"Add Camera Zoom",
						"0.1",
						""
					]
				]
			],
			[
				37638.036809816,
				[
					[
						"Add Camera Zoom",
						"0.1",
						""
					]
				]
			],
			[
				37730.0613496932,
				[
					[
						"Add Camera Zoom",
						"0.1",
						""
					]
				]
			],
			[
				37822.0858895706,
				[
					[
						"Add Camera Zoom",
						"0.1",
						""
					]
				]
			],
			[
				37914.1104294479,
				[
					[
						"Add Camera Zoom",
						"0.1",
						""
					]
				]
			],
			[
				38098.1595092025,
				[
					[
						"Add Camera Zoom",
						"0.1",
						""
					]
				]
			],
			[
				38282.2085889571,
				[
					[
						"Add Camera Zoom",
						"0.1",
						""
					]
				]
			],
			[
				38374.2331288344,
				[
					[
						"Add Camera Zoom",
						"0.1",
						""
					]
				]
			],
			[
				38466.2576687117,
				[
					[
						"Add Camera Zoom",
						"0.1",
						""
					]
				]
			],
			[
				38650.3067484663,
				[
					[
						"Add Camera Zoom",
						"0.1",
						""
					]
				]
			],
			[
				38742.3312883436,
				[
					[
						"Add Camera Zoom",
						"0.1",
						""
					]
				]
			],
			[
				38834.3558282209,
				[
					[
						"Add Camera Zoom",
						"0.1",
						""
					]
				]
			],
			[
				39018.4049079755,
				[
					[
						"Add Camera Zoom",
						"0.1",
						""
					]
				]
			],
			[
				39110.4294478528,
				[
					[
						"Add Camera Zoom",
						"0.1",
						""
					]
				]
			],
			[
				39202.4539877301,
				[
					[
						"Add Camera Zoom",
						"0.1",
						""
					]
				]
			],
			[
				39386.5030674847,
				[
					[
						"Add Camera Zoom",
						"0.035",
						""
					]
				]
			],
			[
				39754.6012269939,
				[
					[
						"Add Camera Zoom",
						"0.1",
						""
					]
				]
			],
			[
				39846.6257668712,
				[
					[
						"Add Camera Zoom",
						"0.1",
						""
					]
				]
			],
			[
				39938.6503067485,
				[
					[
						"Add Camera Zoom",
						"0.1",
						""
					]
				]
			],
			[
				40122.6993865031,
				[
					[
						"Add Camera Zoom",
						"0.1",
						""
					]
				]
			],
			[
				40214.7239263804,
				[
					[
						"Add Camera Zoom",
						"0.1",
						""
					]
				]
			],
			[
				40306.7484662577,
				[
					[
						"Add Camera Zoom",
						"0.1",
						""
					]
				]
			],
			[
				40490.7975460123,
				[
					[
						"Add Camera Zoom",
						"0.1",
						""
					]
				]
			],
			[
				40582.8220858896,
				[
					[
						"Add Camera Zoom",
						"0.1",
						""
					]
				]
			],
			[
				40674.8466257669,
				[
					[
						"Add Camera Zoom",
						"0.1",
						""
					]
				]
			],
			[
				40858.8957055215,
				[
					[
						"Add Camera Zoom",
						"0.075",
						""
					],
					[
						"Set Cam Zoom",
						"1.25",
						""
					]
				]
			],
			[
				41226.9938650307,
				[
					[
						"Set Cam Zoom",
						"1.13",
						""
					]
				]
			],
			[
				41595.0920245399,
				[
					[
						"Add Camera Zoom",
						"0.1",
						""
					]
				]
			],
			[
				41963.1901840491,
				[
					[
						"Add Camera Zoom",
						"0.1",
						""
					]
				]
			],
			[
				42331.2883435583,
				[
					[
						"Add Camera Zoom",
						"0.1",
						""
					]
				]
			],
			[
				42699.3865030675,
				[
					[
						"Add Camera Zoom",
						"0.1",
						""
					]
				]
			],
			[
				43067.4846625767,
				[
					[
						"Add Camera Zoom",
						"0.1",
						""
					]
				]
			],
			[
				43435.5828220859,
				[
					[
						"Add Camera Zoom",
						"0.1",
						""
					]
				]
			],
			[
				44171.7791411043,
				[
					[
						"Add Camera Zoom",
						"0.1",
						""
					]
				]
			],
			[
				44539.8773006135,
				[
					[
						"Add Camera Zoom",
						"0.1",
						""
					]
				]
			],
			[
				44907.9754601227,
				[
					[
						"Add Camera Zoom",
						"0.1",
						""
					]
				]
			],
			[
				45276.0736196319,
				[
					[
						"Add Camera Zoom",
						"0.1",
						""
					]
				]
			],
			[
				45644.1717791411,
				[
					[
						"Add Camera Zoom",
						"0.1",
						""
					]
				]
			],
			[
				46012.2699386503,
				[
					[
						"Add Camera Zoom",
						"0.1",
						""
					]
				]
			],
			[
				46380.3680981595,
				[
					[
						"Add Camera Zoom",
						"0.027",
						""
					]
				]
			],
			[
				46564.4171779141,
				[
					[
						"Add Camera Zoom",
						"0.046",
						""
					]
				]
			],
			[
				46748.4662576687,
				[
					[
						"Add Camera Zoom",
						"0.027",
						""
					]
				]
			],
			[
				46932.5153374233,
				[
					[
						"Add Camera Zoom",
						"0.1",
						""
					]
				]
			],
			[
				47116.5644171779,
				[
					[
						"Set Cam Zoom",
						"1",
						""
					]
				]
			],
			[
				47116.5644171779,
				[
					[
						"Set Cam Zoom",
						"1.13",
						""
					]
				]
			],
			[
				47484.6625766871,
				[
					[
						"Add Camera Zoom",
						"0.1",
						""
					]
				]
			],
			[
				47852.7607361963,
				[
					[
						"Add Camera Zoom",
						"0.1",
						""
					]
				]
			],
			[
				48220.8588957055,
				[
					[
						"Add Camera Zoom",
						"0.1",
						""
					]
				]
			],
			[
				48588.9570552147,
				[
					[
						"Add Camera Zoom",
						"0.1",
						""
					]
				]
			],
			[
				48957.0552147239,
				[
					[
						"Add Camera Zoom",
						"0.1",
						""
					]
				]
			],
			[
				49325.1533742331,
				[
					[
						"Add Camera Zoom",
						"0.1",
						""
					]
				]
			],
			[
				50061.3496932515,
				[
					[
						"Add Camera Zoom",
						"0.1",
						""
					]
				]
			],
			[
				50429.4478527607,
				[
					[
						"Add Camera Zoom",
						"0.1",
						""
					]
				]
			],
			[
				50797.5460122699,
				[
					[
						"Add Camera Zoom",
						"0.1",
						""
					]
				]
			],
			[
				51165.6441717791,
				[
					[
						"Add Camera Zoom",
						"0.1",
						""
					]
				]
			],
			[
				51533.7423312883,
				[
					[
						"Add Camera Zoom",
						"0.1",
						""
					]
				]
			],
			[
				51901.8404907975,
				[
					[
						"Add Camera Zoom",
						"0.1",
						""
					]
				]
			],
			[
				52254.6012269938,
				[
					[
						"Set Cam Zoom",
						"1.25",
						""
					],
					[
						"Add Camera Zoom",
						"0.027",
						""
					]
				]
			],
			[
				52438.6503067484,
				[
					[
						"Set Cam Zoom",
						"1.50",
						""
					],
					[
						"Add Camera Zoom",
						"0.075",
						""
					]
				]
			],
			[
				52622.699386503,
				[
					[
						"Set Cam Zoom",
						"1.25",
						""
					],
					[
						"Add Camera Zoom",
						"0.027",
						""
					]
				]
			],
			[
				52806.7484662576,
				[
					[
						"Add Camera Zoom",
						"0.1",
						""
					],
					[
						"Set Cam Zoom",
						"1",
						""
					]
				]
			],
			[
				53006.1349693251,
				[
					[
						"Add Camera Zoom",
						"0.1",
						""
					]
				]
			],
			[
				54294.4785276073,
				[
					[
						"Add Camera Zoom",
						"0.1",
						""
					]
				]
			],
			[
				54846.6257668711,
				[
					[
						"Add Camera Zoom",
						"0.1",
						""
					]
				]
			],
			[
				55950.9202453987,
				[
					[
						"Add Camera Zoom",
						"0.1",
						""
					]
				]
			],
			[
				57239.2638036809,
				[
					[
						"Add Camera Zoom",
						"0.1",
						""
					]
				]
			],
			[
				57791.4110429447,
				[
					[
						"Add Camera Zoom",
						"0.1",
						""
					]
				]
			],
			[
				58895.7055214723,
				[
					[
						"Add Camera Zoom",
						"0.1",
						""
					]
				]
			],
			[
				60184.0490797545,
				[
					[
						"Add Camera Zoom",
						"0.1",
						""
					]
				]
			],
			[
				60736.1963190184,
				[
					[
						"Add Camera Zoom",
						"0.1",
						""
					]
				]
			],
			[
				61840.490797546,
				[
					[
						"Add Camera Zoom",
						"0.1",
						""
					]
				]
			],
			[
				63128.8343558282,
				[
					[
						"Add Camera Zoom",
						"0.1",
						""
					]
				]
			],
			[
				63680.981595092,
				[
					[
						"Add Camera Zoom",
						"0.1",
						""
					]
				]
			],
			[
				75092.0245398773,
				[
					[
						"Add Camera Zoom",
						"0.1",
						""
					]
				]
			],
			[
				75184.0490797546,
				[
					[
						"Add Camera Zoom",
						"0.1",
						""
					]
				]
			],
			[
				75276.0736196319,
				[
					[
						"Add Camera Zoom",
						"0.1",
						""
					]
				]
			],
			[
				75460.1226993865,
				[
					[
						"Add Camera Zoom",
						"0.1",
						""
					]
				]
			],
			[
				75552.1472392638,
				[
					[
						"Add Camera Zoom",
						"0.1",
						""
					]
				]
			],
			[
				75644.1717791411,
				[
					[
						"Add Camera Zoom",
						"0.1",
						""
					]
				]
			],
			[
				75828.2208588957,
				[
					[
						"Add Camera Zoom",
						"0.1",
						""
					]
				]
			],
			[
				75920.245398773,
				[
					[
						"Add Camera Zoom",
						"0.1",
						""
					]
				]
			],
			[
				76012.2699386503,
				[
					[
						"Add Camera Zoom",
						"0.1",
						""
					]
				]
			],
			[
				76196.3190184049,
				[
					[
						"Add Camera Zoom",
						"0.075",
						""
					],
					[
						"Set Cam Zoom",
						"1.25",
						""
					]
				]
			],
			[
				76564.417177914,
				[
					[
						"Set Cam Zoom",
						"0.96",
						"7"
					]
				]
			],
			[
				85030.6748466257,
				[
					[
						"Set Cam Zoom",
						"1.25",
						"0.089"
					]
				]
			]
		],
		"player3": null,
		"song": "Man-On-Stilts",
		"sections": 0,
		"validScore": true,
		"needsVoices": true,
		"stage": "recordroom",
		"speed": 2.8,
		"bpm": 163
	}
}