{
    "size":75,
    "cameraX":175,
    "cameraY":120,
    "x":-225,
    "y":-125,
    "animations":{
        "idle":{"frames":"14"},
        "up":{"frames":"6"},
        "down":{"frames":"6"},
        "left":{"frames":"6"},
        "right":{"frames":"6"},
        "seconds per frame":0.025
    },
    "offsets":{
        "idle":{"x":0,"y":0},
        "up":{"x":-25,"y":0},
        "down":{"x":0,"y":-75},
        "left":{"x":-50,"y":-70},
        "right":{"x":100,"y":0}
    },
    "healthColor":"#282741"
}