{
    "size":75,
    "cameraX":-50,
    "cameraY":30,
    "x":125,
    "y":-50,
    "animations":{
        "idle":{"frames":"12"},
        "up":{"frames":"12"},
        "down":{"frames":"12"},
        "left":{"frames":"12"},
        "right":{"frames":"12"},
        "seconds per frame":0.025
    },
    "offsets":{
        "idle":{"x":0,"y":0},
        "up":{"x":25,"y":30},
        "down":{"x":0,"y":-50},
        "left":{"x":-50,"y":-5},
        "right":{"x":100,"y":0}
    },
    "healthColor":"#31b0d1"
}