{
    "size":75,
    "cameraX":80,
    "cameraY":80,
    "x":-200,
    "y":-100,
    "animations":{
        "idle":{"frames":"13"},
        "up":{"frames":"60"},
        "down":{"frames":"16"},
        "left":{"frames":"16"},
        "right":{"frames":"19"},
        "seconds per frame":0.025
    },
    "offsets":{
        "idle":{"x":0,"y":0},
        "up":{"x":0,"y":50},
        "down":{"x":40,"y":-25},
        "left":{"x":-25,"y":15},
        "right":{"x":30,"y":25}
    },
    "healthColor":"#af66ce"
}