{
    "song": {
        "song": "South",
        "bpm": 165,
        "events": [
			[
				0,
				[
					[
						"Set Cam Zoom",
						"1.2",
						""
					]
				]
			]
        ],
        "needsVoices": true,
        "player1": "bf",
        "player2": "spooky",
        "speed": 2.2,
        "notes": [
            {
                "lengthInSteps": 16,
                "mustHitSection": true,
                "sectionNotes": []
            },
            {
                "lengthInSteps": 16,
                "mustHitSection": true,
                "sectionNotes": []
            },
            {
                "lengthInSteps": 16,
                "mustHitSection": true,
                "sectionNotes": []
            },
            {
                "lengthInSteps": 16,
                "mustHitSection": true,
                "sectionNotes": []
            },
            {
                "lengthInSteps": 16,
                "mustHitSection": true,
                "sectionNotes": []
            },
            {
                "lengthInSteps": 16,
                "mustHitSection": true,
                "sectionNotes": []
            },
            {
                "lengthInSteps": 16,
                "mustHitSection": true,
                "sectionNotes": []
            },
            {
                "lengthInSteps": 16,
                "mustHitSection": true,
                "sectionNotes": []
            },
            {
                "lengthInSteps": 16,
                "mustHitSection": false,
                "sectionNotes": [
                    [
                        11636.3633,
                        3,
                        0
                    ],
                    [
                        12000,
                        3,
                        0
                    ],
                    [
                        12363.6367,
                        0,
                        0
                    ],
                    [
                        12545.4541,
                        3,
                        0
                    ],
                    [
                        12727.2725,
                        2,
                        0
                    ],
                    [
                        12909.0908,
                        3,
                        0
                    ]
                ]
            },
            {
                "lengthInSteps": 16,
                "mustHitSection": false,
                "sectionNotes": [
                    [
                        13090.9092,
                        0,
                        0
                    ],
                    [
                        13454.5449,
                        1,
                        0
                    ],
                    [
                        13818.1816,
                        3,
                        0
                    ],
                    [
                        14000,
                        3,
                        0
                    ],
                    [
                        14181.8184,
                        3,
                        181.818176
                    ]
                ]
            },
            {
                "lengthInSteps": 16,
                "mustHitSection": false,
                "sectionNotes": [
                    [
                        14545.4541,
                        3,
                        0
                    ],
                    [
                        14909.0908,
                        3,
                        0
                    ],
                    [
                        15272.7275,
                        3,
                        0
                    ],
                    [
                        15454.5449,
                        2,
                        0
                    ],
                    [
                        15636.3633,
                        0,
                        0
                    ],
                    [
                        15818.1816,
                        1,
                        0
                    ]
                ]
            },
            {
                "lengthInSteps": 16,
                "mustHitSection": false,
                "sectionNotes": [
                    [
                        16000,
                        0,
                        0
                    ],
                    [
                        16363.6357,
                        0,
                        0
                    ],
                    [
                        16727.2734,
                        2,
                        0
                    ],
                    [
                        17090.9082,
                        0,
                        0
                    ],
                    [
                        17272.7266,
                        3,
                        0
                    ]
                ]
            },
            {
                "lengthInSteps": 16,
                "mustHitSection": true,
                "sectionNotes": [
                    [
                        17454.5449,
                        3,
                        0
                    ],
                    [
                        17818.1816,
                        3,
                        0
                    ],
                    [
                        18181.8184,
                        0,
                        0
                    ],
                    [
                        18363.6367,
                        3,
                        0
                    ],
                    [
                        18545.4551,
                        2,
                        0
                    ],
                    [
                        18727.2734,
                        3,
                        0
                    ]
                ]
            },
            {
                "lengthInSteps": 16,
                "mustHitSection": true,
                "sectionNotes": [
                    [
                        18909.09,
                        0,
                        0
                    ],
                    [
                        19272.7266,
                        1,
                        0
                    ],
                    [
                        19636.3633,
                        3,
                        0
                    ],
                    [
                        19818.1816,
                        3,
                        0
                    ],
                    [
                        20000,
                        3,
                        181.818176
                    ]
                ]
            },
            {
                "lengthInSteps": 16,
                "mustHitSection": true,
                "sectionNotes": [
                    [
                        20363.6367,
                        3,
                        0
                    ],
                    [
                        20727.2734,
                        3,
                        0
                    ],
                    [
                        21090.9082,
                        3,
                        0
                    ],
                    [
                        21272.7266,
                        2,
                        0
                    ],
                    [
                        21454.5449,
                        0,
                        0
                    ],
                    [
                        21636.3633,
                        1,
                        0
                    ]
                ]
            },
            {
                "lengthInSteps": 16,
                "mustHitSection": true,
                "sectionNotes": [
                    [
                        21818.1816,
                        0,
                        0
                    ],
                    [
                        22181.8184,
                        0,
                        0
                    ],
                    [
                        22545.4551,
                        2,
                        0
                    ],
                    [
                        22909.09,
                        0,
                        0
                    ],
                    [
                        23090.9082,
                        3,
                        0
                    ]
                ]
            },
            {
                "lengthInSteps": 16,
                "mustHitSection": false,
                "sectionNotes": [
                    [
                        23272.7266,
                        2,
                        0
                    ],
                    [
                        23454.5449,
                        1,
                        0
                    ],
                    [
                        23636.3633,
                        0,
                        0
                    ],
                    [
                        23818.1816,
                        0,
                        0
                    ],
                    [
                        23909.09,
                        3,
                        0
                    ],
                    [
                        24000,
                        2,
                        0
                    ],
                    [
                        24181.8184,
                        0,
                        0
                    ],
                    [
                        24363.6367,
                        2,
                        0
                    ],
                    [
                        24545.4551,
                        1,
                        0
                    ]
                ]
            },
            {
                "lengthInSteps": 16,
                "mustHitSection": false,
                "sectionNotes": [
                    [
                        24727.2734,
                        2,
                        0
                    ],
                    [
                        25090.9082,
                        2,
                        0
                    ],
                    [
                        25454.5449,
                        2,
                        0
                    ],
                    [
                        25636.3633,
                        1,
                        0
                    ],
                    [
                        25818.1816,
                        0,
                        0
                    ],
                    [
                        26000,
                        3,
                        0
                    ]
                ]
            },
            {
                "lengthInSteps": 16,
                "mustHitSection": false,
                "sectionNotes": [
                    [
                        26181.8184,
                        0,
                        0
                    ],
                    [
                        26545.4551,
                        0,
                        0
                    ],
                    [
                        26727.2734,
                        0,
                        0
                    ],
                    [
                        26818.1816,
                        2,
                        0
                    ],
                    [
                        26909.09,
                        3,
                        0
                    ],
                    [
                        27090.9082,
                        0,
                        0
                    ],
                    [
                        27272.7266,
                        1,
                        0
                    ],
                    [
                        27454.5449,
                        3,
                        0
                    ]
                ]
            },
            {
                "lengthInSteps": 16,
                "mustHitSection": false,
                "sectionNotes": [
                    [
                        27636.3633,
                        2,
                        0
                    ],
                    [
                        28000,
                        2,
                        0
                    ],
                    [
                        28363.6367,
                        2,
                        0
                    ],
                    [
                        28545.4551,
                        3,
                        0
                    ],
                    [
                        28727.2715,
                        0,
                        0
                    ],
                    [
                        28909.09,
                        1,
                        0
                    ]
                ]
            },
            {
                "lengthInSteps": 16,
                "mustHitSection": true,
                "sectionNotes": [
                    [
                        29090.9082,
                        2,
                        0
                    ],
                    [
                        29272.7266,
                        1,
                        0
                    ],
                    [
                        29454.5449,
                        0,
                        0
                    ],
                    [
                        29636.3633,
                        0,
                        0
                    ],
                    [
                        29727.2715,
                        3,
                        0
                    ],
                    [
                        29818.1816,
                        2,
                        0
                    ],
                    [
                        30000,
                        0,
                        0
                    ],
                    [
                        30181.8184,
                        2,
                        0
                    ],
                    [
                        30363.6367,
                        1,
                        0
                    ]
                ]
            },
            {
                "lengthInSteps": 16,
                "mustHitSection": true,
                "sectionNotes": [
                    [
                        30545.4551,
                        2,
                        0
                    ],
                    [
                        30909.09,
                        2,
                        0
                    ],
                    [
                        31272.7266,
                        2,
                        0
                    ],
                    [
                        31454.5449,
                        1,
                        0
                    ],
                    [
                        31636.3633,
                        0,
                        0
                    ],
                    [
                        31818.1816,
                        3,
                        0
                    ]
                ]
            },
            {
                "lengthInSteps": 16,
                "mustHitSection": true,
                "sectionNotes": [
                    [
                        32000,
                        0,
                        0
                    ],
                    [
                        32363.6367,
                        0,
                        0
                    ],
                    [
                        32545.4551,
                        0,
                        0
                    ],
                    [
                        32636.3633,
                        2,
                        0
                    ],
                    [
                        32727.2715,
                        3,
                        0
                    ],
                    [
                        32909.09,
                        0,
                        0
                    ],
                    [
                        33090.91,
                        1,
                        0
                    ],
                    [
                        33272.7266,
                        3,
                        0
                    ]
                ]
            },
            {
                "lengthInSteps": 16,
                "mustHitSection": true,
                "sectionNotes": [
                    [
                        33454.5469,
                        2,
                        0
                    ],
                    [
                        33818.18,
                        2,
                        0
                    ],
                    [
                        34181.8164,
                        2,
                        0
                    ],
                    [
                        34363.6367,
                        3,
                        0
                    ],
                    [
                        34545.4531,
                        0,
                        0
                    ],
                    [
                        34727.2734,
                        1,
                        0
                    ]
                ]
            },
            {
                "lengthInSteps": 16,
                "mustHitSection": false,
                "sectionNotes": [
                    [
                        34909.09,
                        2,
                        0
                    ],
                    [
                        35090.91,
                        3,
                        0
                    ],
                    [
                        35272.7266,
                        0,
                        0
                    ],
                    [
                        35454.5469,
                        2,
                        0
                    ],
                    [
                        35636.3633,
                        3,
                        0
                    ],
                    [
                        35818.18,
                        0,
                        0
                    ],
                    [
                        36000,
                        2,
                        0
                    ],
                    [
                        36181.8164,
                        3,
                        0
                    ]
                ]
            },
            {
                "lengthInSteps": 16,
                "mustHitSection": false,
                "sectionNotes": [
                    [
                        36363.6367,
                        0,
                        0
                    ],
                    [
                        36545.4531,
                        2,
                        0
                    ],
                    [
                        36727.2734,
                        3,
                        0
                    ],
                    [
                        36909.09,
                        0,
                        0
                    ],
                    [
                        37090.91,
                        0,
                        0
                    ],
                    [
                        37272.7266,
                        3,
                        0
                    ],
                    [
                        37454.5469,
                        0,
                        0
                    ]
                ]
            },
            {
                "lengthInSteps": 16,
                "mustHitSection": false,
                "sectionNotes": [
                    [
                        37818.18,
                        2,
                        0
                    ],
                    [
                        38000,
                        3,
                        0
                    ],
                    [
                        38181.8164,
                        0,
                        0
                    ],
                    [
                        38363.6367,
                        2,
                        0
                    ],
                    [
                        38545.4531,
                        3,
                        0
                    ],
                    [
                        38727.2734,
                        0,
                        0
                    ],
                    [
                        38909.09,
                        2,
                        0
                    ],
                    [
                        39090.91,
                        3,
                        0
                    ]
                ]
            },
            {
                "lengthInSteps": 16,
                "mustHitSection": false,
                "sectionNotes": [
                    [
                        39272.7266,
                        0,
                        0
                    ],
                    [
                        39454.5469,
                        1,
                        0
                    ],
                    [
                        39545.4531,
                        1,
                        0
                    ],
                    [
                        39636.3633,
                        3,
                        0
                    ],
                    [
                        39818.18,
                        0,
                        0
                    ],
                    [
                        40000,
                        3,
                        0
                    ],
                    [
                        40181.8164,
                        0,
                        0
                    ],
                    [
                        40363.6367,
                        3,
                        0
                    ]
                ]
            },
            {
                "lengthInSteps": 16,
                "mustHitSection": true,
                "sectionNotes": [
                    [
                        40727.2734,
                        2,
                        0
                    ],
                    [
                        40909.09,
                        3,
                        0
                    ],
                    [
                        41090.91,
                        0,
                        0
                    ],
                    [
                        41272.7266,
                        2,
                        0
                    ],
                    [
                        41454.5469,
                        3,
                        0
                    ],
                    [
                        41636.3633,
                        0,
                        0
                    ],
                    [
                        41818.18,
                        2,
                        0
                    ],
                    [
                        42000,
                        3,
                        0
                    ]
                ]
            },
            {
                "lengthInSteps": 16,
                "mustHitSection": true,
                "sectionNotes": [
                    [
                        42181.8164,
                        0,
                        0
                    ],
                    [
                        42363.6367,
                        2,
                        0
                    ],
                    [
                        42545.4531,
                        3,
                        0
                    ],
                    [
                        42727.2734,
                        0,
                        0
                    ],
                    [
                        42909.09,
                        0,
                        0
                    ],
                    [
                        43090.91,
                        3,
                        0
                    ],
                    [
                        43272.7266,
                        0,
                        0
                    ]
                ]
            },
            {
                "lengthInSteps": 16,
                "mustHitSection": true,
                "sectionNotes": [
                    [
                        43636.3633,
                        2,
                        0
                    ],
                    [
                        43818.18,
                        3,
                        0
                    ],
                    [
                        44000,
                        0,
                        0
                    ],
                    [
                        44181.8164,
                        2,
                        0
                    ],
                    [
                        44363.6367,
                        3,
                        0
                    ],
                    [
                        44545.4531,
                        0,
                        0
                    ],
                    [
                        44727.2734,
                        2,
                        0
                    ],
                    [
                        44909.09,
                        3,
                        0
                    ]
                ]
            },
            {
                "lengthInSteps": 16,
                "mustHitSection": true,
                "sectionNotes": [
                    [
                        45090.91,
                        0,
                        0
                    ],
                    [
                        45272.7266,
                        1,
                        0
                    ],
                    [
                        45363.6367,
                        1,
                        0
                    ],
                    [
                        45454.5469,
                        3,
                        0
                    ],
                    [
                        45636.3633,
                        0,
                        0
                    ],
                    [
                        45818.18,
                        3,
                        0
                    ],
                    [
                        46000,
                        0,
                        0
                    ],
                    [
                        46181.8164,
                        3,
                        0
                    ]
                ]
            },
            {
                "lengthInSteps": 16,
                "mustHitSection": false,
                "sectionNotes": [
                    [
                        46545.4531,
                        0,
                        0
                    ],
                    [
                        46818.18,
                        3,
                        0
                    ],
                    [
                        46909.09,
                        1,
                        0
                    ],
                    [
                        47090.91,
                        0,
                        0
                    ],
                    [
                        47272.7266,
                        3,
                        0
                    ],
                    [
                        47454.5469,
                        1,
                        0
                    ],
                    [
                        47636.3633,
                        2,
                        0
                    ],
                    [
                        47818.18,
                        3,
                        0
                    ]
                ]
            },
            {
                "lengthInSteps": 16,
                "mustHitSection": false,
                "sectionNotes": [
                    [
                        48000,
                        0,
                        0
                    ],
                    [
                        48181.8164,
                        2,
                        0
                    ],
                    [
                        48363.6367,
                        3,
                        0
                    ],
                    [
                        48545.4531,
                        0,
                        0
                    ],
                    [
                        48727.2734,
                        3,
                        0
                    ],
                    [
                        48909.09,
                        2,
                        0
                    ],
                    [
                        49090.91,
                        0,
                        0
                    ]
                ]
            },
            {
                "lengthInSteps": 16,
                "mustHitSection": false,
                "sectionNotes": [
                    [
                        49454.5469,
                        0,
                        0
                    ],
                    [
                        49545.4531,
                        3,
                        0
                    ],
                    [
                        49636.3633,
                        2,
                        0
                    ],
                    [
                        49818.18,
                        3,
                        0
                    ],
                    [
                        50000,
                        0,
                        0
                    ],
                    [
                        50181.8164,
                        2,
                        0
                    ],
                    [
                        50363.6367,
                        3,
                        0
                    ],
                    [
                        50545.4531,
                        0,
                        0
                    ],
                    [
                        50636.3633,
                        3,
                        0
                    ],
                    [
                        50727.2734,
                        2,
                        0
                    ]
                ]
            },
            {
                "lengthInSteps": 16,
                "mustHitSection": false,
                "sectionNotes": [
                    [
                        50909.09,
                        1,
                        0
                    ],
                    [
                        51090.91,
                        1,
                        0
                    ],
                    [
                        51181.8164,
                        1,
                        0
                    ],
                    [
                        51272.7266,
                        0,
                        0
                    ],
                    [
                        51454.5469,
                        3,
                        0
                    ],
                    [
                        51636.3633,
                        2,
                        0
                    ],
                    [
                        51818.18,
                        3,
                        0
                    ],
                    [
                        52000,
                        0,
                        0
                    ]
                ]
            },
            {
                "lengthInSteps": 16,
                "mustHitSection": true,
                "sectionNotes": [
                    [
                        52363.6367,
                        0,
                        0
                    ],
                    [
                        52636.3633,
                        3,
                        0
                    ],
                    [
                        52727.2734,
                        1,
                        0
                    ],
                    [
                        52909.09,
                        0,
                        0
                    ],
                    [
                        53090.91,
                        3,
                        0
                    ],
                    [
                        53272.7266,
                        1,
                        0
                    ],
                    [
                        53454.5469,
                        2,
                        0
                    ],
                    [
                        53636.3633,
                        3,
                        0
                    ]
                ]
            },
            {
                "lengthInSteps": 16,
                "mustHitSection": true,
                "sectionNotes": [
                    [
                        53818.18,
                        0,
                        0
                    ],
                    [
                        54000,
                        2,
                        0
                    ],
                    [
                        54181.8164,
                        3,
                        0
                    ],
                    [
                        54363.6367,
                        0,
                        0
                    ],
                    [
                        54545.4531,
                        3,
                        0
                    ],
                    [
                        54727.2734,
                        2,
                        0
                    ],
                    [
                        54909.09,
                        0,
                        0
                    ]
                ]
            },
            {
                "lengthInSteps": 16,
                "mustHitSection": true,
                "sectionNotes": [
                    [
                        55272.7266,
                        0,
                        0
                    ],
                    [
                        55363.6367,
                        3,
                        0
                    ],
                    [
                        55454.5469,
                        2,
                        0
                    ],
                    [
                        55636.3633,
                        3,
                        0
                    ],
                    [
                        55818.18,
                        0,
                        0
                    ],
                    [
                        56000,
                        2,
                        0
                    ],
                    [
                        56181.8164,
                        3,
                        0
                    ],
                    [
                        56363.6367,
                        0,
                        0
                    ],
                    [
                        56454.543,
                        3,
                        0
                    ],
                    [
                        56545.4531,
                        2,
                        0
                    ]
                ]
            },
            {
                "lengthInSteps": 16,
                "mustHitSection": true,
                "sectionNotes": [
                    [
                        56727.2734,
                        1,
                        0
                    ],
                    [
                        56909.09,
                        1,
                        0
                    ],
                    [
                        57000,
                        1,
                        0
                    ],
                    [
                        57090.91,
                        0,
                        0
                    ],
                    [
                        57272.7266,
                        3,
                        0
                    ],
                    [
                        57454.543,
                        4,
                        0
                    ],
                    [
                        57454.543,
                        2,
                        0
                    ],
                    [
                        57636.3633,
                        3,
                        0
                    ],
                    [
                        57636.3633,
                        7,
                        0
                    ],
                    [
                        57818.18,
                        0,
                        0
                    ],
                    [
                        57818.18,
                        5,
                        0
                    ],
                    [
                        58000,
                        7,
                        0
                    ]
                ]
            },
            {
                "lengthInSteps": 16,
                "mustHitSection": false,
                "sectionNotes": [
                    [
                        58181.8164,
                        3,
                        0
                    ],
                    [
                        58545.4531,
                        3,
                        0
                    ],
                    [
                        58727.2734,
                        1,
                        0
                    ],
                    [
                        58909.09,
                        2,
                        0
                    ],
                    [
                        59090.91,
                        0,
                        0
                    ],
                    [
                        59272.7266,
                        1,
                        0
                    ],
                    [
                        59454.543,
                        3,
                        0
                    ]
                ]
            },
            {
                "lengthInSteps": 16,
                "mustHitSection": false,
                "sectionNotes": [
                    [
                        59636.3633,
                        0,
                        272.727264
                    ],
                    [
                        60000,
                        2,
                        0
                    ],
                    [
                        60363.6367,
                        2,
                        0
                    ],
                    [
                        60545.4531,
                        2,
                        0
                    ],
                    [
                        60727.2734,
                        2,
                        181.818176
                    ]
                ]
            },
            {
                "lengthInSteps": 16,
                "mustHitSection": false,
                "sectionNotes": [
                    [
                        61090.91,
                        2,
                        0
                    ],
                    [
                        61454.543,
                        2,
                        0
                    ],
                    [
                        61636.3633,
                        3,
                        0
                    ],
                    [
                        61818.18,
                        1,
                        0
                    ],
                    [
                        62000,
                        0,
                        0
                    ],
                    [
                        62181.8164,
                        3,
                        0
                    ],
                    [
                        62363.6367,
                        0,
                        0
                    ]
                ]
            },
            {
                "lengthInSteps": 16,
                "mustHitSection": false,
                "sectionNotes": [
                    [
                        62545.4531,
                        0,
                        0
                    ],
                    [
                        62909.09,
                        0,
                        0
                    ],
                    [
                        63272.7266,
                        2,
                        0
                    ],
                    [
                        63272.7266,
                        4,
                        0
                    ],
                    [
                        63454.543,
                        7,
                        0
                    ],
                    [
                        63636.3633,
                        0,
                        0
                    ],
                    [
                        63636.3633,
                        5,
                        0
                    ],
                    [
                        63818.18,
                        3,
                        0
                    ],
                    [
                        63818.18,
                        7,
                        0
                    ]
                ]
            },
            {
                "lengthInSteps": 16,
                "mustHitSection": true,
                "sectionNotes": [
                    [
                        64000,
                        3,
                        0
                    ],
                    [
                        64363.6367,
                        3,
                        0
                    ],
                    [
                        64545.4531,
                        1,
                        0
                    ],
                    [
                        64727.2734,
                        2,
                        0
                    ],
                    [
                        64909.09,
                        0,
                        0
                    ],
                    [
                        65090.91,
                        1,
                        0
                    ],
                    [
                        65272.7266,
                        3,
                        0
                    ]
                ]
            },
            {
                "lengthInSteps": 16,
                "mustHitSection": true,
                "sectionNotes": [
                    [
                        65454.543,
                        0,
                        272.727264
                    ],
                    [
                        65818.18,
                        2,
                        0
                    ],
                    [
                        66181.82,
                        2,
                        0
                    ],
                    [
                        66363.63,
                        2,
                        0
                    ],
                    [
                        66545.45,
                        2,
                        181.818176
                    ]
                ]
            },
            {
                "lengthInSteps": 16,
                "mustHitSection": true,
                "sectionNotes": [
                    [
                        66909.09,
                        2,
                        0
                    ],
                    [
                        67272.73,
                        2,
                        0
                    ],
                    [
                        67454.55,
                        3,
                        0
                    ],
                    [
                        67636.36,
                        1,
                        0
                    ],
                    [
                        67818.18,
                        0,
                        0
                    ],
                    [
                        68000,
                        3,
                        0
                    ],
                    [
                        68181.82,
                        0,
                        0
                    ]
                ]
            },
            {
                "lengthInSteps": 16,
                "mustHitSection": true,
                "sectionNotes": [
                    [
                        68363.63,
                        0,
                        0
                    ],
                    [
                        68727.27,
                        0,
                        0
                    ],
                    [
                        69090.91,
                        2,
                        0
                    ],
                    [
                        69454.55,
                        0,
                        0
                    ],
                    [
                        69636.36,
                        3,
                        0
                    ]
                ]
            },
            {
                "lengthInSteps": 16,
                "mustHitSection": false,
                "sectionNotes": [
                    [
                        69818.18,
                        2,
                        0
                    ],
                    [
                        70000,
                        3,
                        0
                    ],
                    [
                        70181.82,
                        0,
                        0
                    ],
                    [
                        70363.63,
                        3,
                        0
                    ],
                    [
                        70454.55,
                        2,
                        0
                    ],
                    [
                        70545.45,
                        0,
                        0
                    ],
                    [
                        70727.27,
                        3,
                        0
                    ],
                    [
                        70909.09,
                        2,
                        0
                    ],
                    [
                        71090.91,
                        3,
                        0
                    ]
                ]
            },
            {
                "lengthInSteps": 16,
                "mustHitSection": false,
                "sectionNotes": [
                    [
                        71272.73,
                        2,
                        0
                    ],
                    [
                        71636.36,
                        2,
                        0
                    ],
                    [
                        71818.18,
                        0,
                        0
                    ],
                    [
                        72000,
                        2,
                        0
                    ],
                    [
                        72181.82,
                        3,
                        0
                    ],
                    [
                        72363.63,
                        0,
                        0
                    ],
                    [
                        72545.45,
                        2,
                        0
                    ]
                ]
            },
            {
                "lengthInSteps": 16,
                "mustHitSection": false,
                "sectionNotes": [
                    [
                        72727.27,
                        0,
                        0
                    ],
                    [
                        73090.91,
                        0,
                        0
                    ],
                    [
                        73272.73,
                        0,
                        0
                    ],
                    [
                        73363.63,
                        3,
                        0
                    ],
                    [
                        73454.55,
                        2,
                        0
                    ],
                    [
                        73636.36,
                        3,
                        0
                    ],
                    [
                        73818.18,
                        2,
                        0
                    ],
                    [
                        74000,
                        0,
                        0
                    ]
                ]
            },
            {
                "lengthInSteps": 16,
                "mustHitSection": false,
                "sectionNotes": [
                    [
                        74181.82,
                        2,
                        0
                    ],
                    [
                        74363.63,
                        3,
                        0
                    ],
                    [
                        74545.45,
                        2,
                        0
                    ],
                    [
                        74727.27,
                        0,
                        0
                    ],
                    [
                        74909.09,
                        1,
                        0
                    ],
                    [
                        75090.91,
                        3,
                        0
                    ],
                    [
                        75272.73,
                        0,
                        0
                    ],
                    [
                        75454.55,
                        3,
                        0
                    ]
                ]
            },
            {
                "lengthInSteps": 16,
                "mustHitSection": true,
                "sectionNotes": [
                    [
                        75636.36,
                        2,
                        0
                    ],
                    [
                        75818.18,
                        3,
                        0
                    ],
                    [
                        76000,
                        0,
                        0
                    ],
                    [
                        76181.82,
                        3,
                        0
                    ],
                    [
                        76272.73,
                        2,
                        0
                    ],
                    [
                        76363.63,
                        0,
                        0
                    ],
                    [
                        76545.45,
                        3,
                        0
                    ],
                    [
                        76727.27,
                        2,
                        0
                    ],
                    [
                        76909.09,
                        3,
                        0
                    ]
                ]
            },
            {
                "lengthInSteps": 16,
                "mustHitSection": true,
                "sectionNotes": [
                    [
                        77090.91,
                        2,
                        0
                    ],
                    [
                        77454.55,
                        2,
                        0
                    ],
                    [
                        77636.36,
                        0,
                        0
                    ],
                    [
                        77818.18,
                        2,
                        0
                    ],
                    [
                        78000,
                        3,
                        0
                    ],
                    [
                        78181.82,
                        0,
                        0
                    ],
                    [
                        78363.63,
                        2,
                        0
                    ]
                ]
            },
            {
                "lengthInSteps": 16,
                "mustHitSection": true,
                "sectionNotes": [
                    [
                        78545.45,
                        0,
                        0
                    ],
                    [
                        78909.09,
                        0,
                        0
                    ],
                    [
                        79090.91,
                        0,
                        0
                    ],
                    [
                        79181.82,
                        3,
                        0
                    ],
                    [
                        79272.73,
                        2,
                        0
                    ],
                    [
                        79454.55,
                        3,
                        0
                    ],
                    [
                        79636.36,
                        2,
                        0
                    ],
                    [
                        79818.18,
                        0,
                        0
                    ]
                ]
            },
            {
                "lengthInSteps": 16,
                "mustHitSection": true,
                "sectionNotes": [
                    [
                        80000,
                        2,
                        0
                    ],
                    [
                        80181.82,
                        3,
                        0
                    ],
                    [
                        80363.63,
                        2,
                        0
                    ],
                    [
                        80545.45,
                        0,
                        0
                    ],
                    [
                        80727.27,
                        1,
                        0
                    ],
                    [
                        80909.09,
                        3,
                        0
                    ],
                    [
                        81090.91,
                        0,
                        0
                    ],
                    [
                        81272.73,
                        3,
                        0
                    ]
                ]
            },
            {
                "lengthInSteps": 16,
                "mustHitSection": true,
                "sectionNotes": []
            },
            {
                "lengthInSteps": 16,
                "mustHitSection": true,
                "sectionNotes": []
            },
            {
                "lengthInSteps": 16,
                "mustHitSection": true,
                "sectionNotes": []
            },
            {
                "lengthInSteps": 16,
                "mustHitSection": true,
                "sectionNotes": []
            },
            {
                "lengthInSteps": 16,
                "mustHitSection": true,
                "sectionNotes": []
            }
        ]
    },
    "generatedBy": "SNIFF ver.6"
    
}