{
    "size":75,
    "cameraX":-150,
    "cameraY":150,
    "x":200,
    "y":-170,
    "animations":{
        "idle":{"frames":"9"},
        "up":{"frames":"15"},
        "down":{"frames":"15"},
        "left":{"frames":"15"},
        "right":{"frames":"15"},
        "seconds per frame":0.06
    },
    "offsets":{
        "idle":{"x":0,"y":0},
        "up":{"x":0,"y":0},
        "down":{"x":0,"y":0},
        "left":{"x":0,"y":0},
        "right":{"x":0,"y":0}
    },
    "healthColor":"#fff1e2"
}