{
	"song": {
		"player1": "gf",
		"player2": "sexysans",
		"notes": [
			{
				"lengthInSteps": 16,
				"sectionNotes": [],
				"gfSection": false,
				"mustHitSection": false
			},
			{
				"lengthInSteps": 16,
				"sectionNotes": [],
				"mustHitSection": false
			},
			{
				"lengthInSteps": 16,
				"sectionNotes": [
					[
						4421.64179104478,
						0,
						0
					],
					[
						4561.5671641791,
						2,
						0
					],
					[
						4757.46268656716,
						3,
						223.880597014925
					],
					[
						4925.37313432836,
						1,
						111.940298507463
					]
				],
				"mustHitSection": false
			},
			{
				"lengthInSteps": 16,
				"sectionNotes": [
					[
						6268.65671641791,
						0,
						0
					],
					[
						6548.50746268657,
						2,
						111.940298507463
					],
					[
						6408.58208955224,
						3,
						0
					]
				],
				"mustHitSection": false
			},
			{
				"lengthInSteps": 16,
				"sectionNotes": [
					[
						7835.82089552239,
						2,
						0
					],
					[
						7947.76119402985,
						3,
						0
					],
					[
						7947.76119402985,
						0,
						0
					],
					[
						8059.70149253731,
						1,
						223.880597014925
					],
					[
						8731.34328358209,
						3,
						0
					],
					[
						8815.29850746269,
						0,
						0
					]
				],
				"mustHitSection": false
			},
			{
				"lengthInSteps": 16,
				"sectionNotes": [
					[
						9179.10447761194,
						2,
						0
					],
					[
						9626.86567164179,
						3,
						0
					],
					[
						9626.86567164179,
						0,
						0
					],
					[
						9738.80597014925,
						2,
						0
					],
					[
						9850.74626865672,
						1,
						111.940298507463
					],
					[
						10522.3880597015,
						2,
						0
					],
					[
						10634.328358209,
						2,
						0
					]
				],
				"mustHitSection": false
			},
			{
				"lengthInSteps": 16,
				"sectionNotes": [
					[
						11417.9104477612,
						7,
						0
					],
					[
						11641.7910447761,
						6,
						335.820895522388
					],
					[
						11417.9104477612,
						5,
						0
					],
					[
						11529.8507462687,
						4,
						0
					],
					[
						12313.4328358209,
						7,
						0
					],
					[
						12350.7462686567,
						5,
						0
					]
				],
				"mustHitSection": false
			},
			{
				"lengthInSteps": 16,
				"sectionNotes": [
					[
						12761.1940298507,
						4,
						111.940298507463
					],
					[
						13208.9552238806,
						6,
						0
					],
					[
						13320.8955223881,
						7,
						0
					],
					[
						13432.8358208955,
						4,
						223.880597014925
					],
					[
						13432.8358208955,
						5,
						0
					],
					[
						14104.4776119403,
						7,
						0
					],
					[
						14216.4179104478,
						4,
						0
					]
				],
				"mustHitSection": false
			},
			{
				"lengthInSteps": 16,
				"sectionNotes": [
					[
						14776.1194029851,
						1,
						0
					],
					[
						15000,
						2,
						0
					],
					[
						15000,
						3,
						0
					],
					[
						15111.9402985075,
						0,
						0
					],
					[
						15223.8805970149,
						1,
						111.940298507463
					],
					[
						15895.5223880597,
						2,
						0
					],
					[
						16007.4626865672,
						2,
						0
					],
					[
						14328.3582089552,
						6,
						223.880597014925
					],
					[
						14328.3582089552,
						5,
						0
					]
				],
				"mustHitSection": false
			},
			{
				"lengthInSteps": 16,
				"sectionNotes": [
					[
						16343.2835820896,
						3,
						0
					],
					[
						16417.9104477612,
						1,
						0
					],
					[
						16567.1641791045,
						2,
						111.940298507463
					],
					[
						16791.0447761194,
						3,
						111.940298507463
					],
					[
						16791.0447761194,
						1,
						0
					],
					[
						17014.9253731343,
						0,
						0
					],
					[
						17126.8656716418,
						1,
						0
					],
					[
						17238.8059701493,
						3,
						0
					],
					[
						17238.8059701493,
						2,
						0
					],
					[
						17350.7462686567,
						0,
						0
					],
					[
						17686.5671641791,
						1,
						111.940298507463
					]
				],
				"mustHitSection": false
			},
			{
				"lengthInSteps": 16,
				"sectionNotes": [
					[
						18358.2089552239,
						5,
						0
					],
					[
						18582.0895522388,
						4,
						0
					],
					[
						18694.0298507463,
						7,
						0
					],
					[
						18805.9701492537,
						6,
						111.940298507463
					],
					[
						19589.552238806,
						4,
						0
					],
					[
						19477.6119402985,
						7,
						0
					],
					[
						19477.6119402985,
						6,
						0
					],
					[
						18694.0298507463,
						5,
						0
					]
				],
				"mustHitSection": false
			},
			{
				"lengthInSteps": 16,
				"sectionNotes": [
					[
						20597.0149253731,
						2,
						0
					],
					[
						20820.8955223881,
						2,
						0
					],
					[
						21044.776119403,
						2,
						0
					],
					[
						21268.6567164179,
						2,
						0
					],
					[
						19925.3731343284,
						7,
						0
					],
					[
						20037.3134328358,
						4,
						0
					],
					[
						20149.2537313433,
						6,
						111.940298507463
					],
					[
						20373.1343283582,
						5,
						111.940298507463
					],
					[
						20373.1343283582,
						4,
						0
					],
					[
						20597.0149253731,
						7,
						0
					],
					[
						20820.8955223881,
						6,
						0
					],
					[
						20932.8358208955,
						7,
						111.940298507463
					],
					[
						20708.9552238806,
						4,
						0
					],
					[
						20932.8358208955,
						5,
						0
					],
					[
						21268.6567164179,
						4,
						111.940298507463
					]
				],
				"mustHitSection": false
			},
			{
				"lengthInSteps": 16,
				"sectionNotes": [
					[
						22835.8208955224,
						3,
						0
					],
					[
						22835.8208955224,
						1,
						0
					],
					[
						22947.7611940299,
						0,
						0
					],
					[
						23059.7014925373,
						2,
						0
					],
					[
						21492.5373134328,
						6,
						111.940298507463
					],
					[
						21828.3582089552,
						7,
						111.940298507463
					],
					[
						21828.3582089552,
						5,
						0
					],
					[
						22164.1791044776,
						4,
						559.701492537313
					]
				],
				"mustHitSection": false
			},
			{
				"lengthInSteps": 16,
				"sectionNotes": [
					[
						23283.5820895522,
						1,
						111.940298507463
					],
					[
						23283.5820895522,
						0,
						0
					],
					[
						23955.223880597,
						2,
						0
					],
					[
						24067.1641791045,
						2,
						0
					],
					[
						24179.1044776119,
						3,
						0
					],
					[
						24253.7313432836,
						1,
						0
					],
					[
						24402.9850746269,
						2,
						0
					],
					[
						24402.9850746269,
						0,
						0
					],
					[
						24738.8059701493,
						3,
						0
					],
					[
						24850.7462686567,
						1,
						0
					],
					[
						24850.7462686567,
						0,
						0
					],
					[
						23992.5373134328,
						6,
						0
					],
					[
						24514.9253731343,
						4,
						0
					],
					[
						24514.9253731343,
						5,
						0
					],
					[
						24850.7462686567,
						7,
						111.940298507463
					],
					[
						23955.223880597,
						5,
						0
					],
					[
						24402.9850746269,
						7,
						0
					],
					[
						24179.1044776119,
						4,
						0
					],
					[
						24738.8059701493,
						6,
						0
					]
				],
				"mustHitSection": false
			},
			{
				"lengthInSteps": 16,
				"sectionNotes": [
					[
						25298.5074626866,
						3,
						0
					],
					[
						25391.7910447761,
						1,
						0
					],
					[
						25503.7313432836,
						3,
						0
					],
					[
						25597.0149253731,
						0,
						0
					],
					[
						25746.2686567164,
						2,
						0
					],
					[
						25858.2089552239,
						2,
						0
					],
					[
						26194.0298507463,
						1,
						111.940298507463
					],
					[
						26194.0298507463,
						3,
						0
					],
					[
						26417.9104477612,
						2,
						111.940298507463
					],
					[
						26641.7910447761,
						0,
						111.940298507463
					],
					[
						26641.7910447761,
						1,
						0
					],
					[
						25074.6268656716,
						6,
						447.761194029851
					]
				],
				"mustHitSection": false
			},
			{
				"lengthInSteps": 16,
				"sectionNotes": [
					[
						27089.552238806,
						2,
						0
					],
					[
						27201.4925373134,
						3,
						0
					],
					[
						27425.3731343284,
						2,
						0
					],
					[
						27537.3134328358,
						0,
						0
					],
					[
						27649.2537313433,
						3,
						111.940298507463
					],
					[
						27985.0746268657,
						2,
						0
					],
					[
						28208.9552238806,
						2,
						0
					],
					[
						28432.8358208955,
						2,
						0
					]
				],
				"mustHitSection": false
			},
			{
				"lengthInSteps": 16,
				"sectionNotes": [
					[
						28880.5970149254,
						7,
						0
					],
					[
						29216.4179104478,
						6,
						111.940298507463
					],
					[
						28936.5671641791,
						4,
						0
					],
					[
						28992.5373134328,
						7,
						0
					],
					[
						29776.1194029851,
						6,
						0
					],
					[
						29664.1791044776,
						4,
						0
					],
					[
						29888.0597014925,
						7,
						0
					],
					[
						30000,
						5,
						0
					],
					[
						30055.9701492537,
						4,
						0
					],
					[
						30111.9402985075,
						7,
						0
					],
					[
						30223.8805970149,
						6,
						0
					]
				],
				"mustHitSection": false
			},
			{
				"lengthInSteps": 16,
				"sectionNotes": [
					[
						30447.7611940299,
						4,
						223.880597014925
					],
					[
						30447.7611940299,
						5,
						0
					],
					[
						31119.4029850746,
						6,
						0
					],
					[
						31231.3432835821,
						4,
						0
					],
					[
						31343.2835820896,
						5,
						111.940298507463
					],
					[
						31231.3432835821,
						7,
						0
					],
					[
						31567.1641791045,
						6,
						0
					],
					[
						31679.104477612,
						7,
						0
					],
					[
						31902.9850746269,
						6,
						0
					],
					[
						32014.9253731343,
						7,
						0
					],
					[
						32126.8656716418,
						4,
						0
					],
					[
						32052.2388059702,
						5,
						0
					]
				],
				"mustHitSection": false
			},
			{
				"lengthInSteps": 16,
				"sectionNotes": [
					[
						33022.3880597015,
						4,
						0
					],
					[
						33372.2014925373,
						7,
						0
					],
					[
						32462.6865671642,
						4,
						0
					],
					[
						32910.447761194,
						5,
						0
					],
					[
						33022.3880597015,
						6,
						0
					],
					[
						32574.6268656717,
						6,
						0
					],
					[
						32686.5671641791,
						7,
						0
					],
					[
						33582.0895522388,
						5,
						111.940298507463
					],
					[
						33805.9701492537,
						4,
						335.820895522388
					],
					[
						33414.1791044776,
						6,
						0
					],
					[
						33805.9701492537,
						7,
						0
					]
				],
				"mustHitSection": false
			},
			{
				"lengthInSteps": 16,
				"sectionNotes": [
					[
						34253.7313432836,
						6,
						0
					],
					[
						34365.6716417911,
						7,
						0
					],
					[
						34589.552238806,
						5,
						0
					],
					[
						34589.552238806,
						4,
						0
					],
					[
						34701.4925373134,
						6,
						0
					],
					[
						34813.4328358209,
						7,
						111.940298507463
					],
					[
						35149.2537313433,
						5,
						111.940298507463
					],
					[
						35373.1343283582,
						4,
						111.940298507463
					],
					[
						35373.1343283582,
						6,
						0
					],
					[
						35597.0149253731,
						7,
						111.940298507463
					]
				],
				"mustHitSection": false
			},
			{
				"lengthInSteps": 16,
				"sectionNotes": [],
				"mustHitSection": false
			},
			{
				"lengthInSteps": 16,
				"sectionNotes": [],
				"mustHitSection": false
			},
			{
				"lengthInSteps": 16,
				"sectionNotes": [],
				"mustHitSection": false
			},
			{
				"lengthInSteps": 16,
				"sectionNotes": [],
				"mustHitSection": false
			},
			{
				"lengthInSteps": 16,
				"sectionNotes": [
					[
						43432.8358208955,
						2,
						0
					],
					[
						43544.776119403,
						1,
						0
					],
					[
						43656.7164179105,
						3,
						0
					],
					[
						43768.6567164179,
						1,
						0
					],
					[
						43768.6567164179,
						0,
						0
					],
					[
						44216.4179104478,
						3,
						0
					],
					[
						44552.2388059701,
						1,
						0
					],
					[
						44664.1791044776,
						3,
						0
					],
					[
						44664.1791044776,
						0,
						0
					],
					[
						44104.4776119403,
						7,
						0
					],
					[
						44104.4776119403,
						6,
						111.940298507463
					],
					[
						44328.3582089552,
						4,
						0
					],
					[
						44552.2388059701,
						7,
						111.940298507463
					]
				],
				"mustHitSection": false
			},
			{
				"lengthInSteps": 16,
				"sectionNotes": [
					[
						45000,
						2,
						0
					],
					[
						45223.8805970149,
						1,
						0
					],
					[
						45335.8208955224,
						3,
						0
					],
					[
						45335.8208955224,
						2,
						0
					],
					[
						45559.7014925373,
						3,
						0
					],
					[
						45447.7611940299,
						0,
						0
					],
					[
						45671.6417910448,
						0,
						0
					],
					[
						45671.6417910448,
						1,
						111.940298507463
					],
					[
						46007.4626865672,
						2,
						0
					],
					[
						46063.4328358209,
						3,
						0
					],
					[
						46119.4029850746,
						0,
						0
					],
					[
						46343.2835820895,
						3,
						0
					],
					[
						46343.2835820895,
						2,
						111.940298507463
					]
				],
				"mustHitSection": false
			},
			{
				"lengthInSteps": 16,
				"sectionNotes": [
					[
						46567.1641791045,
						0,
						0
					],
					[
						47014.9253731343,
						0,
						0
					],
					[
						47238.8059701493,
						3,
						0
					],
					[
						47238.8059701493,
						1,
						0
					],
					[
						47462.6865671642,
						2,
						0
					],
					[
						47350.7462686567,
						0,
						0
					],
					[
						47574.6268656716,
						3,
						0
					],
					[
						47686.5671641791,
						2,
						0
					],
					[
						47798.5074626866,
						0,
						0
					],
					[
						48022.3880597015,
						2,
						0
					],
					[
						48134.3283582089,
						2,
						0
					],
					[
						48246.2686567164,
						2,
						0
					],
					[
						47686.5671641791,
						4,
						111.940298507463
					],
					[
						47686.5671641791,
						5,
						0
					],
					[
						47910.447761194,
						6,
						0
					],
					[
						48134.3283582089,
						7,
						111.940298507463
					]
				],
				"mustHitSection": false
			},
			{
				"lengthInSteps": 16,
				"sectionNotes": [
					[
						48358.2089552239,
						0,
						0
					],
					[
						48358.2089552239,
						3,
						0
					],
					[
						48582.0895522388,
						2,
						0
					],
					[
						48805.9701492537,
						0,
						0
					],
					[
						49029.8507462687,
						2,
						0
					],
					[
						49141.7910447761,
						3,
						0
					],
					[
						49141.7910447761,
						1,
						0
					],
					[
						49253.7313432836,
						0,
						111.940298507463
					],
					[
						49477.6119402985,
						2,
						0
					],
					[
						49552.2388059701,
						3,
						0
					],
					[
						49701.4925373134,
						1,
						111.940298507463
					],
					[
						49925.3731343284,
						0,
						111.940298507463
					],
					[
						48805.9701492537,
						5,
						111.940298507463
					],
					[
						49253.7313432836,
						4,
						0
					],
					[
						49253.7313432836,
						6,
						0
					],
					[
						49589.552238806,
						5,
						0
					],
					[
						49925.3731343284,
						7,
						111.940298507463
					]
				],
				"mustHitSection": false
			},
			{
				"lengthInSteps": 16,
				"sectionNotes": [
					[
						50149.2537313433,
						6,
						335.820895522388
					],
					[
						50932.8358208955,
						7,
						0
					],
					[
						51492.5373134328,
						7,
						111.940298507463
					],
					[
						51716.4179104478,
						5,
						111.940298507463
					],
					[
						50597.0149253731,
						7,
						0
					],
					[
						50708.9552238806,
						4,
						0
					],
					[
						50820.8955223881,
						5,
						0
					],
					[
						50932.8358208955,
						6,
						0
					],
					[
						51268.6567164179,
						6,
						0
					],
					[
						51492.5373134328,
						4,
						0
					],
					[
						51380.5970149254,
						5,
						0
					]
				],
				"mustHitSection": false
			},
			{
				"lengthInSteps": 16,
				"sectionNotes": [
					[
						51940.2985074627,
						6,
						335.820895522388
					],
					[
						52388.0597014925,
						7,
						0
					],
					[
						52500,
						5,
						0
					],
					[
						52611.9402985075,
						6,
						0
					],
					[
						52723.8805970149,
						4,
						0
					],
					[
						52835.8208955224,
						7,
						0
					],
					[
						52835.8208955224,
						6,
						111.940298507463
					],
					[
						53059.7014925373,
						4,
						111.940298507463
					],
					[
						53283.5820895522,
						5,
						111.940298507463
					],
					[
						53283.5820895522,
						7,
						0
					],
					[
						53507.4626865672,
						4,
						111.940298507463
					]
				],
				"mustHitSection": false
			},
			{
				"lengthInSteps": 16,
				"sectionNotes": [
					[
						53731.3432835821,
						6,
						223.880597014925
					],
					[
						54067.1641791045,
						7,
						0
					],
					[
						54291.0447761194,
						7,
						0
					],
					[
						54402.9850746269,
						6,
						0
					],
					[
						54514.9253731343,
						4,
						0
					],
					[
						54626.8656716418,
						6,
						111.940298507463
					],
					[
						54850.7462686567,
						4,
						0
					],
					[
						54962.6865671642,
						6,
						0
					],
					[
						55074.6268656716,
						7,
						111.940298507463
					],
					[
						55298.5074626866,
						4,
						0
					]
				],
				"mustHitSection": false
			},
			{
				"lengthInSteps": 16,
				"sectionNotes": [
					[
						55522.3880597015,
						5,
						111.940298507463
					],
					[
						55746.2686567164,
						7,
						0
					],
					[
						55858.2089552239,
						4,
						111.940298507463
					],
					[
						56082.0895522388,
						6,
						0
					],
					[
						56305.9701492537,
						7,
						0
					],
					[
						56417.9104477612,
						5,
						111.940298507463
					],
					[
						56194.0298507463,
						4,
						0
					],
					[
						56641.7910447761,
						6,
						0
					],
					[
						56753.7313432836,
						5,
						223.880597014925
					],
					[
						57089.552238806,
						7,
						111.940298507463
					],
					[
						57089.552238806,
						6,
						0
					]
				],
				"mustHitSection": false
			},
			{
				"lengthInSteps": 16,
				"sectionNotes": [
					[
						57313.4328358209,
						4,
						335.820895522388
					]
				],
				"mustHitSection": false
			},
			{
				"lengthInSteps": 16,
				"sectionNotes": [
					[
						59776.1194029851,
						2,
						0
					],
					[
						59888.0597014925,
						3,
						0
					],
					[
						60000,
						0,
						111.940298507463
					],
					[
						60111.9402985074,
						1,
						111.940298507463
					],
					[
						60671.6417910448,
						0,
						0
					],
					[
						60783.5820895522,
						2,
						0
					]
				],
				"mustHitSection": false
			},
			{
				"lengthInSteps": 16,
				"sectionNotes": [
					[
						61119.4029850746,
						1,
						0
					],
					[
						61119.4029850746,
						3,
						0
					],
					[
						61567.1641791045,
						0,
						0
					],
					[
						61679.1044776119,
						3,
						0
					],
					[
						61791.0447761194,
						1,
						111.940298507463
					],
					[
						62462.6865671642,
						2,
						0
					],
					[
						62574.6268656716,
						2,
						0
					]
				],
				"mustHitSection": false
			},
			{
				"lengthInSteps": 16,
				"sectionNotes": [
					[
						63358.2089552239,
						5,
						0
					],
					[
						63470.1492537313,
						4,
						0
					],
					[
						63582.0895522388,
						7,
						335.820895522388
					],
					[
						63582.0895522388,
						6,
						0
					],
					[
						64253.7313432836,
						5,
						0
					],
					[
						64281.7164179104,
						6,
						0
					]
				],
				"mustHitSection": false
			},
			{
				"lengthInSteps": 16,
				"sectionNotes": [
					[
						64701.4925373134,
						4,
						111.940298507463
					],
					[
						65149.2537313433,
						7,
						0
					],
					[
						65261.1940298507,
						6,
						0
					],
					[
						65373.1343283582,
						4,
						0
					],
					[
						65373.1343283582,
						5,
						335.820895522388
					],
					[
						66044.776119403,
						7,
						0
					],
					[
						66156.7164179104,
						4,
						0
					]
				],
				"mustHitSection": false
			},
			{
				"lengthInSteps": 16,
				"sectionNotes": [
					[
						66716.4179104477,
						2,
						0
					],
					[
						66940.2985074627,
						3,
						0
					],
					[
						67164.1791044776,
						0,
						0
					],
					[
						66940.2985074627,
						1,
						0
					],
					[
						67835.8208955224,
						1,
						111.940298507463
					],
					[
						66268.6567164179,
						6,
						111.940298507463
					]
				],
				"mustHitSection": false
			},
			{
				"lengthInSteps": 16,
				"sectionNotes": [
					[
						68171.6417910447,
						3,
						0
					],
					[
						68059.7014925373,
						0,
						0
					],
					[
						68171.6417910447,
						1,
						0
					],
					[
						68395.5223880597,
						2,
						0
					],
					[
						68619.4029850746,
						1,
						0
					],
					[
						68731.3432835821,
						3,
						0
					],
					[
						68955.223880597,
						2,
						0
					],
					[
						69067.1641791045,
						2,
						0
					],
					[
						69179.1044776119,
						1,
						0
					],
					[
						69291.0447761194,
						0,
						0
					],
					[
						69402.9850746268,
						2,
						111.940298507463
					],
					[
						69626.8656716418,
						3,
						111.940298507463
					],
					[
						69626.8656716418,
						1,
						0
					]
				],
				"mustHitSection": false
			},
			{
				"lengthInSteps": 16,
				"sectionNotes": [
					[
						70298.5074626866,
						5,
						111.940298507463
					],
					[
						70522.3880597015,
						4,
						0
					],
					[
						70522.3880597015,
						6,
						0
					],
					[
						70746.2686567164,
						7,
						111.940298507463
					],
					[
						71417.9104477612,
						5,
						111.940298507463
					]
				],
				"mustHitSection": false
			},
			{
				"lengthInSteps": 16,
				"sectionNotes": [
					[
						71641.7910447761,
						7,
						0
					],
					[
						71753.7313432836,
						4,
						0
					],
					[
						71977.6119402985,
						6,
						111.940298507463
					],
					[
						72201.4925373134,
						5,
						0
					],
					[
						72201.4925373134,
						7,
						0
					],
					[
						72313.4328358209,
						4,
						0
					],
					[
						72537.3134328358,
						6,
						0
					],
					[
						72761.1940298507,
						5,
						0
					],
					[
						72873.1343283582,
						5,
						0
					],
					[
						72985.0746268657,
						7,
						111.940298507463
					],
					[
						73208.9552238806,
						4,
						111.940298507463
					],
					[
						72649.2537313433,
						4,
						0
					]
				],
				"mustHitSection": false
			},
			{
				"lengthInSteps": 16,
				"sectionNotes": [
					[
						73656.7164179104,
						2,
						0
					],
					[
						73712.6865671642,
						3,
						0
					],
					[
						73768.6567164179,
						0,
						0
					],
					[
						73880.5970149254,
						1,
						0
					],
					[
						73992.5373134328,
						1,
						0
					],
					[
						74104.4776119403,
						3,
						0
					],
					[
						74328.3582089552,
						1,
						111.940298507463
					],
					[
						74328.3582089552,
						0,
						0
					],
					[
						75000,
						2,
						0
					],
					[
						75111.9402985075,
						2,
						0
					],
					[
						73432.8358208955,
						6,
						223.880597014925
					]
				],
				"mustHitSection": false
			},
			{
				"lengthInSteps": 16,
				"sectionNotes": [
					[
						75223.8805970149,
						1,
						0
					],
					[
						75335.8208955224,
						0,
						0
					],
					[
						75447.7611940299,
						2,
						0
					],
					[
						75447.7611940299,
						3,
						111.940298507463
					],
					[
						75783.5820895522,
						2,
						0
					],
					[
						75895.5223880597,
						3,
						0
					],
					[
						75895.5223880597,
						0,
						0
					],
					[
						76343.2835820896,
						2,
						0
					],
					[
						76455.223880597,
						3,
						0
					],
					[
						76567.1641791045,
						0,
						0
					],
					[
						76679.1044776119,
						3,
						0
					],
					[
						76791.0447761194,
						2,
						0
					],
					[
						76902.9850746269,
						2,
						0
					]
				],
				"mustHitSection": false
			},
			{
				"lengthInSteps": 16,
				"sectionNotes": [
					[
						77238.8059701493,
						1,
						111.940298507463
					],
					[
						77462.6865671642,
						0,
						111.940298507463
					],
					[
						77686.5671641791,
						2,
						111.940298507463
					],
					[
						77686.5671641791,
						3,
						0
					],
					[
						78134.328358209,
						1,
						0
					],
					[
						78246.2686567164,
						3,
						0
					],
					[
						78134.328358209,
						0,
						0
					],
					[
						78470.1492537313,
						2,
						0
					],
					[
						78582.0895522388,
						1,
						0
					],
					[
						78582.0895522388,
						3,
						0
					],
					[
						78694.0298507463,
						0,
						111.940298507463
					]
				],
				"mustHitSection": false
			},
			{
				"lengthInSteps": 16,
				"sectionNotes": [
					[
						79029.8507462687,
						2,
						0
					],
					[
						79253.7313432836,
						2,
						0
					],
					[
						79477.6119402985,
						2,
						0
					],
					[
						80149.2537313433,
						0,
						0,
						"No Animation"
					],
					[
						80261.1940298508,
						3,
						0,
						"No Animation"
					],
					[
						80373.1343283582,
						2,
						0,
						"No Animation"
					],
					[
						80066.697761194,
						3,
						0,
						"No Animation"
					],
					[
						80003.7313432836,
						0,
						0,
						"No Animation"
					],
					[
						79946.3619402985,
						1,
						0,
						"No Animation"
					]
				],
				"mustHitSection": false
			},
			{
				"lengthInSteps": 16,
				"sectionNotes": [
					[
						80820.8955223881,
						6,
						0
					],
					[
						80876.8656716418,
						5,
						0
					],
					[
						80932.8358208955,
						7,
						0
					],
					[
						81156.7164179105,
						4,
						111.940298507463
					],
					[
						81604.4776119403,
						5,
						0
					],
					[
						81716.4179104478,
						7,
						0
					],
					[
						81716.4179104478,
						6,
						0
					],
					[
						81828.3582089552,
						4,
						0
					],
					[
						81940.2985074627,
						6,
						0
					],
					[
						81996.2686567164,
						4,
						0
					],
					[
						82052.2388059702,
						7,
						0
					],
					[
						82164.1791044776,
						5,
						111.940298507463
					],
					[
						80597.0149253732,
						1,
						111.940298507463
					],
					[
						80597.0149253732,
						0,
						0
					]
				],
				"mustHitSection": false
			},
			{
				"lengthInSteps": 16,
				"sectionNotes": [
					[
						82388.0597014926,
						7,
						0
					],
					[
						82388.0597014926,
						6,
						223.880597014925
					],
					[
						83059.7014925373,
						4,
						0
					],
					[
						83171.6417910448,
						5,
						0
					],
					[
						83171.6417910448,
						7,
						0
					],
					[
						83283.5820895523,
						6,
						111.940298507463
					],
					[
						83507.4626865672,
						7,
						0
					],
					[
						83619.4029850746,
						6,
						0
					],
					[
						83843.2835820896,
						4,
						0
					],
					[
						83955.223880597,
						6,
						0
					],
					[
						84067.1641791045,
						4,
						0
					],
					[
						84011.1940298508,
						7,
						0
					]
				],
				"mustHitSection": false
			},
			{
				"lengthInSteps": 16,
				"sectionNotes": [
					[
						84402.9850746269,
						7,
						0
					],
					[
						84514.9253731343,
						4,
						0
					],
					[
						84626.8656716418,
						6,
						0
					],
					[
						84850.7462686567,
						7,
						0
					],
					[
						84962.6865671642,
						6,
						0
					],
					[
						85298.5074626866,
						4,
						0
					],
					[
						85354.4776119403,
						5,
						0
					],
					[
						85522.3880597015,
						7,
						111.940298507463
					],
					[
						85746.2686567164,
						4,
						335.820895522388
					]
				],
				"mustHitSection": false
			},
			{
				"lengthInSteps": 16,
				"sectionNotes": [
					[
						86305.9701492538,
						6,
						0
					],
					[
						86305.9701492538,
						7,
						0
					],
					[
						86194.0298507463,
						5,
						0
					],
					[
						86529.8507462687,
						4,
						0
					],
					[
						86641.7910447762,
						5,
						0
					],
					[
						86753.7313432836,
						4,
						111.940298507463
					],
					[
						87089.552238806,
						7,
						111.940298507463
					],
					[
						87089.552238806,
						6,
						0
					],
					[
						87313.4328358209,
						4,
						111.940298507463
					],
					[
						87537.3134328359,
						5,
						111.940298507463
					]
				],
				"mustHitSection": false
			},
			{
				"lengthInSteps": 16,
				"sectionNotes": [
					[
						88208.9552238806,
						7,
						0
					],
					[
						88208.9552238806,
						6,
						559.701492537313
					],
					[
						88880.5970149254,
						5,
						559.701492537313
					]
				],
				"mustHitSection": false
			},
			{
				"lengthInSteps": 16,
				"sectionNotes": [
					[
						89552.2388059702,
						4,
						559.701492537313
					],
					[
						90223.880597015,
						6,
						335.820895522388
					],
					[
						90671.6417910448,
						7,
						111.940298507463
					],
					[
						90895.5223880597,
						6,
						111.940298507463
					],
					[
						91119.4029850747,
						4,
						111.940298507463
					],
					[
						91119.4029850747,
						5,
						0
					]
				],
				"mustHitSection": false
			},
			{
				"lengthInSteps": 16,
				"sectionNotes": [
					[
						92238.8059701493,
						6,
						111.940298507463
					],
					[
						92462.6865671642,
						4,
						111.940298507463
					],
					[
						92854.4776119403,
						7,
						0
					],
					[
						92882.4626865672,
						5,
						0
					],
					[
						92882.4626865672,
						5,
						111.940298507463
					],
					[
						91343.2835820896,
						7,
						671.641791044776,
						"Vibrato"
					]
				],
				"mustHitSection": false
			},
			{
				"lengthInSteps": 16,
				"sectionNotes": [
					[
						93358.2089552239,
						4,
						111.940298507463
					],
					[
						93582.0895522389,
						7,
						0
					],
					[
						93582.0895522389,
						6,
						0
					],
					[
						93805.9701492538,
						4,
						111.940298507463
					],
					[
						94029.8507462687,
						6,
						335.820895522388
					],
					[
						94477.6119402986,
						7,
						335.820895522388
					],
					[
						94477.6119402986,
						5,
						0
					]
				],
				"mustHitSection": false
			},
			{
				"lengthInSteps": 16,
				"sectionNotes": [
					[
						94925.3731343284,
						4,
						559.701492537313
					],
					[
						95597.0149253732,
						5,
						559.701492537313
					],
					[
						96268.656716418,
						6,
						0
					],
					[
						96380.5970149254,
						7,
						0
					],
					[
						96604.4776119404,
						5,
						0
					]
				],
				"mustHitSection": false
			},
			{
				"lengthInSteps": 16,
				"sectionNotes": [
					[
						96716.4179104478,
						4,
						0
					],
					[
						97052.2388059702,
						4,
						0
					],
					[
						97052.2388059702,
						6,
						0
					],
					[
						96828.3582089553,
						6,
						0
					],
					[
						96940.2985074628,
						7,
						0
					],
					[
						97276.1194029851,
						5,
						0
					],
					[
						97500.0000000001,
						4,
						0
					],
					[
						97611.9402985075,
						7,
						0
					],
					[
						97611.9402985075,
						6,
						111.940298507463
					],
					[
						97835.8208955225,
						4,
						0
					],
					[
						97947.7611940299,
						5,
						223.880597014925
					],
					[
						98283.5820895523,
						6,
						111.940298507463
					]
				],
				"mustHitSection": false
			},
			{
				"lengthInSteps": 16,
				"sectionNotes": [
					[
						98507.4626865672,
						7,
						335.820895522388
					],
					[
						98955.2238805971,
						4,
						0
					],
					[
						98955.2238805971,
						5,
						0
					],
					[
						99291.0447761195,
						7,
						111.940298507463
					],
					[
						99626.8656716419,
						5,
						0
					],
					[
						99850.7462686568,
						4,
						111.940298507463
					],
					[
						99850.7462686568,
						6,
						0
					],
					[
						100074.626865672,
						7,
						111.940298507463
					]
				],
				"mustHitSection": false
			},
			{
				"lengthInSteps": 16,
				"sectionNotes": [
					[
						100298.507462687,
						5,
						111.940298507463
					],
					[
						100522.388059702,
						4,
						0
					],
					[
						100746.268656716,
						6,
						0
					],
					[
						100858.208955224,
						7,
						0
					],
					[
						100970.149253731,
						4,
						0
					],
					[
						100970.149253731,
						5,
						0
					],
					[
						101082.089552239,
						6,
						223.880597014925
					],
					[
						101417.910447761,
						7,
						223.880597014925
					],
					[
						101753.731343284,
						5,
						223.880597014925
					]
				],
				"mustHitSection": false
			},
			{
				"lengthInSteps": 16,
				"sectionNotes": [
					[
						102089.552238806,
						6,
						783.582089552239,
						"Vibrato"
					]
				],
				"mustHitSection": false
			},
			{
				"lengthInSteps": 16,
				"sectionNotes": [],
				"mustHitSection": false
			},
			{
				"lengthInSteps": 16,
				"sectionNotes": [],
				"mustHitSection": false
			},
			{
				"lengthInSteps": 16,
				"sectionNotes": [],
				"mustHitSection": false
			},
			{
				"lengthInSteps": 16,
				"sectionNotes": [
					[
						109477.611940299,
						3,
						0
					],
					[
						109589.552238806,
						1,
						0
					],
					[
						109701.492537314,
						0,
						0
					],
					[
						109701.492537314,
						2,
						0
					],
					[
						109925.373134328,
						3,
						0
					],
					[
						110149.253731343,
						1,
						0
					],
					[
						110373.134328358,
						0,
						0
					],
					[
						110485.074626866,
						3,
						0
					],
					[
						110485.074626866,
						1,
						0
					],
					[
						110597.014925373,
						2,
						0
					],
					[
						110708.955223881,
						2,
						0
					],
					[
						110820.895522388,
						1,
						111.940298507463
					],
					[
						110820.895522388,
						0,
						0
					]
				],
				"mustHitSection": false
			},
			{
				"lengthInSteps": 16,
				"sectionNotes": [
					[
						111156.716417911,
						2,
						0
					],
					[
						111268.656716418,
						0,
						0
					],
					[
						111212.686567164,
						3,
						0
					],
					[
						111343.28358209,
						2,
						0
					],
					[
						111417.910447761,
						1,
						0
					],
					[
						111492.537313433,
						3,
						0
					],
					[
						111604.47761194,
						0,
						0
					],
					[
						111716.417910448,
						2,
						0
					],
					[
						111828.358208955,
						3,
						0
					],
					[
						111940.298507463,
						1,
						0
					],
					[
						112052.23880597,
						3,
						0
					],
					[
						112052.23880597,
						2,
						0
					],
					[
						112164.179104478,
						1,
						111.940298507463
					],
					[
						112388.059701493,
						0,
						0
					],
					[
						112500,
						2,
						0
					],
					[
						112611.940298508,
						0,
						0
					],
					[
						112611.940298508,
						3,
						0
					],
					[
						112723.880597015,
						2,
						0
					]
				],
				"mustHitSection": false
			},
			{
				"lengthInSteps": 16,
				"sectionNotes": [
					[
						112835.820895522,
						1,
						111.940298507463
					],
					[
						112835.820895522,
						0,
						0
					],
					[
						113059.701492537,
						2,
						0
					],
					[
						113171.641791045,
						3,
						0
					],
					[
						113171.641791045,
						0,
						0
					],
					[
						113395.52238806,
						1,
						0
					],
					[
						113507.462686567,
						2,
						0
					],
					[
						113507.462686567,
						3,
						0
					],
					[
						113619.402985075,
						0,
						0
					],
					[
						113731.343283582,
						2,
						0
					],
					[
						113843.28358209,
						2,
						0
					],
					[
						113955.223880597,
						1,
						0
					],
					[
						114067.164179105,
						0,
						0
					],
					[
						114179.104477612,
						2,
						111.940298507463
					],
					[
						114402.985074627,
						0,
						111.940298507463
					],
					[
						114067.164179105,
						3,
						0
					]
				],
				"mustHitSection": false
			},
			{
				"lengthInSteps": 16,
				"sectionNotes": [
					[
						114626.865671642,
						1,
						0
					],
					[
						114738.805970149,
						3,
						0
					],
					[
						114850.746268657,
						2,
						0
					],
					[
						114962.686567164,
						0,
						0
					],
					[
						115074.626865672,
						3,
						0
					],
					[
						115130.597014925,
						1,
						0
					],
					[
						115200.559701493,
						0,
						0
					],
					[
						115298.507462687,
						3,
						0
					],
					[
						115298.507462687,
						2,
						0
					],
					[
						115410.447761194,
						0,
						0
					],
					[
						115522.388059702,
						2,
						0
					],
					[
						115634.328358209,
						2,
						0
					],
					[
						115746.268656717,
						0,
						0
					],
					[
						115839.552238806,
						2,
						0
					],
					[
						115970.149253731,
						3,
						111.940298507463
					],
					[
						116194.029850746,
						2,
						111.940298507463
					],
					[
						115970.149253731,
						1,
						0
					]
				],
				"mustHitSection": false
			},
			{
				"sectionBeats": 4,
				"sectionNotes": [
					[
						116641.791044776,
						6,
						0
					],
					[
						116753.731343284,
						5,
						0
					],
					[
						116865.671641791,
						7,
						0
					],
					[
						117089.552238806,
						5,
						0
					],
					[
						117089.552238806,
						4,
						0
					],
					[
						117313.432835821,
						6,
						111.940298507463
					],
					[
						117537.313432836,
						7,
						0
					],
					[
						117649.253731343,
						5,
						0
					],
					[
						117761.194029851,
						4,
						0
					],
					[
						117873.134328358,
						5,
						0
					],
					[
						117985.074626866,
						7,
						111.940298507463
					],
					[
						117985.074626866,
						6,
						0
					]
				],
				"typeOfSection": 0,
				"gfSection": false,
				"altAnim": false,
				"mustHitSection": false,
				"changeBPM": false,
				"bpm": 180
			},
			{
				"sectionBeats": 4,
				"sectionNotes": [
					[
						118320.895522388,
						5,
						0
					],
					[
						118376.865671642,
						4,
						0
					],
					[
						118432.835820896,
						6,
						0
					],
					[
						118768.656716418,
						4,
						0
					],
					[
						118656.716417911,
						6,
						0
					],
					[
						118544.776119403,
						7,
						0
					],
					[
						118880.597014926,
						5,
						111.940298507463
					],
					[
						118880.597014926,
						7,
						0
					],
					[
						119104.47761194,
						6,
						0
					],
					[
						119216.417910448,
						7,
						0
					],
					[
						119328.358208955,
						4,
						111.940298507463
					],
					[
						119552.23880597,
						6,
						0
					],
					[
						119776.119402985,
						4,
						0
					],
					[
						119888.059701493,
						7,
						0
					],
					[
						119664.179104478,
						7,
						0
					],
					[
						119664.179104478,
						5,
						0
					]
				],
				"typeOfSection": 0,
				"gfSection": false,
				"altAnim": false,
				"mustHitSection": false,
				"changeBPM": false,
				"bpm": 180
			},
			{
				"sectionBeats": 4,
				"sectionNotes": [
					[
						120000,
						6,
						0
					],
					[
						120223.880597015,
						4,
						0
					],
					[
						120223.880597015,
						5,
						0
					],
					[
						120335.820895523,
						7,
						0
					],
					[
						120559.701492537,
						6,
						0
					],
					[
						120671.641791045,
						5,
						0
					],
					[
						120671.641791045,
						4,
						0
					],
					[
						120783.582089552,
						7,
						0
					],
					[
						120895.52238806,
						6,
						0
					],
					[
						121007.462686567,
						5,
						0
					],
					[
						121119.402985075,
						7,
						111.940298507463
					],
					[
						121119.402985075,
						4,
						0
					],
					[
						121343.28358209,
						6,
						111.940298507463
					],
					[
						121567.164179105,
						4,
						111.940298507463
					]
				],
				"typeOfSection": 0,
				"gfSection": false,
				"altAnim": false,
				"mustHitSection": false,
				"changeBPM": false,
				"bpm": 180
			},
			{
				"sectionBeats": 4,
				"sectionNotes": [
					[
						121791.04477612,
						6,
						0
					],
					[
						121902.985074627,
						7,
						0
					],
					[
						122014.925373134,
						5,
						0
					],
					[
						122126.865671642,
						7,
						0
					],
					[
						122238.805970149,
						4,
						0
					],
					[
						122276.119402985,
						6,
						0
					],
					[
						122350.746268657,
						5,
						0
					],
					[
						122462.686567164,
						7,
						0
					],
					[
						122574.626865672,
						5,
						0
					],
					[
						122686.567164179,
						4,
						0
					],
					[
						122686.567164179,
						6,
						0
					],
					[
						122798.507462687,
						7,
						0
					],
					[
						122910.447761194,
						4,
						111.940298507463
					],
					[
						123134.328358209,
						6,
						111.940298507463
					],
					[
						123358.208955224,
						7,
						111.940298507463
					],
					[
						123358.208955224,
						5,
						0
					]
				],
				"typeOfSection": 0,
				"gfSection": false,
				"altAnim": false,
				"mustHitSection": false,
				"changeBPM": false,
				"bpm": 180
			},
			{
				"sectionBeats": 4,
				"sectionNotes": [
					[
						123805.970149254,
						2,
						0
					],
					[
						124029.850746269,
						2,
						0
					],
					[
						124141.791044776,
						0,
						0
					],
					[
						124235.074626866,
						1,
						0
					],
					[
						124365.671641791,
						1,
						0
					],
					[
						124477.611940299,
						3,
						0
					],
					[
						124477.611940299,
						2,
						0
					],
					[
						124589.552238806,
						0,
						0
					],
					[
						124701.492537314,
						1,
						0
					],
					[
						124701.492537314,
						3,
						0
					],
					[
						124813.432835821,
						2,
						0
					],
					[
						124925.373134329,
						1,
						0
					],
					[
						125037.313432836,
						0,
						0
					],
					[
						125149.253731343,
						3,
						0
					],
					[
						125261.194029851,
						1,
						0
					],
					[
						125261.194029851,
						2,
						0
					],
					[
						124962.686567164,
						3,
						0
					],
					[
						124962.686567164,
						2,
						0
					],
					[
						123582.089552239,
						4,
						335.820895522388,
						"Vibrato"
					]
				],
				"typeOfSection": 0,
				"gfSection": false,
				"altAnim": false,
				"mustHitSection": false,
				"changeBPM": false,
				"bpm": 180
			},
			{
				"sectionBeats": 4,
				"sectionNotes": [
					[
						125373.134328358,
						0,
						0
					],
					[
						125485.074626866,
						2,
						0
					],
					[
						125541.04477612,
						3,
						0
					],
					[
						125597.014925373,
						0,
						0
					],
					[
						125708.955223881,
						1,
						0
					],
					[
						125820.895522388,
						3,
						0
					],
					[
						125932.835820896,
						0,
						0
					],
					[
						125932.835820896,
						2,
						0
					],
					[
						126044.776119403,
						1,
						0
					],
					[
						126156.716417911,
						2,
						0
					],
					[
						126268.656716418,
						3,
						0
					],
					[
						126380.597014926,
						0,
						0
					],
					[
						126380.597014926,
						1,
						0
					],
					[
						126492.537313433,
						3,
						0
					],
					[
						126604.47761194,
						2,
						0
					],
					[
						126604.47761194,
						0,
						0
					],
					[
						126716.417910448,
						1,
						0
					],
					[
						125541.04477612,
						1,
						0
					]
				],
				"typeOfSection": 0,
				"gfSection": false,
				"altAnim": false,
				"mustHitSection": false,
				"changeBPM": false,
				"bpm": 180
			},
			{
				"sectionBeats": 4,
				"sectionNotes": [
					[
						127388.059701493,
						5,
						0
					],
					[
						127611.940298508,
						5,
						0
					],
					[
						127723.880597015,
						6,
						111.940298507463
					],
					[
						127723.880597015,
						4,
						0
					],
					[
						127947.76119403,
						7,
						0
					],
					[
						128507.462686567,
						6,
						111.940298507463
					],
					[
						128731.343283582,
						5,
						0
					],
					[
						128843.28358209,
						7,
						0
					],
					[
						128059.701492537,
						4,
						0
					],
					[
						128171.641791045,
						5,
						0
					],
					[
						128283.582089552,
						7,
						0
					],
					[
						128395.52238806,
						4,
						0
					],
					[
						128395.52238806,
						5,
						0
					]
				],
				"typeOfSection": 0,
				"gfSection": false,
				"altAnim": false,
				"mustHitSection": false,
				"changeBPM": false,
				"bpm": 180
			},
			{
				"sectionBeats": 4,
				"sectionNotes": [
					[
						128955.223880597,
						6,
						0
					],
					[
						129291.04477612,
						6,
						0
					],
					[
						129738.805970149,
						5,
						0
					],
					[
						129962.686567164,
						4,
						0
					],
					[
						130410.447761194,
						5,
						0
					],
					[
						129067.164179105,
						4,
						0
					],
					[
						129104.47761194,
						7,
						0
					],
					[
						129179.104477612,
						5,
						0
					],
					[
						129738.805970149,
						7,
						0
					],
					[
						129850.746268657,
						6,
						0
					],
					[
						129402.985074627,
						7,
						0
					],
					[
						129402.985074627,
						4,
						0
					],
					[
						129514.925373134,
						5,
						0
					],
					[
						129626.865671642,
						4,
						0
					],
					[
						130074.626865672,
						5,
						0
					],
					[
						130186.567164179,
						7,
						0
					],
					[
						130186.567164179,
						6,
						0
					],
					[
						130522.388059702,
						4,
						0
					],
					[
						130522.388059702,
						7,
						0
					],
					[
						130634.328358209,
						5,
						0
					],
					[
						130298.507462687,
						4,
						0
					]
				],
				"typeOfSection": 0,
				"gfSection": false,
				"altAnim": false,
				"mustHitSection": false,
				"changeBPM": false,
				"bpm": 180
			},
			{
				"sectionBeats": 4,
				"sectionNotes": [
					[
						131865.671641791,
						1,
						0
					],
					[
						131977.611940299,
						3,
						0
					],
					[
						132089.552238806,
						2,
						0
					],
					[
						132089.552238806,
						0,
						0
					],
					[
						132201.492537314,
						3,
						0
					],
					[
						132313.432835821,
						1,
						0
					],
					[
						132313.432835821,
						0,
						0
					],
					[
						132425.373134329,
						2,
						0
					],
					[
						130746.268656717,
						6,
						671.641791044776
					]
				],
				"typeOfSection": 0,
				"gfSection": false,
				"altAnim": false,
				"mustHitSection": false,
				"changeBPM": false,
				"bpm": 180
			},
			{
				"sectionBeats": 4,
				"sectionNotes": [
					[
						132537.313432836,
						0,
						0
					],
					[
						132649.253731343,
						1,
						0
					],
					[
						132705.223880597,
						3,
						0
					],
					[
						132761.194029851,
						2,
						0
					],
					[
						132873.134328358,
						0,
						0
					],
					[
						132873.134328358,
						3,
						0
					],
					[
						132985.074626866,
						1,
						0
					],
					[
						133097.014925373,
						3,
						0
					],
					[
						133208.955223881,
						2,
						0
					],
					[
						133320.895522388,
						0,
						0
					],
					[
						133432.835820896,
						1,
						0
					],
					[
						133432.835820896,
						3,
						0
					],
					[
						133544.776119403,
						2,
						0
					],
					[
						133656.716417911,
						0,
						0
					],
					[
						133656.716417911,
						1,
						0
					],
					[
						133796.641791045,
						2,
						0
					],
					[
						133852.611940299,
						0,
						0
					],
					[
						133908.582089552,
						3,
						0
					],
					[
						133992.537313433,
						2,
						0
					],
					[
						134104.47761194,
						0,
						0
					],
					[
						134104.47761194,
						1,
						0
					],
					[
						134216.417910448,
						3,
						0
					],
					[
						133208.955223881,
						1,
						0
					]
				],
				"typeOfSection": 0,
				"gfSection": false,
				"altAnim": false,
				"mustHitSection": false,
				"changeBPM": false,
				"bpm": 180
			},
			{
				"sectionBeats": 4,
				"sectionNotes": [
					[
						134328.358208955,
						1,
						111.940298507463
					],
					[
						134776.119402985,
						0,
						0
					],
					[
						134888.059701493,
						2,
						0
					],
					[
						135000,
						1,
						111.940298507463
					],
					[
						135335.820895523,
						3,
						0
					],
					[
						135559.701492537,
						2,
						0
					],
					[
						135335.820895523,
						0,
						0
					],
					[
						135671.641791045,
						0,
						0
					],
					[
						135783.582089552,
						3,
						0
					],
					[
						135783.582089552,
						1,
						0
					],
					[
						135895.52238806,
						0,
						0
					],
					[
						136007.462686567,
						1,
						0
					],
					[
						134776.119402985,
						7,
						0
					],
					[
						134776.119402985,
						4,
						0
					],
					[
						134888.059701493,
						5,
						0
					],
					[
						135000,
						6,
						0
					],
					[
						135111.940298508,
						4,
						0
					],
					[
						135223.880597015,
						7,
						0
					],
					[
						135335.820895523,
						6,
						0
					],
					[
						135447.76119403,
						5,
						0
					],
					[
						135559.701492537,
						4,
						0
					],
					[
						135559.701492537,
						6,
						0
					],
					[
						135671.641791045,
						7,
						0
					],
					[
						136007.462686567,
						7,
						0
					],
					[
						135223.880597015,
						5,
						0
					],
					[
						135783.582089552,
						4,
						0
					],
					[
						135895.52238806,
						6,
						0
					],
					[
						136007.462686567,
						5,
						0
					]
				],
				"typeOfSection": 0,
				"gfSection": false,
				"altAnim": false,
				"mustHitSection": false,
				"changeBPM": false,
				"bpm": 180
			},
			{
				"sectionBeats": 4,
				"sectionNotes": [
					[
						136119.402985075,
						3,
						0
					],
					[
						136119.402985075,
						0,
						0
					],
					[
						136343.28358209,
						1,
						0
					],
					[
						136455.223880597,
						3,
						0
					],
					[
						136455.223880597,
						0,
						0
					],
					[
						136791.04477612,
						2,
						0
					],
					[
						136902.985074627,
						1,
						0
					],
					[
						137014.925373134,
						0,
						0
					],
					[
						137014.925373134,
						2,
						0
					],
					[
						137126.865671642,
						3,
						0
					],
					[
						137238.805970149,
						0,
						0
					],
					[
						137238.805970149,
						1,
						0
					],
					[
						137350.746268657,
						2,
						0
					],
					[
						136455.223880597,
						7,
						0
					],
					[
						136455.223880597,
						6,
						0
					],
					[
						136791.04477612,
						6,
						111.940298507463
					],
					[
						137014.925373134,
						5,
						0
					],
					[
						136679.104477612,
						4,
						0
					],
					[
						137350.746268657,
						4,
						0
					],
					[
						137686.567164179,
						5,
						111.940298507463
					],
					[
						137238.805970149,
						7,
						0
					],
					[
						137462.686567164,
						6,
						0
					],
					[
						136119.402985075,
						4,
						0
					],
					[
						136231.343283582,
						6,
						0
					],
					[
						136343.28358209,
						5,
						0
					],
					[
						136567.164179105,
						5,
						0
					],
					[
						137462.686567164,
						1,
						0
					],
					[
						137462.686567164,
						3,
						0
					],
					[
						137686.567164179,
						0,
						0
					],
					[
						137798.507462687,
						3,
						0
					]
				],
				"typeOfSection": 0,
				"gfSection": false,
				"altAnim": false,
				"mustHitSection": false,
				"changeBPM": false,
				"bpm": 180
			},
			{
				"sectionBeats": 4,
				"sectionNotes": [
					[
						137910.447761194,
						6,
						1679.10447761194
					],
					[
						137910.447761194,
						7,
						0
					]
				],
				"typeOfSection": 0,
				"gfSection": false,
				"altAnim": false,
				"mustHitSection": false,
				"changeBPM": false,
				"bpm": 180
			},
			{
				"sectionBeats": 4,
				"sectionNotes": [],
				"typeOfSection": 0,
				"gfSection": false,
				"altAnim": false,
				"mustHitSection": false,
				"changeBPM": false,
				"bpm": 180
			},
			{
				"sectionBeats": 4,
				"sectionNotes": [],
				"typeOfSection": 0,
				"gfSection": false,
				"altAnim": false,
				"mustHitSection": false,
				"changeBPM": false,
				"bpm": 180
			},
			{
				"sectionBeats": 4,
				"sectionNotes": [],
				"typeOfSection": 0,
				"gfSection": false,
				"altAnim": false,
				"mustHitSection": false,
				"changeBPM": false,
				"bpm": 180
			},
			{
				"sectionBeats": 4,
				"sectionNotes": [],
				"typeOfSection": 0,
				"gfSection": false,
				"altAnim": false,
				"mustHitSection": true,
				"changeBPM": false,
				"bpm": 180
			},
			{
				"sectionBeats": 4,
				"sectionNotes": [],
				"typeOfSection": 0,
				"gfSection": false,
				"altAnim": false,
				"mustHitSection": true,
				"changeBPM": false,
				"bpm": 180
			},
			{
				"sectionBeats": 4,
				"sectionNotes": [],
				"typeOfSection": 0,
				"gfSection": false,
				"altAnim": false,
				"mustHitSection": true,
				"changeBPM": false,
				"bpm": 180
			},
			{
				"sectionBeats": 4,
				"sectionNotes": [],
				"typeOfSection": 0,
				"gfSection": false,
				"altAnim": false,
				"mustHitSection": true,
				"changeBPM": false,
				"bpm": 180
			},
			{
				"sectionBeats": 4,
				"sectionNotes": [],
				"typeOfSection": 0,
				"gfSection": false,
				"altAnim": false,
				"mustHitSection": true,
				"changeBPM": false,
				"bpm": 180
			},
			{
				"sectionBeats": 4,
				"sectionNotes": [],
				"typeOfSection": 0,
				"gfSection": false,
				"altAnim": false,
				"mustHitSection": true,
				"changeBPM": false,
				"bpm": 180
			},
			{
				"sectionBeats": 4,
				"sectionNotes": [],
				"typeOfSection": 0,
				"gfSection": false,
				"altAnim": false,
				"mustHitSection": true,
				"changeBPM": false,
				"bpm": 180
			},
			{
				"sectionBeats": 4,
				"sectionNotes": [],
				"typeOfSection": 0,
				"gfSection": false,
				"altAnim": false,
				"mustHitSection": true,
				"changeBPM": false,
				"bpm": 180
			},
			{
				"sectionBeats": 4,
				"sectionNotes": [],
				"typeOfSection": 0,
				"gfSection": false,
				"altAnim": false,
				"mustHitSection": true,
				"changeBPM": false,
				"bpm": 180
			},
			{
				"sectionBeats": 4,
				"sectionNotes": [],
				"typeOfSection": 0,
				"gfSection": false,
				"altAnim": false,
				"mustHitSection": true,
				"changeBPM": false,
				"bpm": 180
			},
			{
				"sectionBeats": 4,
				"sectionNotes": [],
				"typeOfSection": 0,
				"gfSection": false,
				"altAnim": false,
				"mustHitSection": true,
				"changeBPM": false,
				"bpm": 160
			},
			{
				"sectionBeats": 4,
				"sectionNotes": [],
				"typeOfSection": 0,
				"gfSection": false,
				"altAnim": false,
				"mustHitSection": true,
				"changeBPM": false,
				"bpm": 160
			},
			{
				"sectionBeats": 4,
				"sectionNotes": [],
				"typeOfSection": 0,
				"gfSection": false,
				"altAnim": false,
				"mustHitSection": true,
				"changeBPM": false,
				"bpm": 160
			},
			{
				"sectionBeats": 4,
				"sectionNotes": [],
				"typeOfSection": 0,
				"gfSection": false,
				"altAnim": false,
				"mustHitSection": true,
				"changeBPM": false,
				"bpm": 160
			},
			{
				"sectionBeats": 4,
				"sectionNotes": [],
				"typeOfSection": 0,
				"gfSection": false,
				"altAnim": false,
				"mustHitSection": true,
				"changeBPM": false,
				"bpm": 180
			},
			{
				"typeOfSection": 0,
				"sectionNotes": [],
				"sectionBeats": 4,
				"altAnim": false,
				"gfSection": false,
				"bpm": 160,
				"changeBPM": false,
				"mustHitSection": true
			},
			{
				"sectionBeats": 4,
				"sectionNotes": [],
				"typeOfSection": 0,
				"gfSection": false,
				"altAnim": false,
				"mustHitSection": true,
				"changeBPM": false,
				"bpm": 124
			},
			{
				"sectionBeats": 4,
				"sectionNotes": [],
				"typeOfSection": 0,
				"gfSection": false,
				"altAnim": false,
				"mustHitSection": true,
				"changeBPM": false,
				"bpm": 124
			},
			{
				"sectionBeats": 4,
				"sectionNotes": [],
				"typeOfSection": 0,
				"gfSection": false,
				"altAnim": false,
				"mustHitSection": true,
				"changeBPM": false,
				"bpm": 124
			},
			{
				"sectionBeats": 4,
				"sectionNotes": [],
				"typeOfSection": 0,
				"gfSection": false,
				"altAnim": false,
				"mustHitSection": true,
				"changeBPM": false,
				"bpm": 124
			},
			{
				"sectionBeats": 4,
				"sectionNotes": [],
				"typeOfSection": 0,
				"gfSection": false,
				"altAnim": false,
				"mustHitSection": true,
				"changeBPM": false,
				"bpm": 124
			},
			{
				"sectionBeats": 4,
				"sectionNotes": [],
				"typeOfSection": 0,
				"gfSection": false,
				"altAnim": false,
				"mustHitSection": true,
				"changeBPM": false,
				"bpm": 124
			},
			{
				"sectionBeats": 4,
				"sectionNotes": [],
				"typeOfSection": 0,
				"gfSection": false,
				"altAnim": false,
				"mustHitSection": true,
				"changeBPM": false,
				"bpm": 124
			},
			{
				"typeOfSection": 0,
				"sectionNotes": [],
				"sectionBeats": 4,
				"altAnim": false,
				"gfSection": false,
				"bpm": 124,
				"changeBPM": false,
				"mustHitSection": true
			},
			{
				"typeOfSection": 0,
				"sectionNotes": [],
				"sectionBeats": 4,
				"altAnim": false,
				"gfSection": false,
				"bpm": 124,
				"changeBPM": false,
				"mustHitSection": true
			},
			{
				"typeOfSection": 0,
				"sectionNotes": [],
				"sectionBeats": 4,
				"altAnim": false,
				"gfSection": false,
				"bpm": 134,
				"changeBPM": false,
				"mustHitSection": true
			},
			{
				"typeOfSection": 0,
				"sectionNotes": [],
				"sectionBeats": 4,
				"altAnim": false,
				"gfSection": false,
				"bpm": 134,
				"changeBPM": false,
				"mustHitSection": true
			},
			{
				"typeOfSection": 0,
				"sectionNotes": [],
				"sectionBeats": 4,
				"altAnim": false,
				"gfSection": false,
				"bpm": 134,
				"changeBPM": false,
				"mustHitSection": true
			},
			{
				"typeOfSection": 0,
				"sectionNotes": [],
				"sectionBeats": 4,
				"altAnim": false,
				"gfSection": false,
				"bpm": 134,
				"changeBPM": false,
				"mustHitSection": true
			},
			{
				"typeOfSection": 0,
				"sectionNotes": [],
				"sectionBeats": 4,
				"altAnim": false,
				"gfSection": false,
				"bpm": 134,
				"changeBPM": false,
				"mustHitSection": true
			},
			{
				"sectionBeats": 4,
				"sectionNotes": [],
				"typeOfSection": 0,
				"gfSection": false,
				"altAnim": false,
				"mustHitSection": true,
				"changeBPM": false,
				"bpm": 134
			},
			{
				"sectionBeats": 4,
				"sectionNotes": [],
				"typeOfSection": 0,
				"gfSection": false,
				"altAnim": false,
				"mustHitSection": true,
				"changeBPM": false,
				"bpm": 134
			},
			{
				"sectionBeats": 4,
				"sectionNotes": [],
				"typeOfSection": 0,
				"gfSection": false,
				"altAnim": false,
				"mustHitSection": true,
				"changeBPM": false,
				"bpm": 134
			},
			{
				"sectionBeats": 4,
				"sectionNotes": [],
				"typeOfSection": 0,
				"gfSection": false,
				"altAnim": false,
				"mustHitSection": true,
				"changeBPM": false,
				"bpm": 134
			},
			{
				"sectionBeats": 4,
				"sectionNotes": [],
				"typeOfSection": 0,
				"gfSection": false,
				"altAnim": false,
				"mustHitSection": true,
				"changeBPM": false,
				"bpm": 134
			},
			{
				"sectionBeats": 4,
				"sectionNotes": [],
				"typeOfSection": 0,
				"gfSection": false,
				"altAnim": false,
				"mustHitSection": true,
				"changeBPM": false,
				"bpm": 134
			},
			{
				"sectionBeats": 4,
				"sectionNotes": [],
				"typeOfSection": 0,
				"gfSection": false,
				"altAnim": false,
				"mustHitSection": true,
				"changeBPM": false,
				"bpm": 134
			},
			{
				"typeOfSection": 0,
				"sectionNotes": [],
				"sectionBeats": 4,
				"altAnim": false,
				"gfSection": false,
				"bpm": 134,
				"changeBPM": false,
				"mustHitSection": true
			},
			{
				"typeOfSection": 0,
				"sectionNotes": [],
				"sectionBeats": 4,
				"altAnim": false,
				"gfSection": false,
				"bpm": 134,
				"changeBPM": false,
				"mustHitSection": true
			},
			{
				"typeOfSection": 0,
				"sectionNotes": [],
				"sectionBeats": 4,
				"altAnim": false,
				"gfSection": false,
				"bpm": 134,
				"changeBPM": false,
				"mustHitSection": true
			},
			{
				"typeOfSection": 0,
				"sectionNotes": [],
				"sectionBeats": 4,
				"altAnim": false,
				"gfSection": false,
				"bpm": 134,
				"changeBPM": false,
				"mustHitSection": true
			},
			{
				"typeOfSection": 0,
				"sectionNotes": [],
				"sectionBeats": 4,
				"altAnim": false,
				"gfSection": false,
				"bpm": 134,
				"changeBPM": false,
				"mustHitSection": true
			},
			{
				"typeOfSection": 0,
				"sectionNotes": [],
				"sectionBeats": 4,
				"altAnim": false,
				"gfSection": false,
				"bpm": 134,
				"changeBPM": false,
				"mustHitSection": true
			},
			{
				"typeOfSection": 0,
				"sectionNotes": [],
				"sectionBeats": 4,
				"altAnim": false,
				"gfSection": false,
				"bpm": 134,
				"changeBPM": false,
				"mustHitSection": true
			},
			{
				"typeOfSection": 0,
				"sectionNotes": [],
				"sectionBeats": 4,
				"altAnim": false,
				"gfSection": false,
				"bpm": 134,
				"changeBPM": false,
				"mustHitSection": true
			},
			{
				"typeOfSection": 0,
				"sectionNotes": [],
				"sectionBeats": 4,
				"altAnim": false,
				"gfSection": false,
				"bpm": 134,
				"changeBPM": false,
				"mustHitSection": true
			},
			{
				"typeOfSection": 0,
				"sectionNotes": [],
				"sectionBeats": 4,
				"altAnim": false,
				"gfSection": false,
				"bpm": 134,
				"changeBPM": false,
				"mustHitSection": true
			},
			{
				"typeOfSection": 0,
				"sectionNotes": [],
				"sectionBeats": 4,
				"altAnim": false,
				"gfSection": false,
				"bpm": 134,
				"changeBPM": false,
				"mustHitSection": true
			},
			{
				"sectionBeats": 4,
				"sectionNotes": [],
				"typeOfSection": 0,
				"gfSection": false,
				"altAnim": false,
				"mustHitSection": true,
				"changeBPM": false,
				"bpm": 134
			},
			{
				"sectionBeats": 4,
				"sectionNotes": [],
				"typeOfSection": 0,
				"gfSection": false,
				"altAnim": false,
				"mustHitSection": true,
				"changeBPM": false,
				"bpm": 134
			},
			{
				"sectionBeats": 4,
				"sectionNotes": [],
				"typeOfSection": 0,
				"gfSection": false,
				"altAnim": false,
				"mustHitSection": true,
				"changeBPM": false,
				"bpm": 134
			},
			{
				"sectionBeats": 4,
				"sectionNotes": [],
				"typeOfSection": 0,
				"gfSection": false,
				"altAnim": false,
				"mustHitSection": true,
				"changeBPM": false,
				"bpm": 134
			},
			{
				"sectionBeats": 4,
				"sectionNotes": [],
				"typeOfSection": 0,
				"gfSection": false,
				"altAnim": false,
				"mustHitSection": true,
				"changeBPM": false,
				"bpm": 134
			},
			{
				"sectionBeats": 4,
				"sectionNotes": [],
				"typeOfSection": 0,
				"gfSection": false,
				"altAnim": false,
				"mustHitSection": true,
				"changeBPM": false,
				"bpm": 134
			},
			{
				"sectionBeats": 4,
				"sectionNotes": [],
				"typeOfSection": 0,
				"gfSection": false,
				"altAnim": false,
				"mustHitSection": true,
				"changeBPM": false,
				"bpm": 134
			},
			{
				"sectionBeats": 4,
				"sectionNotes": [],
				"typeOfSection": 0,
				"gfSection": false,
				"altAnim": false,
				"mustHitSection": true,
				"changeBPM": false,
				"bpm": 134
			},
			{
				"sectionBeats": 4,
				"sectionNotes": [],
				"typeOfSection": 0,
				"gfSection": false,
				"altAnim": false,
				"mustHitSection": true,
				"changeBPM": false,
				"bpm": 134
			},
			{
				"sectionBeats": 4,
				"sectionNotes": [],
				"typeOfSection": 0,
				"gfSection": false,
				"altAnim": false,
				"mustHitSection": true,
				"changeBPM": false,
				"bpm": 134
			},
			{
				"sectionBeats": 4,
				"sectionNotes": [],
				"typeOfSection": 0,
				"gfSection": false,
				"altAnim": false,
				"mustHitSection": true,
				"changeBPM": false,
				"bpm": 134
			},
			{
				"sectionBeats": 4,
				"sectionNotes": [],
				"typeOfSection": 0,
				"gfSection": false,
				"altAnim": false,
				"mustHitSection": true,
				"changeBPM": false,
				"bpm": 134
			},
			{
				"sectionBeats": 4,
				"sectionNotes": [],
				"typeOfSection": 0,
				"gfSection": false,
				"altAnim": false,
				"mustHitSection": true,
				"changeBPM": false,
				"bpm": 134
			},
			{
				"sectionBeats": 4,
				"sectionNotes": [],
				"typeOfSection": 0,
				"gfSection": false,
				"altAnim": false,
				"mustHitSection": true,
				"changeBPM": false,
				"bpm": 134
			},
			{
				"sectionBeats": 4,
				"sectionNotes": [],
				"typeOfSection": 0,
				"gfSection": false,
				"altAnim": false,
				"mustHitSection": true,
				"changeBPM": false,
				"bpm": 134
			},
			{
				"sectionBeats": 4,
				"sectionNotes": [],
				"typeOfSection": 0,
				"gfSection": false,
				"altAnim": false,
				"mustHitSection": true,
				"changeBPM": false,
				"bpm": 134
			},
			{
				"sectionBeats": 4,
				"sectionNotes": [],
				"typeOfSection": 0,
				"gfSection": false,
				"altAnim": false,
				"mustHitSection": true,
				"changeBPM": false,
				"bpm": 134
			},
			{
				"sectionBeats": 4,
				"sectionNotes": [],
				"typeOfSection": 0,
				"gfSection": false,
				"altAnim": false,
				"mustHitSection": true,
				"changeBPM": false,
				"bpm": 134
			},
			{
				"sectionBeats": 4,
				"sectionNotes": [],
				"typeOfSection": 0,
				"gfSection": false,
				"altAnim": false,
				"mustHitSection": true,
				"changeBPM": false,
				"bpm": 134
			},
			{
				"sectionBeats": 4,
				"sectionNotes": [],
				"typeOfSection": 0,
				"gfSection": false,
				"altAnim": false,
				"mustHitSection": true,
				"changeBPM": false,
				"bpm": 134
			},
			{
				"typeOfSection": 0,
				"sectionNotes": [],
				"sectionBeats": 4,
				"altAnim": false,
				"gfSection": false,
				"bpm": 134,
				"changeBPM": false,
				"mustHitSection": true
			},
			{
				"typeOfSection": 0,
				"sectionNotes": [],
				"sectionBeats": 4,
				"altAnim": false,
				"gfSection": false,
				"bpm": 134,
				"changeBPM": false,
				"mustHitSection": true
			},
			{
				"sectionBeats": 4,
				"altAnim": false,
				"mustHitSection": true,
				"typeOfSection": 0,
				"sectionNotes": [],
				"duetSection": false,
				"gfSection": false,
				"bpm": 134,
				"changeBPM": false
			},
			{
				"sectionBeats": 4,
				"altAnim": false,
				"mustHitSection": true,
				"typeOfSection": 0,
				"sectionNotes": [],
				"duetSection": false,
				"gfSection": false,
				"changeBPM": false,
				"bpm": 134
			},
			{
				"sectionBeats": 4,
				"altAnim": false,
				"mustHitSection": true,
				"typeOfSection": 0,
				"sectionNotes": [],
				"duetSection": false,
				"gfSection": false,
				"bpm": 134,
				"changeBPM": false
			},
			{
				"sectionBeats": 4,
				"altAnim": false,
				"mustHitSection": true,
				"typeOfSection": 0,
				"sectionNotes": [],
				"duetSection": false,
				"gfSection": false,
				"bpm": 134,
				"changeBPM": false
			},
			{
				"sectionBeats": 4,
				"altAnim": false,
				"mustHitSection": true,
				"typeOfSection": 0,
				"sectionNotes": [],
				"duetSection": false,
				"gfSection": false,
				"bpm": 134,
				"changeBPM": false
			},
			{
				"sectionBeats": 4,
				"altAnim": false,
				"mustHitSection": true,
				"typeOfSection": 0,
				"sectionNotes": [],
				"duetSection": false,
				"gfSection": false,
				"bpm": 134,
				"changeBPM": false
			},
			{
				"sectionBeats": 4,
				"altAnim": false,
				"mustHitSection": true,
				"typeOfSection": 0,
				"sectionNotes": [],
				"duetSection": false,
				"gfSection": false,
				"bpm": 134,
				"changeBPM": false
			},
			{
				"sectionBeats": 4,
				"altAnim": false,
				"mustHitSection": true,
				"typeOfSection": 0,
				"sectionNotes": [],
				"duetSection": false,
				"gfSection": false,
				"bpm": 134,
				"changeBPM": false
			},
			{
				"sectionBeats": 4,
				"altAnim": false,
				"mustHitSection": true,
				"typeOfSection": 0,
				"sectionNotes": [],
				"duetSection": false,
				"gfSection": false,
				"bpm": 134,
				"changeBPM": false
			},
			{
				"sectionBeats": 4,
				"altAnim": false,
				"mustHitSection": true,
				"typeOfSection": 0,
				"sectionNotes": [],
				"duetSection": false,
				"gfSection": false,
				"bpm": 134,
				"changeBPM": false
			},
			{
				"sectionBeats": 4,
				"altAnim": false,
				"mustHitSection": true,
				"typeOfSection": 0,
				"sectionNotes": [],
				"duetSection": false,
				"gfSection": false,
				"bpm": 134,
				"changeBPM": false
			},
			{
				"sectionBeats": 4,
				"altAnim": false,
				"mustHitSection": true,
				"typeOfSection": 0,
				"sectionNotes": [],
				"duetSection": false,
				"gfSection": false,
				"bpm": 134,
				"changeBPM": false
			},
			{
				"sectionBeats": 4,
				"altAnim": false,
				"mustHitSection": true,
				"typeOfSection": 0,
				"sectionNotes": [],
				"duetSection": false,
				"gfSection": false,
				"bpm": 134,
				"changeBPM": false
			},
			{
				"sectionBeats": 4,
				"altAnim": false,
				"mustHitSection": true,
				"typeOfSection": 0,
				"sectionNotes": [],
				"duetSection": false,
				"gfSection": false,
				"bpm": 134,
				"changeBPM": false
			},
			{
				"sectionBeats": 4,
				"altAnim": false,
				"mustHitSection": true,
				"typeOfSection": 0,
				"sectionNotes": [],
				"duetSection": false,
				"gfSection": false,
				"changeBPM": false,
				"bpm": 134
			},
			{
				"sectionBeats": 4,
				"altAnim": false,
				"mustHitSection": true,
				"typeOfSection": 0,
				"sectionNotes": [],
				"duetSection": false,
				"gfSection": false,
				"changeBPM": false,
				"bpm": 134
			},
			{
				"sectionBeats": 4,
				"altAnim": false,
				"mustHitSection": true,
				"typeOfSection": 0,
				"sectionNotes": [],
				"duetSection": false,
				"gfSection": false,
				"changeBPM": false,
				"bpm": 134
			},
			{
				"sectionBeats": 4,
				"altAnim": false,
				"mustHitSection": true,
				"typeOfSection": 0,
				"sectionNotes": [],
				"duetSection": false,
				"gfSection": false,
				"changeBPM": false,
				"bpm": 134
			},
			{
				"sectionBeats": 4,
				"altAnim": false,
				"mustHitSection": true,
				"typeOfSection": 0,
				"sectionNotes": [],
				"duetSection": false,
				"gfSection": false,
				"changeBPM": false,
				"bpm": 134
			}
		],
		"gfVersion": "gf",
		"events": [
			[
				447.761194029851,
				[
					[
						"FOOB",
						"12",
						""
					]
				]
			],
			[
				39402.9850746269,
				[
					[
						"Change Character",
						"1",
						"transformation"
					],
					[
						"setEffect",
						"brightness",
						"-100"
					]
				]
			],
			[
				40634.328358209,
				[
					[
						"Play Animation",
						"cameralook",
						"transformation"
					]
				]
			],
			[
				42425.3731343284,
				[
					[
						"Play Animation",
						"wink",
						"transformation"
					]
				]
			],
			[
				42649.2537313433,
				[
					[
						"Play Animation",
						"smile",
						"transformation"
					]
				]
			],
			[
				42985.0746268657,
				[
					[
						"Move Character",
						{"main":true,"characterName":"enemy"},
						{"x":9999,"y":9999}
					],
					[
						"Move Character",
						{"main":false,"characterName":"sexysansmain"},
						{"x":0,"y":-90}
					],
					[
						"Change Singer",
						1,
						"sexysansmain"
					],
					[
						"setEffect",
						"brightness",
						"100"
					]
				]
			],
			[
				79925.3731343284,
				[
					[
						"Change Character",
						"1",
						"transformation2"
					],
					[
						"Play Animation",
						"transformation2",
						"talk"
					]
				]
			],
			[
				80932.8358208955,
				[
					[
						"",
						"",
						""
					]
				]
			],
			[
				81268.6567164179,
				[
					[
						"Play Animation",
						"smile",
						"transformation2"
					]
				]
			],
			[
				81604.4776119403,
				[
					[
						"Play Animation",
						"smile",
						"transformation2"
					]
				]
			],
			[
				81828.3582089552,
				[
					[
						"Play Animation",
						"smile",
						"transformation2"
					]
				]
			],
			[
				82164.1791044776,
				[
					[
						"Play Animation",
						"smile",
						"transformation2"
					]
				]
			],
			[
				82835.8208955224,
				[
					[
						"Play Animation",
						"smile",
						"transformation2"
					]
				]
			],
			[
				83059.7014925373,
				[
					[
						"Play Animation",
						"smile",
						"transformation2"
					]
				]
			],
			[
				83283.5820895523,
				[
					[
						"Play Animation",
						"smile",
						"transformation2"
					]
				]
			],
			[
				83619.4029850746,
				[
					[
						"Play Animation",
						"smile",
						"transformation2"
					]
				]
			],
			[
				83955.223880597,
				[
					[
						"Play Animation",
						"smile",
						"transformation2"
					]
				]
			],
			[
				84514.9253731343,
				[
					[
						"Play Animation",
						"smile",
						"transformation2"
					]
				]
			],
			[
				84738.8059701493,
				[
					[
						"Play Animation",
						"smile",
						"transformation2"
					]
				]
			],
			[
				84962.6865671642,
				[
					[
						"Play Animation",
						"smile",
						"transformation2"
					]
				]
			],
			[
				85298.5074626866,
				[
					[
						"Play Animation",
						"smile",
						"transformation2"
					]
				]
			],
			[
				85522.3880597015,
				[
					[
						"Play Animation",
						"smile",
						"transformation2"
					]
				]
			],
			[
				85746.2686567164,
				[
					[
						"Play Animation",
						"smile",
						"transformation2"
					]
				]
			],
			[
				86305.9701492538,
				[
					[
						"Play Animation",
						"smile",
						"transformation2"
					]
				]
			],
			[
				86529.8507462687,
				[
					[
						"Play Animation",
						"smile",
						"transformation2"
					]
				]
			],
			[
				86753.7313432836,
				[
					[
						"Play Animation",
						"smile",
						"transformation2"
					]
				]
			],
			[
				86977.6119402985,
				[
					[
						"Play Animation",
						"smile",
						"transformation2"
					]
				]
			],
			[
				87313.4328358209,
				[
					[
						"Play Animation",
						"smile",
						"transformation2"
					]
				]
			],
			[
				87537.3134328359,
				[
					[
						"Play Animation",
						"smile",
						"transformation2"
					]
				]
			],
			[
				87761.1940298508,
				[
					[
						"BBG BG Black",
						"40",
						""
					]
				]
			],
			[
				88097.0149253732,
				[
					[
						"Play Animation",
						"smile",
						"transformation2"
					]
				]
			],
			[
				88320.8955223881,
				[
					[
						"Play Animation",
						"smile",
						"transformation2"
					]
				]
			],
			[
				88544.776119403,
				[
					[
						"Play Animation",
						"smile",
						"transformation2"
					]
				]
			],
			[
				88880.5970149254,
				[
					[
						"Play Animation",
						"smile",
						"transformation2"
					]
				]
			],
			[
				89104.4776119403,
				[
					[
						"Play Animation",
						"smile",
						"transformation2"
					]
				]
			],
			[
				89328.3582089553,
				[
					[
						"Play Animation",
						"smile",
						"transformation2"
					]
				]
			],
			[
				89888.0597014926,
				[
					[
						"Play Animation",
						"smile",
						"transformation2"
					]
				]
			],
			[
				90111.9402985075,
				[
					[
						"Play Animation",
						"smile",
						"transformation2"
					]
				]
			],
			[
				90335.8208955224,
				[
					[
						"Play Animation",
						"smile",
						"transformation2"
					]
				]
			],
			[
				90559.7014925374,
				[
					[
						"Play Animation",
						"smile",
						"transformation2"
					]
				]
			],
			[
				90783.5820895523,
				[
					[
						"Play Animation",
						"smile",
						"transformation2"
					]
				]
			],
			[
				91007.4626865672,
				[
					[
						"Play Animation",
						"smile",
						"transformation2"
					]
				]
			],
			[
				91567.1641791045,
				[
					[
						"Play Animation",
						"smile",
						"transformation2"
					]
				]
			],
			[
				91791.0447761195,
				[
					[
						"Play Animation",
						"smile",
						"transformation2"
					]
				]
			],
			[
				92014.9253731344,
				[
					[
						"Play Animation",
						"smile",
						"transformation2"
					]
				]
			],
			[
				92238.8059701493,
				[
					[
						"Play Animation",
						"smile",
						"transformation2"
					]
				]
			],
			[
				92462.6865671642,
				[
					[
						"Play Animation",
						"smile",
						"transformation2"
					]
				]
			],
			[
				92686.5671641792,
				[
					[
						"Play Animation",
						"smile",
						"transformation2"
					]
				]
			],
			[
				92910.4477611941,
				[
					[
						"Play Animation",
						"smile",
						"transformation2"
					]
				]
			],
			[
				93358.2089552239,
				[
					[
						"Play Animation",
						"smile",
						"transformation2"
					]
				]
			],
			[
				93582.0895522389,
				[
					[
						"Play Animation",
						"smile",
						"transformation2"
					]
				]
			],
			[
				93805.9701492538,
				[
					[
						"Play Animation",
						"smile",
						"transformation2"
					]
				]
			],
			[
				94029.8507462687,
				[
					[
						"Play Animation",
						"smile",
						"transformation2"
					]
				]
			],
			[
				94253.7313432836,
				[
					[
						"Play Animation",
						"smile",
						"transformation2"
					]
				]
			],
			[
				94477.6119402986,
				[
					[
						"Play Animation",
						"smile",
						"transformation2"
					]
				]
			],
			[
				94701.4925373135,
				[
					[
						"Play Animation",
						"smile",
						"transformation2"
					]
				]
			],
			[
				95261.1940298508,
				[
					[
						"Play Animation",
						"smile",
						"transformation2"
					]
				]
			],
			[
				95373.1343283583,
				[
					[
						"Play Animation",
						"smile",
						"transformation2"
					]
				]
			],
			[
				95597.0149253732,
				[
					[
						"Play Animation",
						"smile",
						"transformation2"
					]
				]
			],
			[
				95820.8955223881,
				[
					[
						"Play Animation",
						"smile",
						"transformation2"
					]
				]
			],
			[
				96044.776119403,
				[
					[
						"Play Animation",
						"smile",
						"transformation2"
					]
				]
			],
			[
				96268.656716418,
				[
					[
						"Play Animation",
						"smile",
						"transformation2"
					]
				]
			],
			[
				96492.5373134329,
				[
					[
						"Play Animation",
						"smile",
						"transformation2"
					]
				]
			],
			[
				97164.1791044777,
				[
					[
						"Play Animation",
						"smile",
						"transformation2"
					]
				]
			],
			[
				97276.1194029851,
				[
					[
						"Play Animation",
						"smile",
						"transformation2"
					]
				]
			],
			[
				97500.0000000001,
				[
					[
						"Play Animation",
						"smile",
						"transformation2"
					]
				]
			],
			[
				97723.880597015,
				[
					[
						"Play Animation",
						"smile",
						"transformation2"
					]
				]
			],
			[
				97947.7611940299,
				[
					[
						"Play Animation",
						"smile",
						"transformation2"
					]
				]
			],
			[
				98171.6417910448,
				[
					[
						"Play Animation",
						"smile",
						"transformation2"
					]
				]
			],
			[
				98395.5223880598,
				[
					[
						"Play Animation",
						"smile",
						"transformation2"
					]
				]
			],
			[
				98955.2238805971,
				[
					[
						"Play Animation",
						"smile",
						"transformation2"
					]
				]
			],
			[
				99067.1641791045,
				[
					[
						"Play Animation",
						"smile",
						"transformation2"
					]
				]
			],
			[
				99291.0447761195,
				[
					[
						"Play Animation",
						"smile",
						"transformation2"
					]
				]
			],
			[
				99514.9253731344,
				[
					[
						"Play Animation",
						"smile",
						"transformation2"
					]
				]
			],
			[
				99738.8059701493,
				[
					[
						"Play Animation",
						"smile",
						"transformation2"
					]
				]
			],
			[
				99850.7462686568,
				[
					[
						"Play Animation",
						"smile",
						"transformation2"
					]
				]
			],
			[
				100074.626865672,
				[
					[
						"Play Animation",
						"smile",
						"transformation2"
					]
				]
			],
			[
				100522.388059702,
				[
					[
						"Play Animation",
						"smile",
						"transformation2"
					]
				]
			],
			[
				100746.268656716,
				[
					[
						"Play Animation",
						"smile",
						"transformation2"
					]
				]
			],
			[
				100970.149253731,
				[
					[
						"Play Animation",
						"smile",
						"transformation2"
					]
				]
			],
			[
				101194.029850746,
				[
					[
						"Play Animation",
						"smile",
						"transformation2"
					]
				]
			],
			[
				101305.970149254,
				[
					[
						"Play Animation",
						"smile",
						"transformation2"
					]
				]
			],
			[
				101529.850746269,
				[
					[
						"Play Animation",
						"smile",
						"transformation2"
					]
				]
			],
			[
				101753.731343284,
				[
					[
						"Play Animation",
						"smile",
						"transformation2"
					]
				]
			],
			[
				101977.611940299,
				[
					[
						"Play Animation",
						"smile",
						"transformation2"
					]
				]
			],
			[
				102313.432835821,
				[
					[
						"Play Animation",
						"smile",
						"transformation2"
					]
				]
			],
			[
				102537.313432836,
				[
					[
						"Play Animation",
						"smile",
						"transformation2"
					]
				]
			],
			[
				102761.194029851,
				[
					[
						"Play Animation",
						"smile",
						"transformation2"
					]
				]
			],
			[
				102873.134328358,
				[
					[
						"Play Animation",
						"smile",
						"transformation2"
					]
				]
			],
			[
				103097.014925373,
				[
					[
						"Play Animation",
						"smile",
						"transformation2"
					]
				]
			],
			[
				103320.895522388,
				[
					[
						"Play Animation",
						"smile",
						"transformation2"
					]
				]
			],
			[
				103544.776119403,
				[
					[
						"Play Animation",
						"smile",
						"transformation2"
					]
				]
			],
			[
				103768.656716418,
				[
					[
						"Play Animation",
						"smile",
						"transformation2"
					]
				]
			],
			[
				104216.417910448,
				[
					[
						"Play Animation",
						"smile",
						"transformation2"
					]
				]
			],
			[
				104328.358208955,
				[
					[
						"Play Animation",
						"smile",
						"transformation2"
					]
				]
			],
			[
				104552.23880597,
				[
					[
						"Play Animation",
						"smile",
						"transformation2"
					]
				]
			],
			[
				104776.119402985,
				[
					[
						"Play Animation",
						"smile",
						"transformation2"
					]
				]
			],
			[
				105000,
				[
					[
						"Play Animation",
						"smile",
						"transformation2"
					]
				]
			],
			[
				105111.940298508,
				[
					[
						"Play Animation",
						"smile",
						"transformation2"
					]
				]
			],
			[
				105335.820895522,
				[
					[
						"Play Animation",
						"smile",
						"transformation2"
					]
				]
			],
			[
				105559.701492537,
				[
					[
						"Play Animation",
						"smile",
						"transformation2"
					]
				]
			],
			[
				105895.52238806,
				[
					[
						"Play Animation",
						"smile",
						"transformation2"
					]
				]
			],
			[
				106119.402985075,
				[
					[
						"Play Animation",
						"smile",
						"transformation2"
					]
				]
			],
			[
				106343.28358209,
				[
					[
						"Play Animation",
						"smile",
						"transformation2"
					]
				]
			],
			[
				106455.223880597,
				[
					[
						"Play Animation",
						"smile",
						"transformation2"
					]
				]
			],
			[
				106679.104477612,
				[
					[
						"Play Animation",
						"smile",
						"transformation2"
					]
				]
			],
			[
				106902.985074627,
				[
					[
						"Play Animation",
						"smile",
						"transformation2"
					]
				]
			],
			[
				107238.805970149,
				[
					[
						"Play Animation",
						"smile",
						"transformation2"
					]
				]
			],
			[
				107350.746268657,
				[
					[
						"Play Animation",
						"walk",
						"transformation2"
					],
					[
						"Zoom Camera",
						"0.83",
						"6"
					]
				]
			],
			[
				107574.626865672,
				[
					[
						"Zoom Camera",
						"0.86",
						"6"
					]
				]
			],
			[
				108022.388059702,
				[
					[
						"Zoom Camera",
						"0.89",
						"6"
					]
				]
			],
			[
				108246.268656717,
				[
					[
						"Zoom Camera",
						"",
						"1"
					]
				]
			],
			[
				108358.208955224,
				[
					[
						"Flash",
						"1",
						""
					],
					[
						"Move Character",
						{"main":false,"characterName":"sexysansmain"},
						{"x":9999,"y":9999}
					],
					[
						"Move Character",
						{"main":false,"characterName":"phase3"},
						{"x":-15,"y":-90}
					],
					[
						"Move Character",
						{"main":true,"characterName":"player"},
						{"x":0,"y":0}
					],
					[
						"Move Character",
						{"main":false,"characterName":"blackoilymen"},
						{"x":0,"y":0}
					],
					[
						"Change Singer",
						1,
						"phase3"
					]
				]
			],
			[
				108805.970149254,
				[
					[
						"Play Animation",
						"laugh",
						"phase3"
					]
				]
			],
			[
				126828.358208955,
				[
					[
						"Play Animation",
						"laugh",
						"phase3"
					]
				]
			],
			[
				130746.268656717,
				[
					[
						"Play Animation",
						"laugh",
						"phase3"
					]
				]
			],
			[
				131194.029850746,
				[
					[
						"Play Animation",
						"laugh",
						"phase3"
					]
				]
			],
			[
				131641.791044776,
				[
					[
						"Play Animation",
						"laugh",
						"phase3"
					]
				]
			],
			[
				136567.164179105,
				[
					[
						"Play Animation",
						"laugh",
						"phase3"
					]
				]
			],
			[
				137910.447761194,
				[
					[
						"Play Animation",
						"laugh",
						"phase3"
					]
				]
			],
			[
				138358.208955224,
				[
					[
						"Play Animation",
						"laugh",
						"phase3"
					]
				]
			],
			[
				138805.970149254,
				[
					[
						"Play Animation",
						"laugh",
						"phase3"
					]
				]
			],
			[
				139253.731343284,
				[
					[
						"Play Animation",
						"laugh",
						"phase3"
					]
				]
			],
			[
				139701.492537314,
				[
					[
						"Play Animation",
						"laugh",
						"phase3"
					]
				]
			],
			[
				140149.253731343,
				[
					[
						"Play Animation",
						"laugh",
						"phase3"
					]
				]
			],
			[
				140261.194029851,
				[
					[
						"Play Animation",
						"laugh",
						"phase3"
					]
				]
			],
			[
				140485.074626866,
				[
					[
						"Play Animation",
						"kiss",
						"phase3"
					]
				]
			],
			[
				140597.014925373,
				[
					[
						"Play Animation",
						"kiss",
						"phase3"
					]
				]
			],
			[
				140708.955223881,
				[
					[
						"Play Animation",
						"kiss",
						"phase3"
					]
				]
			],
			[
				141044.776119403,
				[
					[
						"Play Animation",
						"smile",
						"phase3"
					]
				]
			],
			[
				141156.716417911,
				[
					[
						"Play Animation",
						"smile",
						"phase3"
					]
				]
			],
			[
				141268.656716418,
				[
					[
						"Play Animation",
						"smile",
						"phase3"
					]
				]
			],
			[
				141492.537313433,
				[
					[
						"Play Animation",
						"smile",
						"phase3"
					]
				]
			],
			[
				141716.417910448,
				[
					[
						"Play Animation",
						"smile",
						"phase3"
					]
				]
			],
			[
				141940.298507463,
				[
					[
						"Play Animation",
						"smile",
						"phase3"
					]
				]
			],
			[
				142164.179104478,
				[
					[
						"Play Animation",
						"smile",
						"phase3"
					]
				]
			],
			[
				142388.059701493,
				[
					[
						"Play Animation",
						"smile",
						"phase3"
					]
				]
			],
			[
				142611.940298508,
				[
					[
						"Play Animation",
						"smile",
						"phase3"
					]
				]
			],
			[
				142835.820895523,
				[
					[
						"Play Animation",
						"smile",
						"phase3"
					]
				]
			],
			[
				143059.701492537,
				[
					[
						"Play Animation",
						"smile",
						"phase3"
					]
				]
			],
			[
				143283.582089552,
				[
					[
						"Play Animation",
						"smile",
						"phase3"
					]
				]
			],
			[
				143507.462686567,
				[
					[
						"Play Animation",
						"smile",
						"phase3"
					]
				]
			],
			[
				143731.343283582,
				[
					[
						"Play Animation",
						"smile",
						"phase3"
					]
				]
			],
			[
				143955.223880597,
				[
					[
						"Play Animation",
						"smile",
						"phase3"
					]
				]
			],
			[
				144179.104477612,
				[
					[
						"Play Animation",
						"smile",
						"phase3"
					]
				]
			],
			[
				144402.985074627,
				[
					[
						"Play Animation",
						"smile",
						"phase3"
					]
				]
			],
			[
				144626.865671642,
				[
					[
						"Play Animation",
						"smile",
						"phase3"
					]
				]
			],
			[
				144850.746268657,
				[
					[
						"Play Animation",
						"smile",
						"phase3"
					]
				]
			]
		],
		"player3": null,
		"gameOverType": "none",
		"splashSkin": "",
		"song": "BBG",
		"validScore": true,
		"needsVoices": true,
		"stage": "sexy",
		"arrowSkin": "",
		"speed": 3,
		"bpm": 134
	}
}