{
	"song": {
		"sectionLengths": [],
		"player1": "minimum_bf",
		"events": [
			[
				0,
				[
					[
						"Camera Follow Pos",
						"670s",
						"430"
					]
				]
			],
			[
				9896.90721649484,
				[
					[
						"Add Camera Zoom",
						"0.5",
						""
					]
				]
			],
			[
				14845.3608247423,
				[
					[
						"Add Camera Zoom",
						"0.5",
						""
					]
				]
			],
			[
				15773.1958762887,
				[
					[
						"Add Camera Zoom",
						"0.5",
						""
					]
				]
			],
			[
				16701.0309278351,
				[
					[
						"Add Camera Zoom",
						"0.5",
						""
					]
				]
			],
			[
				19793.8144329897,
				[
					[
						"Add Camera Zoom",
						"0.5",
						""
					]
				]
			],
			[
				20721.6494845361,
				[
					[
						"Add Camera Zoom",
						"0.5",
						""
					]
				]
			],
			[
				22268.0412371134,
				[
					[
						"Add Camera Zoom",
						"0.5",
						""
					]
				]
			],
			[
				23195.8762886598,
				[
					[
						"Add Camera Zoom",
						"0.5",
						""
					]
				]
			],
			[
				24742.2680412371,
				[
					[
						"Add Camera Zoom",
						"0.5",
						""
					]
				]
			],
			[
				34639.175257732,
				[
					[
						"Add Camera Zoom",
						"0.51",
						""
					]
				]
			],
			[
				44536.0824742268,
				[
					[
						"Add Camera Zoom",
						"0.5",
						""
					]
				]
			],
			[
				45463.9175257732,
				[
					[
						"Add Camera Zoom",
						"0.5",
						""
					]
				]
			],
			[
				46391.7525773196,
				[
					[
						"Add Camera Zoom",
						"0.5",
						""
					]
				]
			],
			[
				49484.5360824742,
				[
					[
						"Add Camera Zoom",
						"0.5",
						""
					]
				]
			],
			[
				50412.3711340206,
				[
					[
						"Add Camera Zoom",
						"0.5",
						""
					]
				]
			],
			[
				51958.7628865979,
				[
					[
						"Add Camera Zoom",
						"0.5",
						""
					]
				]
			],
			[
				52886.5979381443,
				[
					[
						"Add Camera Zoom",
						"0.5",
						""
					]
				]
			],
			[
				54432.9896907216,
				[
					[
						"Add Camera Zoom",
						"0.09",
						"0"
					],
					[
						"Camera Follow Pos",
						"530",
						"380"
					],
					[
						"game_zoom",
						"2.8",
						"7.8"
					]
				]
			]
		],
		"gfVersion": "gf_JUICY",
		"notes": [
			{
				"sectionNotes": [],
				"lengthInSteps": 16,
				"typeOfSection": 0,
				"mustHitSection": false
			},
			{
				"sectionNotes": [
					[
						4175.25773195876,
						0,
						0
					],
					[
						4329.89690721649,
						3,
						0
					],
					[
						4484.53608247423,
						0,
						0
					],
					[
						4639.17525773196,
						3,
						0
					]
				],
				"lengthInSteps": 16,
				"typeOfSection": 0,
				"mustHitSection": false
			},
			{
				"sectionNotes": [
					[
						4948.45360824742,
						2,
						154.639175257732
					],
					[
						5412.37113402062,
						0,
						0
					],
					[
						5567.01030927835,
						1,
						154.639175257732
					],
					[
						6185.56701030928,
						1,
						154.639175257732
					],
					[
						6030.92783505155,
						0,
						0
					],
					[
						6649.48453608247,
						3,
						0
					],
					[
						6804.12371134021,
						2,
						0
					],
					[
						6958.76288659794,
						3,
						0
					],
					[
						7113.40206185567,
						0,
						0
					],
					[
						7268.0412371134,
						1,
						0
					]
				],
				"lengthInSteps": 16,
				"typeOfSection": 0,
				"mustHitSection": false
			},
			{
				"sectionNotes": [
					[
						7577.31958762887,
						3,
						0
					],
					[
						7731.9587628866,
						2,
						0
					],
					[
						7886.59793814433,
						1,
						0
					],
					[
						8041.23711340206,
						3,
						0
					],
					[
						8195.87628865979,
						2,
						0
					],
					[
						8350.51546391753,
						3,
						0
					],
					[
						8505.15463917526,
						0,
						0
					],
					[
						8659.79381443299,
						1,
						0
					],
					[
						9587.62886597938,
						5,
						0
					],
					[
						9742.26804123711,
						6,
						0
					],
					[
						9123.71134020619,
						6,
						0
					],
					[
						9432.98969072165,
						6,
						0
					],
					[
						9278.35051546392,
						4,
						0
					],
					[
						8659.79381443299,
						3,
						0
					]
				],
				"lengthInSteps": 16,
				"typeOfSection": 0,
				"mustHitSection": false
			},
			{
				"sectionNotes": [
					[
						9896.90721649484,
						3,
						309.278350515464
					],
					[
						10360.824742268,
						2,
						0
					],
					[
						10515.4639175258,
						1,
						309.278350515464
					],
					[
						11134.0206185567,
						0,
						0
					],
					[
						10979.381443299,
						2,
						0
					],
					[
						11597.9381443299,
						2,
						0
					],
					[
						11752.5773195876,
						0,
						0
					],
					[
						11907.2164948454,
						2,
						0
					],
					[
						12061.8556701031,
						1,
						0
					],
					[
						12216.4948453608,
						2,
						0
					]
				],
				"lengthInSteps": 16,
				"typeOfSection": 0,
				"mustHitSection": true
			},
			{
				"sectionNotes": [
					[
						12371.1340206186,
						3,
						309.278350515464
					],
					[
						12835.0515463918,
						2,
						0
					],
					[
						12989.6907216495,
						1,
						309.278350515464
					],
					[
						13608.2474226804,
						0,
						0
					],
					[
						13453.6082474227,
						2,
						0
					],
					[
						13762.8865979381,
						4,
						0
					],
					[
						13917.5257731959,
						6,
						0
					],
					[
						14072.1649484536,
						7,
						0
					],
					[
						14226.8041237113,
						4,
						0
					],
					[
						14381.4432989691,
						6,
						0
					],
					[
						14536.0824742268,
						4,
						154.639175257732
					]
				],
				"lengthInSteps": 16,
				"typeOfSection": 0,
				"mustHitSection": true
			},
			{
				"sectionNotes": [
					[
						15154.6391752577,
						0,
						0
					],
					[
						15309.2783505155,
						0,
						0
					],
					[
						16391.7525773196,
						2,
						0
					],
					[
						16546.3917525773,
						3,
						0
					],
					[
						17010.3092783505,
						0,
						0
					],
					[
						17164.9484536082,
						0,
						0
					],
					[
						15463.9175257732,
						1,
						154.639175257732
					],
					[
						15773.1958762887,
						3,
						154.639175257732
					],
					[
						14845.3608247423,
						1,
						154.639175257732
					],
					[
						15773.1958762887,
						2,
						0
					],
					[
						16701.0309278351,
						0,
						0
					],
					[
						16701.0309278351,
						1,
						0
					],
					[
						16855.6701030928,
						2,
						0
					],
					[
						14845.3608247423,
						2,
						0
					]
				],
				"lengthInSteps": 16,
				"typeOfSection": 0,
				"mustHitSection": false
			},
			{
				"sectionNotes": [
					[
						17628.8659793814,
						1,
						0
					],
					[
						17783.5051546392,
						0,
						0
					],
					[
						17938.1443298969,
						2,
						154.639175257732
					],
					[
						18247.4226804124,
						3,
						154.639175257732
					],
					[
						18711.3402061856,
						7,
						0
					],
					[
						18865.9793814433,
						7,
						0
					],
					[
						19020.618556701,
						5,
						0
					],
					[
						19175.2577319588,
						5,
						0
					],
					[
						19329.8969072165,
						6,
						0
					],
					[
						19484.5360824742,
						5,
						0
					],
					[
						19639.175257732,
						4,
						0
					],
					[
						17319.587628866,
						1,
						154.639175257732
					]
				],
				"lengthInSteps": 16,
				"typeOfSection": 0,
				"mustHitSection": false
			},
			{
				"sectionNotes": [
					[
						19793.8144329897,
						1,
						154.639175257732
					],
					[
						20103.0927835052,
						1,
						0
					],
					[
						20257.7319587629,
						0,
						0
					],
					[
						20412.3711340206,
						1,
						154.639175257732
					],
					[
						21185.5670103093,
						0,
						0
					],
					[
						21340.206185567,
						3,
						0
					],
					[
						21494.8453608247,
						2,
						0
					],
					[
						21804.1237113402,
						1,
						0
					],
					[
						21958.7628865979,
						1,
						0
					],
					[
						22113.4020618557,
						2,
						154.639175257732
					],
					[
						20721.6494845361,
						2,
						154.639175257732
					],
					[
						20721.6494845361,
						3,
						0
					],
					[
						19793.8144329897,
						2,
						0
					]
				],
				"lengthInSteps": 16,
				"typeOfSection": 0,
				"mustHitSection": true
			},
			{
				"sectionNotes": [
					[
						22422.6804123711,
						2,
						0
					],
					[
						22577.3195876289,
						1,
						0
					],
					[
						22731.9587628866,
						0,
						0
					],
					[
						23659.793814433,
						7,
						0
					],
					[
						23814.4329896907,
						4,
						0
					],
					[
						23969.0721649485,
						7,
						0
					],
					[
						24123.7113402062,
						6,
						0
					],
					[
						24278.3505154639,
						7,
						0
					],
					[
						24432.9896907216,
						5,
						0
					],
					[
						24587.6288659794,
						4,
						0
					],
					[
						23195.8762886598,
						0,
						0
					],
					[
						23195.8762886598,
						1,
						0
					],
					[
						22886.5979381443,
						3,
						154.639175257732
					],
					[
						22847.9381443299,
						2,
						0
					]
				],
				"lengthInSteps": 16,
				"typeOfSection": 0,
				"mustHitSection": true
			},
			{
				"sectionNotes": [
					[
						24742.2680412371,
						1,
						0
					],
					[
						24896.9072164948,
						2,
						0
					],
					[
						25670.1030927835,
						0,
						154.639175257732
					],
					[
						25051.5463917526,
						0,
						154.639175257732
					],
					[
						25360.824742268,
						1,
						154.639175257732
					],
					[
						26597.9381443299,
						1,
						0
					],
					[
						26752.5773195876,
						0,
						0
					],
					[
						26907.2164948454,
						3,
						0
					],
					[
						27061.8556701031,
						2,
						0
					]
				],
				"lengthInSteps": 16,
				"typeOfSection": 0,
				"mustHitSection": false
			},
			{
				"sectionNotes": [
					[
						27525.7731958763,
						1,
						0
					],
					[
						27680.412371134,
						0,
						0
					],
					[
						27835.0515463918,
						1,
						154.639175257732
					],
					[
						28144.3298969072,
						2,
						154.639175257732
					],
					[
						27216.4948453608,
						0,
						0
					],
					[
						27371.1340206186,
						3,
						0
					],
					[
						28762.8865979381,
						4,
						0
					],
					[
						28917.5257731959,
						4,
						0
					],
					[
						29072.1649484536,
						6,
						0
					],
					[
						29226.8041237113,
						6,
						0
					],
					[
						29381.4432989691,
						5,
						0
					],
					[
						29536.0824742268,
						6,
						0
					]
				],
				"lengthInSteps": 16,
				"typeOfSection": 0,
				"mustHitSection": false
			},
			{
				"sectionNotes": [
					[
						29690.7216494845,
						1,
						154.639175257732
					],
					[
						30000,
						2,
						0
					],
					[
						30154.6391752577,
						0,
						0
					],
					[
						30309.2783505155,
						1,
						154.639175257732
					],
					[
						30618.5567010309,
						2,
						154.639175257732
					],
					[
						31237.1134020619,
						1,
						0
					],
					[
						31391.7525773196,
						2,
						0
					],
					[
						31546.3917525773,
						1,
						0
					],
					[
						31701.0309278351,
						1,
						0
					],
					[
						32010.3092783505,
						2,
						0
					],
					[
						31855.6701030928,
						0,
						0
					],
					[
						31082.4742268041,
						0,
						0
					]
				],
				"lengthInSteps": 16,
				"typeOfSection": 0,
				"mustHitSection": true
			},
			{
				"sectionNotes": [
					[
						32164.9484536082,
						0,
						154.639175257732
					],
					[
						32474.2268041237,
						2,
						0
					],
					[
						32628.8659793814,
						1,
						0
					],
					[
						32783.5051546392,
						2,
						0
					],
					[
						32938.1443298969,
						0,
						0
					],
					[
						33092.7835051546,
						1,
						0
					],
					[
						33556.7010309278,
						7,
						0
					],
					[
						33711.3402061856,
						4,
						0
					],
					[
						33865.9793814433,
						7,
						0
					],
					[
						34329.8969072165,
						7,
						0
					],
					[
						34020.618556701,
						6,
						0
					],
					[
						34175.2577319588,
						4,
						0
					],
					[
						34484.5360824742,
						6,
						0
					]
				],
				"lengthInSteps": 16,
				"typeOfSection": 0,
				"mustHitSection": true
			},
			{
				"sectionNotes": [
					[
						34639.175257732,
						1,
						154.639175257732
					],
					[
						34948.4536082474,
						2,
						0
					],
					[
						35103.0927835052,
						1,
						0
					],
					[
						35257.7319587629,
						1,
						0
					],
					[
						35412.3711340206,
						0,
						0
					],
					[
						35567.0103092783,
						3,
						154.639175257732
					],
					[
						36185.5670103093,
						2,
						0
					],
					[
						36340.206185567,
						0,
						0
					],
					[
						36494.8453608247,
						2,
						0
					],
					[
						36649.4845360825,
						3,
						0
					],
					[
						36804.1237113402,
						0,
						0
					],
					[
						36958.7628865979,
						2,
						0
					],
					[
						35876.2886597938,
						0,
						154.639175257732
					]
				],
				"lengthInSteps": 16,
				"typeOfSection": 0,
				"mustHitSection": false
			},
			{
				"sectionNotes": [
					[
						37113.4020618557,
						1,
						0
					],
					[
						37268.0412371134,
						0,
						0
					],
					[
						37422.6804123711,
						1,
						0
					],
					[
						37731.9587628866,
						1,
						0
					],
					[
						37577.3195876289,
						2,
						0
					],
					[
						37886.5979381443,
						0,
						0
					],
					[
						38041.2371134021,
						3,
						154.639175257732
					],
					[
						38350.5154639175,
						0,
						154.639175257732
					],
					[
						38659.793814433,
						4,
						0
					],
					[
						38969.0721649485,
						4,
						0
					],
					[
						38814.4329896907,
						6,
						0
					],
					[
						39123.7113402062,
						7,
						0
					],
					[
						39278.3505154639,
						5,
						0
					],
					[
						39432.9896907216,
						6,
						0
					]
				],
				"lengthInSteps": 16,
				"typeOfSection": 0,
				"mustHitSection": false
			},
			{
				"sectionNotes": [
					[
						39742.2680412371,
						1,
						0
					],
					[
						40206.1855670103,
						1,
						0
					],
					[
						39896.9072164948,
						1,
						0
					],
					[
						40051.5463917526,
						2,
						0
					],
					[
						40360.824742268,
						0,
						0
					],
					[
						40515.4639175258,
						1,
						154.639175257732
					],
					[
						40824.7422680412,
						2,
						154.639175257732
					],
					[
						41288.6597938144,
						1,
						0
					],
					[
						41443.2989690722,
						2,
						0
					],
					[
						41597.9381443299,
						1,
						0
					],
					[
						41752.5773195876,
						0,
						0
					],
					[
						41907.2164948454,
						2,
						0
					],
					[
						39587.6288659794,
						3,
						0
					]
				],
				"lengthInSteps": 16,
				"typeOfSection": 0,
				"mustHitSection": true
			},
			{
				"sectionNotes": [
					[
						42061.8556701031,
						1,
						154.639175257732
					],
					[
						42680.412371134,
						1,
						0
					],
					[
						42835.0515463917,
						2,
						0
					],
					[
						42989.6907216495,
						0,
						154.639175257732
					],
					[
						43298.9690721649,
						1,
						154.639175257732
					],
					[
						43762.8865979381,
						0,
						0
					],
					[
						43917.5257731959,
						3,
						0
					],
					[
						44072.1649484536,
						0,
						0
					],
					[
						44226.8041237113,
						2,
						0
					],
					[
						43762.8865979381,
						7,
						0
					],
					[
						43917.5257731959,
						4,
						0
					],
					[
						44072.1649484536,
						7,
						0
					],
					[
						44226.8041237113,
						6,
						0
					],
					[
						42525.7731958763,
						3,
						0
					],
					[
						42603.0927835052,
						2,
						0
					],
					[
						44381.4432989691,
						4,
						0
					],
					[
						44381.4432989691,
						3,
						0
					]
				],
				"lengthInSteps": 16,
				"typeOfSection": 0,
				"mustHitSection": true
			},
			{
				"sectionNotes": [
					[
						45000,
						4,
						0
					],
					[
						45154.6391752577,
						7,
						0
					],
					[
						45309.2783505155,
						4,
						0
					],
					[
						45463.9175257732,
						6,
						154.639175257732
					],
					[
						44536.0824742268,
						5,
						154.639175257732
					],
					[
						45773.1958762887,
						5,
						154.639175257732
					],
					[
						46082.4742268041,
						4,
						0
					],
					[
						46546.3917525773,
						5,
						0
					],
					[
						46701.030927835,
						4,
						0
					],
					[
						46855.6701030928,
						6,
						0
					],
					[
						44536.0824742268,
						1,
						154.639175257732
					],
					[
						46855.6701030928,
						2,
						0
					],
					[
						45000,
						3,
						0
					],
					[
						45154.6391752577,
						0,
						0
					],
					[
						45309.2783505155,
						3,
						0
					],
					[
						46082.4742268041,
						3,
						0
					],
					[
						46701.030927835,
						3,
						0
					],
					[
						45463.9175257732,
						7,
						0
					],
					[
						45463.9175257732,
						0,
						0
					],
					[
						44536.0824742268,
						2,
						0
					],
					[
						44536.0824742268,
						6,
						0
					],
					[
						45463.9175257732,
						1,
						154.639175257732
					],
					[
						45773.1958762887,
						2,
						154.639175257732
					],
					[
						46391.7525773196,
						6,
						0
					],
					[
						46391.7525773196,
						7,
						0
					],
					[
						46391.7525773196,
						0,
						0
					],
					[
						46391.7525773196,
						1,
						0
					],
					[
						46546.3917525773,
						2,
						0
					]
				],
				"lengthInSteps": 16,
				"typeOfSection": 0,
				"mustHitSection": false
			},
			{
				"sectionNotes": [
					[
						47010.3092783505,
						4,
						0
					],
					[
						47164.9484536082,
						6,
						0
					],
					[
						47319.587628866,
						5,
						0
					],
					[
						47474.2268041237,
						6,
						0
					],
					[
						47628.8659793814,
						5,
						0
					],
					[
						47783.5051546392,
						4,
						0
					],
					[
						47938.1443298969,
						5,
						154.639175257732
					],
					[
						48247.4226804124,
						6,
						154.639175257732
					],
					[
						48556.7010309278,
						4,
						0
					],
					[
						48711.3402061856,
						7,
						0
					],
					[
						48865.9793814433,
						6,
						0
					],
					[
						47164.9484536082,
						2,
						0
					],
					[
						47319.587628866,
						1,
						0
					],
					[
						47474.2268041237,
						2,
						0
					],
					[
						47628.8659793814,
						1,
						0
					],
					[
						47938.1443298969,
						1,
						154.639175257732
					],
					[
						48247.4226804124,
						2,
						154.639175257732
					],
					[
						48865.9793814433,
						2,
						0
					],
					[
						47010.3092783505,
						3,
						0
					],
					[
						47783.5051546392,
						3,
						0
					],
					[
						48556.7010309278,
						3,
						0
					],
					[
						48711.3402061856,
						0,
						0
					],
					[
						49020.618556701,
						4,
						0
					],
					[
						49020.618556701,
						0,
						0
					],
					[
						49175.2577319588,
						2,
						0
					],
					[
						49175.2577319588,
						6,
						0
					],
					[
						49329.8969072165,
						2,
						0
					],
					[
						49329.8969072165,
						6,
						0
					]
				],
				"lengthInSteps": 16,
				"typeOfSection": 0,
				"mustHitSection": false
			},
			{
				"sectionNotes": [
					[
						49484.5360824742,
						3,
						154.639175257732
					],
					[
						49793.8144329897,
						1,
						0
					],
					[
						49948.4536082474,
						2,
						0
					],
					[
						50103.0927835052,
						1,
						0
					],
					[
						50257.7319587629,
						0,
						0
					],
					[
						50412.3711340206,
						1,
						154.639175257732
					],
					[
						50721.6494845361,
						2,
						154.639175257732
					],
					[
						51185.5670103093,
						1,
						0
					],
					[
						51340.206185567,
						2,
						0
					],
					[
						51494.8453608247,
						1,
						0
					],
					[
						51649.4845360825,
						0,
						0
					],
					[
						51804.1237113402,
						2,
						0
					],
					[
						49793.8144329897,
						5,
						0
					],
					[
						49948.4536082474,
						6,
						0
					],
					[
						50103.0927835052,
						5,
						0
					],
					[
						50412.3711340206,
						5,
						154.639175257732
					],
					[
						50721.6494845361,
						6,
						154.639175257732
					],
					[
						51185.5670103093,
						5,
						0
					],
					[
						51340.206185567,
						6,
						0
					],
					[
						51494.8453608247,
						5,
						0
					],
					[
						51804.1237113402,
						6,
						0
					],
					[
						49484.5360824742,
						4,
						154.639175257732
					],
					[
						50257.7319587629,
						7,
						0
					],
					[
						51649.4845360825,
						7,
						0
					],
					[
						49484.5360824742,
						0,
						0
					],
					[
						49484.5360824742,
						7,
						0
					],
					[
						50412.3711340206,
						2,
						0
					],
					[
						50412.3711340206,
						6,
						0
					]
				],
				"lengthInSteps": 16,
				"typeOfSection": 0,
				"mustHitSection": true
			},
			{
				"sectionNotes": [
					[
						51958.7628865979,
						5,
						0
					],
					[
						51958.7628865979,
						1,
						0
					],
					[
						51958.7628865979,
						4,
						0
					],
					[
						51958.7628865979,
						0,
						0
					],
					[
						52886.5979381443,
						1,
						0
					],
					[
						52731.9587628866,
						2,
						0
					],
					[
						52422.6804123711,
						7,
						0
					],
					[
						52500,
						4,
						0
					],
					[
						52577.3195876289,
						7,
						0
					],
					[
						52731.9587628866,
						6,
						0
					],
					[
						52886.5979381443,
						5,
						0
					],
					[
						52886.5979381443,
						0,
						154.639175257732
					],
					[
						52886.5979381443,
						4,
						154.639175257732
					],
					[
						53195.8762886598,
						1,
						154.639175257732
					],
					[
						53195.8762886598,
						5,
						154.639175257732
					],
					[
						52422.6804123711,
						3,
						0
					],
					[
						52500,
						0,
						0
					],
					[
						52577.3195876289,
						3,
						0
					]
				],
				"lengthInSteps": 16,
				"typeOfSection": 0,
				"mustHitSection": true
			},
			{
				"sectionNotes": [],
				"lengthInSteps": 16,
				"typeOfSection": 0,
				"mustHitSection": true
			},
			{
				"sectionNotes": [],
				"lengthInSteps": 16,
				"typeOfSection": 0,
				"mustHitSection": false
			},
			{
				"sectionNotes": [],
				"lengthInSteps": 16,
				"typeOfSection": 0,
				"mustHitSection": true
			},
			{
				"sectionNotes": [],
				"lengthInSteps": 16,
				"typeOfSection": 0,
				"mustHitSection": false
			},
			{
				"sectionNotes": [],
				"lengthInSteps": 16,
				"typeOfSection": 0,
				"mustHitSection": true
			},
			{
				"sectionNotes": [],
				"lengthInSteps": 16,
				"typeOfSection": 0,
				"mustHitSection": true
			},
			{
				"sectionNotes": [],
				"lengthInSteps": 16,
				"typeOfSection": 0,
				"mustHitSection": false
			},
			{
				"sectionNotes": [],
				"lengthInSteps": 16,
				"typeOfSection": 0,
				"mustHitSection": false
			},
			{
				"sectionNotes": [],
				"lengthInSteps": 16,
				"typeOfSection": 0,
				"mustHitSection": true
			},
			{
				"sectionNotes": [],
				"lengthInSteps": 16,
				"typeOfSection": 0,
				"mustHitSection": true
			},
			{
				"sectionNotes": [],
				"lengthInSteps": 16,
				"typeOfSection": 0,
				"mustHitSection": false
			},
			{
				"sectionNotes": [],
				"lengthInSteps": 16,
				"typeOfSection": 0,
				"mustHitSection": false
			},
			{
				"sectionNotes": [],
				"lengthInSteps": 16,
				"typeOfSection": 0,
				"mustHitSection": false
			},
			{
				"sectionNotes": [],
				"lengthInSteps": 16,
				"typeOfSection": 0,
				"mustHitSection": false
			},
			{
				"sectionNotes": [],
				"lengthInSteps": 16,
				"typeOfSection": 0,
				"mustHitSection": false
			},
			{
				"sectionNotes": [],
				"lengthInSteps": 16,
				"typeOfSection": 0,
				"mustHitSection": false
			},
			{
				"sectionNotes": [],
				"lengthInSteps": 16,
				"typeOfSection": 0,
				"mustHitSection": true
			},
			{
				"sectionNotes": [],
				"lengthInSteps": 16,
				"typeOfSection": 0,
				"mustHitSection": true
			},
			{
				"sectionNotes": [],
				"lengthInSteps": 16,
				"typeOfSection": 0,
				"mustHitSection": true
			},
			{
				"sectionNotes": [],
				"lengthInSteps": 16,
				"typeOfSection": 0,
				"mustHitSection": true
			},
			{
				"typeOfSection": 0,
				"sectionNotes": [],
				"lengthInSteps": 16,
				"bpm": 120,
				"changeBPM": false,
				"mustHitSection": false
			},
			{
				"lengthInSteps": 16,
				"typeOfSection": 0,
				"sectionNotes": [],
				"altAnim": false,
				"bpm": 120,
				"changeBPM": false,
				"mustHitSection": false
			},
			{
				"lengthInSteps": 16,
				"typeOfSection": 0,
				"sectionNotes": [],
				"altAnim": false,
				"bpm": 120,
				"changeBPM": false,
				"mustHitSection": false
			},
			{
				"lengthInSteps": 16,
				"typeOfSection": 0,
				"sectionNotes": [],
				"altAnim": false,
				"bpm": 120,
				"changeBPM": false,
				"mustHitSection": true
			},
			{
				"lengthInSteps": 16,
				"typeOfSection": 0,
				"sectionNotes": [],
				"altAnim": false,
				"bpm": 120,
				"changeBPM": false,
				"mustHitSection": true
			},
			{
				"lengthInSteps": 16,
				"typeOfSection": 0,
				"sectionNotes": [],
				"altAnim": false,
				"bpm": 120,
				"changeBPM": false,
				"mustHitSection": false
			},
			{
				"lengthInSteps": 16,
				"typeOfSection": 0,
				"sectionNotes": [],
				"altAnim": false,
				"bpm": 120,
				"changeBPM": false,
				"mustHitSection": true
			},
			{
				"lengthInSteps": 16,
				"typeOfSection": 0,
				"sectionNotes": [],
				"altAnim": false,
				"bpm": 120,
				"changeBPM": false,
				"mustHitSection": false
			},
			{
				"lengthInSteps": 16,
				"typeOfSection": 0,
				"sectionNotes": [],
				"altAnim": false,
				"bpm": 120,
				"changeBPM": false,
				"mustHitSection": false
			},
			{
				"lengthInSteps": 16,
				"typeOfSection": 0,
				"sectionNotes": [],
				"altAnim": false,
				"bpm": 120,
				"changeBPM": false,
				"mustHitSection": true
			},
			{
				"lengthInSteps": 16,
				"typeOfSection": 0,
				"sectionNotes": [],
				"altAnim": false,
				"bpm": 120,
				"changeBPM": false,
				"mustHitSection": false
			},
			{
				"lengthInSteps": 16,
				"typeOfSection": 0,
				"sectionNotes": [],
				"altAnim": false,
				"bpm": 120,
				"changeBPM": false,
				"mustHitSection": true
			},
			{
				"lengthInSteps": 16,
				"typeOfSection": 0,
				"sectionNotes": [],
				"altAnim": false,
				"bpm": 120,
				"changeBPM": false,
				"mustHitSection": false
			},
			{
				"lengthInSteps": 16,
				"typeOfSection": 0,
				"sectionNotes": [],
				"altAnim": false,
				"bpm": 120,
				"changeBPM": false,
				"mustHitSection": false
			},
			{
				"lengthInSteps": 16,
				"typeOfSection": 0,
				"sectionNotes": [],
				"altAnim": false,
				"bpm": 120,
				"changeBPM": false,
				"mustHitSection": false
			},
			{
				"lengthInSteps": 16,
				"typeOfSection": 0,
				"sectionNotes": [],
				"altAnim": false,
				"bpm": 120,
				"changeBPM": false,
				"mustHitSection": true
			},
			{
				"lengthInSteps": 16,
				"typeOfSection": 0,
				"sectionNotes": [],
				"altAnim": false,
				"bpm": 120,
				"changeBPM": false,
				"mustHitSection": true
			},
			{
				"lengthInSteps": 16,
				"typeOfSection": 0,
				"sectionNotes": [],
				"altAnim": false,
				"bpm": 120,
				"changeBPM": false,
				"mustHitSection": true
			},
			{
				"lengthInSteps": 16,
				"typeOfSection": 0,
				"sectionNotes": [],
				"altAnim": false,
				"bpm": 120,
				"changeBPM": false,
				"mustHitSection": true
			},
			{
				"lengthInSteps": 16,
				"typeOfSection": 0,
				"sectionNotes": [],
				"altAnim": false,
				"bpm": 120,
				"changeBPM": false,
				"mustHitSection": true
			},
			{
				"lengthInSteps": 16,
				"typeOfSection": 0,
				"sectionNotes": [],
				"altAnim": false,
				"bpm": 120,
				"changeBPM": false,
				"mustHitSection": true
			},
			{
				"lengthInSteps": 16,
				"typeOfSection": 0,
				"sectionNotes": [],
				"altAnim": false,
				"bpm": 120,
				"changeBPM": false,
				"mustHitSection": true
			},
			{
				"sectionNotes": [],
				"typeOfSection": 0,
				"lengthInSteps": 16,
				"altAnim": false,
				"mustHitSection": true,
				"changeBPM": false,
				"bpm": 120
			},
			{
				"lengthInSteps": 16,
				"typeOfSection": 0,
				"sectionNotes": [],
				"altAnim": false,
				"bpm": 120,
				"changeBPM": false,
				"mustHitSection": true
			},
			{
				"lengthInSteps": 16,
				"typeOfSection": 0,
				"sectionNotes": [],
				"altAnim": false,
				"bpm": 120,
				"changeBPM": false,
				"mustHitSection": true
			},
			{
				"sectionNotes": [],
				"typeOfSection": 0,
				"lengthInSteps": 16,
				"altAnim": false,
				"mustHitSection": true,
				"changeBPM": false,
				"bpm": 120
			},
			{
				"lengthInSteps": 16,
				"typeOfSection": 0,
				"sectionNotes": [],
				"altAnim": false,
				"bpm": 120,
				"changeBPM": false,
				"mustHitSection": true
			},
			{
				"sectionNotes": [],
				"typeOfSection": 0,
				"lengthInSteps": 16,
				"altAnim": false,
				"mustHitSection": true,
				"changeBPM": false,
				"bpm": 120
			},
			{
				"lengthInSteps": 16,
				"typeOfSection": 0,
				"sectionNotes": [],
				"altAnim": false,
				"bpm": 120,
				"changeBPM": false,
				"mustHitSection": true
			},
			{
				"lengthInSteps": 16,
				"typeOfSection": 0,
				"sectionNotes": [],
				"altAnim": false,
				"bpm": 120,
				"changeBPM": false,
				"mustHitSection": true
			},
			{
				"sectionNotes": [],
				"typeOfSection": 0,
				"lengthInSteps": 16,
				"altAnim": false,
				"mustHitSection": true,
				"changeBPM": false,
				"bpm": 120
			},
			{
				"lengthInSteps": 16,
				"typeOfSection": 0,
				"sectionNotes": [],
				"altAnim": false,
				"bpm": 120,
				"changeBPM": false,
				"mustHitSection": true
			},
			{
				"lengthInSteps": 16,
				"typeOfSection": 0,
				"sectionNotes": [],
				"altAnim": false,
				"bpm": 120.5,
				"changeBPM": false,
				"mustHitSection": true
			},
			{
				"lengthInSteps": 16,
				"typeOfSection": 0,
				"sectionNotes": [],
				"altAnim": false,
				"bpm": 120.5,
				"changeBPM": false,
				"mustHitSection": true
			},
			{
				"lengthInSteps": 16,
				"typeOfSection": 0,
				"sectionNotes": [],
				"altAnim": false,
				"bpm": 120.5,
				"changeBPM": false,
				"mustHitSection": true
			},
			{
				"sectionNotes": [],
				"typeOfSection": 0,
				"lengthInSteps": 16,
				"altAnim": false,
				"mustHitSection": true,
				"changeBPM": false,
				"bpm": 120.5
			},
			{
				"sectionNotes": [],
				"typeOfSection": 0,
				"lengthInSteps": 16,
				"altAnim": false,
				"mustHitSection": true,
				"changeBPM": false,
				"bpm": 120.5
			},
			{
				"sectionNotes": [],
				"typeOfSection": 0,
				"lengthInSteps": 16,
				"altAnim": false,
				"mustHitSection": true,
				"changeBPM": false,
				"bpm": 120.5
			},
			{
				"sectionNotes": [],
				"typeOfSection": 0,
				"lengthInSteps": 16,
				"altAnim": false,
				"mustHitSection": true,
				"changeBPM": false,
				"bpm": 120.5
			},
			{
				"lengthInSteps": 16,
				"typeOfSection": 0,
				"sectionNotes": [],
				"altAnim": false,
				"bpm": 120.5,
				"changeBPM": false,
				"mustHitSection": true
			},
			{
				"sectionNotes": [],
				"typeOfSection": 0,
				"lengthInSteps": 16,
				"altAnim": false,
				"mustHitSection": true,
				"changeBPM": false,
				"bpm": 120.5
			},
			{
				"sectionNotes": [],
				"typeOfSection": 0,
				"lengthInSteps": 16,
				"altAnim": false,
				"mustHitSection": true,
				"changeBPM": false,
				"bpm": 120.5
			},
			{
				"sectionNotes": [],
				"typeOfSection": 0,
				"lengthInSteps": 16,
				"altAnim": false,
				"mustHitSection": true,
				"changeBPM": false,
				"bpm": 120.5
			},
			{
				"lengthInSteps": 16,
				"typeOfSection": 0,
				"sectionNotes": [],
				"altAnim": false,
				"bpm": 120.5,
				"changeBPM": false,
				"mustHitSection": true
			},
			{
				"sectionNotes": [],
				"typeOfSection": 0,
				"lengthInSteps": 16,
				"altAnim": false,
				"mustHitSection": true,
				"changeBPM": false,
				"bpm": 120.5
			},
			{
				"sectionNotes": [],
				"typeOfSection": 0,
				"lengthInSteps": 16,
				"altAnim": false,
				"mustHitSection": true,
				"changeBPM": false,
				"bpm": 120.5
			},
			{
				"sectionNotes": [],
				"typeOfSection": 0,
				"lengthInSteps": 16,
				"altAnim": false,
				"mustHitSection": true,
				"changeBPM": false,
				"bpm": 120.5
			},
			{
				"sectionNotes": [],
				"typeOfSection": 0,
				"lengthInSteps": 16,
				"altAnim": false,
				"mustHitSection": true,
				"changeBPM": false,
				"bpm": 120.5
			},
			{
				"sectionNotes": [],
				"typeOfSection": 0,
				"lengthInSteps": 16,
				"altAnim": false,
				"mustHitSection": true,
				"changeBPM": false,
				"bpm": 120.5
			},
			{
				"sectionNotes": [],
				"typeOfSection": 0,
				"lengthInSteps": 16,
				"altAnim": false,
				"mustHitSection": true,
				"changeBPM": false,
				"bpm": 120.5
			},
			{
				"sectionNotes": [],
				"typeOfSection": 0,
				"lengthInSteps": 16,
				"altAnim": false,
				"mustHitSection": true,
				"changeBPM": false,
				"bpm": 120.5
			},
			{
				"lengthInSteps": 16,
				"typeOfSection": 0,
				"sectionNotes": [],
				"altAnim": false,
				"bpm": 120.5,
				"changeBPM": false,
				"mustHitSection": true
			},
			{
				"lengthInSteps": 16,
				"typeOfSection": 0,
				"sectionNotes": [],
				"altAnim": false,
				"bpm": 120.5,
				"changeBPM": false,
				"mustHitSection": true
			},
			{
				"lengthInSteps": 16,
				"typeOfSection": 0,
				"sectionNotes": [],
				"altAnim": false,
				"bpm": 120.5,
				"changeBPM": false,
				"mustHitSection": true
			},
			{
				"sectionNotes": [],
				"typeOfSection": 0,
				"lengthInSteps": 16,
				"altAnim": false,
				"mustHitSection": true,
				"changeBPM": false,
				"bpm": 120.5
			},
			{
				"sectionNotes": [],
				"typeOfSection": 0,
				"lengthInSteps": 16,
				"altAnim": false,
				"mustHitSection": true,
				"changeBPM": false,
				"bpm": 120.5
			},
			{
				"lengthInSteps": 16,
				"typeOfSection": 0,
				"sectionNotes": [],
				"altAnim": false,
				"bpm": 120.5,
				"changeBPM": false,
				"mustHitSection": true
			},
			{
				"sectionNotes": [],
				"typeOfSection": 0,
				"lengthInSteps": 16,
				"altAnim": false,
				"mustHitSection": true,
				"changeBPM": false,
				"bpm": 120.5
			},
			{
				"lengthInSteps": 16,
				"typeOfSection": 0,
				"sectionNotes": [],
				"altAnim": false,
				"bpm": 120.5,
				"changeBPM": false,
				"mustHitSection": true
			},
			{
				"sectionNotes": [],
				"typeOfSection": 0,
				"lengthInSteps": 16,
				"altAnim": false,
				"mustHitSection": true,
				"changeBPM": false,
				"bpm": 120.5
			},
			{
				"lengthInSteps": 16,
				"typeOfSection": 0,
				"sectionNotes": [],
				"altAnim": false,
				"bpm": 120.5,
				"changeBPM": false,
				"mustHitSection": true
			},
			{
				"sectionNotes": [],
				"typeOfSection": 0,
				"lengthInSteps": 16,
				"altAnim": false,
				"mustHitSection": true,
				"changeBPM": false,
				"bpm": 120.5
			},
			{
				"lengthInSteps": 16,
				"typeOfSection": 0,
				"sectionNotes": [],
				"altAnim": false,
				"bpm": 120.5,
				"changeBPM": false,
				"mustHitSection": true
			},
			{
				"lengthInSteps": 16,
				"typeOfSection": 0,
				"sectionNotes": [],
				"altAnim": false,
				"bpm": 97,
				"changeBPM": false,
				"mustHitSection": true
			},
			{
				"lengthInSteps": 16,
				"typeOfSection": 0,
				"sectionNotes": [],
				"altAnim": false,
				"bpm": 97,
				"changeBPM": false,
				"mustHitSection": true
			},
			{
				"lengthInSteps": 16,
				"typeOfSection": 0,
				"sectionNotes": [],
				"altAnim": false,
				"bpm": 97,
				"changeBPM": false,
				"mustHitSection": true
			},
			{
				"lengthInSteps": 16,
				"typeOfSection": 0,
				"sectionNotes": [],
				"altAnim": false,
				"bpm": 97,
				"changeBPM": false,
				"mustHitSection": true
			},
			{
				"lengthInSteps": 16,
				"typeOfSection": 0,
				"sectionNotes": [],
				"altAnim": false,
				"bpm": 97,
				"changeBPM": false,
				"mustHitSection": true
			},
			{
				"lengthInSteps": 16,
				"typeOfSection": 0,
				"sectionNotes": [],
				"altAnim": false,
				"bpm": 97,
				"changeBPM": false,
				"mustHitSection": true
			},
			{
				"lengthInSteps": 16,
				"typeOfSection": 0,
				"sectionNotes": [],
				"altAnim": false,
				"bpm": 97,
				"changeBPM": false,
				"mustHitSection": true
			},
			{
				"lengthInSteps": 16,
				"typeOfSection": 0,
				"sectionNotes": [],
				"altAnim": false,
				"bpm": 97,
				"changeBPM": false,
				"mustHitSection": true
			},
			{
				"lengthInSteps": 16,
				"typeOfSection": 0,
				"sectionNotes": [],
				"altAnim": false,
				"bpm": 97,
				"changeBPM": false,
				"mustHitSection": true
			},
			{
				"lengthInSteps": 16,
				"typeOfSection": 0,
				"sectionNotes": [],
				"altAnim": false,
				"bpm": 97,
				"changeBPM": false,
				"mustHitSection": true
			},
			{
				"lengthInSteps": 16,
				"typeOfSection": 0,
				"sectionNotes": [],
				"altAnim": false,
				"bpm": 97,
				"changeBPM": false,
				"mustHitSection": true
			},
			{
				"lengthInSteps": 16,
				"typeOfSection": 0,
				"sectionNotes": [],
				"altAnim": false,
				"bpm": 97,
				"changeBPM": false,
				"mustHitSection": true
			},
			{
				"lengthInSteps": 16,
				"typeOfSection": 0,
				"sectionNotes": [],
				"altAnim": false,
				"bpm": 97,
				"changeBPM": false,
				"mustHitSection": true
			},
			{
				"lengthInSteps": 16,
				"typeOfSection": 0,
				"sectionNotes": [],
				"altAnim": false,
				"bpm": 97,
				"changeBPM": false,
				"mustHitSection": true
			},
			{
				"lengthInSteps": 16,
				"typeOfSection": 0,
				"sectionNotes": [],
				"altAnim": false,
				"bpm": 97,
				"changeBPM": false,
				"mustHitSection": true
			},
			{
				"lengthInSteps": 16,
				"typeOfSection": 0,
				"sectionNotes": [],
				"altAnim": false,
				"bpm": 97,
				"changeBPM": false,
				"mustHitSection": true
			},
			{
				"lengthInSteps": 16,
				"typeOfSection": 0,
				"sectionNotes": [],
				"altAnim": false,
				"bpm": 97,
				"changeBPM": false,
				"mustHitSection": true
			},
			{
				"lengthInSteps": 16,
				"typeOfSection": 0,
				"sectionNotes": [],
				"altAnim": false,
				"bpm": 97,
				"changeBPM": false,
				"mustHitSection": true
			},
			{
				"lengthInSteps": 16,
				"typeOfSection": 0,
				"sectionNotes": [],
				"altAnim": false,
				"bpm": 97,
				"changeBPM": false,
				"mustHitSection": true
			},
			{
				"lengthInSteps": 16,
				"typeOfSection": 0,
				"sectionNotes": [],
				"altAnim": false,
				"bpm": 97,
				"changeBPM": false,
				"mustHitSection": true
			},
			{
				"sectionNotes": [],
				"typeOfSection": 0,
				"lengthInSteps": 16,
				"altAnim": false,
				"mustHitSection": true,
				"changeBPM": false,
				"bpm": 97
			},
			{
				"sectionNotes": [],
				"typeOfSection": 0,
				"lengthInSteps": 16,
				"altAnim": false,
				"mustHitSection": true,
				"changeBPM": false,
				"bpm": 97
			},
			{
				"sectionNotes": [],
				"typeOfSection": 0,
				"lengthInSteps": 16,
				"altAnim": false,
				"mustHitSection": true,
				"changeBPM": false,
				"bpm": 97
			},
			{
				"sectionNotes": [],
				"typeOfSection": 0,
				"lengthInSteps": 16,
				"altAnim": false,
				"mustHitSection": true,
				"changeBPM": false,
				"bpm": 97
			},
			{
				"sectionNotes": [],
				"typeOfSection": 0,
				"lengthInSteps": 16,
				"altAnim": false,
				"mustHitSection": true,
				"changeBPM": false,
				"bpm": 97
			},
			{
				"sectionNotes": [],
				"typeOfSection": 0,
				"lengthInSteps": 16,
				"altAnim": false,
				"mustHitSection": true,
				"changeBPM": false,
				"bpm": 97
			},
			{
				"lengthInSteps": 16,
				"typeOfSection": 0,
				"sectionNotes": [],
				"altAnim": false,
				"gfSection": false,
				"bpm": 97,
				"changeBPM": false,
				"mustHitSection": true
			},
			{
				"sectionNotes": [],
				"typeOfSection": 0,
				"lengthInSteps": 16,
				"gfSection": false,
				"altAnim": false,
				"mustHitSection": true,
				"changeBPM": false,
				"bpm": 97
			},
			{
				"sectionNotes": [],
				"typeOfSection": 0,
				"lengthInSteps": 16,
				"gfSection": false,
				"altAnim": false,
				"mustHitSection": true,
				"changeBPM": false,
				"bpm": 97
			},
			{
				"sectionNotes": [],
				"typeOfSection": 0,
				"lengthInSteps": 16,
				"gfSection": false,
				"altAnim": false,
				"mustHitSection": true,
				"changeBPM": false,
				"bpm": 97
			},
			{
				"sectionNotes": [],
				"typeOfSection": 0,
				"lengthInSteps": 16,
				"gfSection": false,
				"altAnim": false,
				"mustHitSection": true,
				"changeBPM": false,
				"bpm": 97
			},
			{
				"sectionNotes": [],
				"typeOfSection": 0,
				"lengthInSteps": 16,
				"gfSection": false,
				"altAnim": false,
				"mustHitSection": true,
				"changeBPM": false,
				"bpm": 97
			},
			{
				"sectionNotes": [],
				"typeOfSection": 0,
				"lengthInSteps": 16,
				"gfSection": false,
				"altAnim": false,
				"mustHitSection": true,
				"changeBPM": false,
				"bpm": 97
			},
			{
				"sectionNotes": [],
				"typeOfSection": 0,
				"lengthInSteps": 16,
				"gfSection": false,
				"altAnim": false,
				"mustHitSection": true,
				"changeBPM": false,
				"bpm": 97
			},
			{
				"sectionNotes": [],
				"typeOfSection": 0,
				"lengthInSteps": 16,
				"gfSection": false,
				"altAnim": false,
				"mustHitSection": true,
				"changeBPM": false,
				"bpm": 97
			},
			{
				"sectionNotes": [],
				"typeOfSection": 0,
				"lengthInSteps": 16,
				"gfSection": false,
				"altAnim": false,
				"mustHitSection": true,
				"changeBPM": false,
				"bpm": 97
			},
			{
				"sectionNotes": [],
				"typeOfSection": 0,
				"lengthInSteps": 16,
				"gfSection": false,
				"altAnim": false,
				"mustHitSection": true,
				"changeBPM": false,
				"bpm": 97
			},
			{
				"sectionNotes": [],
				"typeOfSection": 0,
				"lengthInSteps": 16,
				"gfSection": false,
				"altAnim": false,
				"mustHitSection": true,
				"changeBPM": false,
				"bpm": 97
			},
			{
				"sectionNotes": [],
				"typeOfSection": 0,
				"lengthInSteps": 16,
				"gfSection": false,
				"altAnim": false,
				"mustHitSection": true,
				"changeBPM": false,
				"bpm": 97
			},
			{
				"sectionNotes": [],
				"typeOfSection": 0,
				"lengthInSteps": 16,
				"gfSection": false,
				"altAnim": false,
				"mustHitSection": true,
				"changeBPM": false,
				"bpm": 97
			},
			{
				"sectionNotes": [],
				"typeOfSection": 0,
				"lengthInSteps": 16,
				"gfSection": false,
				"altAnim": false,
				"mustHitSection": true,
				"changeBPM": false,
				"bpm": 97
			},
			{
				"sectionNotes": [],
				"typeOfSection": 0,
				"lengthInSteps": 16,
				"gfSection": false,
				"altAnim": false,
				"mustHitSection": true,
				"changeBPM": false,
				"bpm": 97
			},
			{
				"sectionNotes": [],
				"typeOfSection": 0,
				"lengthInSteps": 16,
				"gfSection": false,
				"altAnim": false,
				"mustHitSection": true,
				"changeBPM": false,
				"bpm": 97
			},
			{
				"sectionNotes": [],
				"typeOfSection": 0,
				"lengthInSteps": 16,
				"gfSection": false,
				"altAnim": false,
				"mustHitSection": true,
				"changeBPM": false,
				"bpm": 97
			},
			{
				"sectionNotes": [],
				"typeOfSection": 0,
				"lengthInSteps": 16,
				"gfSection": false,
				"altAnim": false,
				"mustHitSection": true,
				"changeBPM": false,
				"bpm": 97
			},
			{
				"lengthInSteps": 16,
				"typeOfSection": 0,
				"sectionNotes": [],
				"altAnim": false,
				"gfSection": false,
				"bpm": 97,
				"changeBPM": false,
				"mustHitSection": true
			},
			{
				"lengthInSteps": 16,
				"typeOfSection": 0,
				"sectionNotes": [],
				"altAnim": false,
				"gfSection": false,
				"bpm": 97,
				"changeBPM": false,
				"mustHitSection": true
			},
			{
				"lengthInSteps": 16,
				"typeOfSection": 0,
				"sectionNotes": [],
				"altAnim": false,
				"gfSection": false,
				"bpm": 97,
				"changeBPM": false,
				"mustHitSection": true
			},
			{
				"lengthInSteps": 16,
				"typeOfSection": 0,
				"sectionNotes": [],
				"altAnim": false,
				"gfSection": false,
				"bpm": 97,
				"changeBPM": false,
				"mustHitSection": true
			},
			{
				"lengthInSteps": 16,
				"typeOfSection": 0,
				"sectionNotes": [],
				"altAnim": false,
				"gfSection": false,
				"bpm": 97,
				"changeBPM": false,
				"mustHitSection": true
			},
			{
				"lengthInSteps": 16,
				"typeOfSection": 0,
				"sectionNotes": [],
				"altAnim": false,
				"gfSection": false,
				"bpm": 97,
				"changeBPM": false,
				"mustHitSection": true
			},
			{
				"lengthInSteps": 16,
				"typeOfSection": 0,
				"sectionNotes": [],
				"altAnim": false,
				"gfSection": false,
				"bpm": 97,
				"changeBPM": false,
				"mustHitSection": true
			},
			{
				"lengthInSteps": 16,
				"typeOfSection": 0,
				"sectionNotes": [],
				"altAnim": false,
				"gfSection": false,
				"bpm": 97,
				"changeBPM": false,
				"mustHitSection": true
			},
			{
				"lengthInSteps": 16,
				"typeOfSection": 0,
				"sectionNotes": [],
				"altAnim": false,
				"gfSection": false,
				"bpm": 97,
				"changeBPM": false,
				"mustHitSection": true
			},
			{
				"sectionNotes": [],
				"typeOfSection": 0,
				"lengthInSteps": 16,
				"gfSection": false,
				"altAnim": false,
				"mustHitSection": true,
				"changeBPM": false,
				"bpm": 97
			},
			{
				"sectionNotes": [],
				"typeOfSection": 0,
				"lengthInSteps": 16,
				"gfSection": false,
				"altAnim": false,
				"mustHitSection": true,
				"changeBPM": false,
				"bpm": 97
			},
			{
				"sectionNotes": [],
				"typeOfSection": 0,
				"lengthInSteps": 16,
				"gfSection": false,
				"altAnim": false,
				"mustHitSection": true,
				"changeBPM": false,
				"bpm": 97
			},
			{
				"sectionNotes": [],
				"typeOfSection": 0,
				"lengthInSteps": 16,
				"gfSection": false,
				"altAnim": false,
				"mustHitSection": true,
				"changeBPM": false,
				"bpm": 97
			},
			{
				"sectionNotes": [],
				"typeOfSection": 0,
				"lengthInSteps": 16,
				"gfSection": false,
				"altAnim": false,
				"mustHitSection": true,
				"changeBPM": false,
				"bpm": 97
			},
			{
				"sectionNotes": [],
				"typeOfSection": 0,
				"lengthInSteps": 16,
				"gfSection": false,
				"altAnim": false,
				"mustHitSection": true,
				"changeBPM": false,
				"bpm": 97
			},
			{
				"sectionNotes": [],
				"typeOfSection": 0,
				"lengthInSteps": 16,
				"gfSection": false,
				"altAnim": false,
				"mustHitSection": true,
				"changeBPM": false,
				"bpm": 97
			},
			{
				"sectionNotes": [],
				"typeOfSection": 0,
				"lengthInSteps": 16,
				"gfSection": false,
				"altAnim": false,
				"mustHitSection": true,
				"changeBPM": false,
				"bpm": 97
			},
			{
				"sectionNotes": [],
				"typeOfSection": 0,
				"lengthInSteps": 16,
				"gfSection": false,
				"altAnim": false,
				"mustHitSection": true,
				"changeBPM": false,
				"bpm": 97
			},
			{
				"gfSection": false,
				"lengthInSteps": 16,
				"altAnim": false,
				"typeOfSection": 0,
				"sectionNotes": [],
				"bpm": 97,
				"changeBPM": false,
				"mustHitSection": true
			},
			{
				"gfSection": false,
				"lengthInSteps": 16,
				"altAnim": false,
				"typeOfSection": 0,
				"sectionNotes": [],
				"bpm": 97,
				"changeBPM": false,
				"mustHitSection": true
			},
			{
				"gfSection": false,
				"lengthInSteps": 16,
				"altAnim": false,
				"typeOfSection": 0,
				"sectionNotes": [],
				"bpm": 97,
				"changeBPM": false,
				"mustHitSection": true
			},
			{
				"gfSection": false,
				"lengthInSteps": 16,
				"altAnim": false,
				"typeOfSection": 0,
				"sectionNotes": [],
				"bpm": 97,
				"changeBPM": false,
				"mustHitSection": true
			},
			{
				"gfSection": false,
				"lengthInSteps": 16,
				"altAnim": false,
				"typeOfSection": 0,
				"sectionNotes": [],
				"bpm": 97,
				"changeBPM": false,
				"mustHitSection": true
			}
		],
		"player2": "hunger",
		"player3": "gf_JUICY",
		"song": "hungry",
		"stage": "hungry",
		"validScore": true,
		"sections": 0,
		"needsVoices": true,
		"speed": 2.8,
		"bpm": 97
	}
}