{
    "size":35,
    "cameraX":60,
    "cameraY":-35,
    "x":-135,
    "y":15,
    "animations":{
        "idle":{"frames":"14"},
        "up":{"frames":"14"},
        "down":{"frames":"14"},
        "left":{"frames":"14"},
        "right":{"frames":"14"},
        "seconds per frame":0.025
    },
    "offsets":{
        "idle":{"x":0,"y":0},
        "up":{"x":0,"y":50},
        "down":{"x":40,"y":-25},
        "left":{"x":-25,"y":15},
        "right":{"x":30,"y":25}
    },
    "healthColor":"#e5295a"
}