{
    "size":135,
    "cameraX":150,
    "cameraY":80,
    "x":-200,
    "y":-100,
    "animations":{
        "idle":{"frames":"17"},
        "up":{"frames":"14"},
        "down":{"frames":"14"},
        "left":{"frames":"14"},
        "right":{"frames":"14"},
        "seconds per frame":0.025
    },
    "offsets":{
        "idle":{"x":0,"y":0},
        "up":{"x":25,"y":25},
        "down":{"x":25,"y":0},
        "left":{"x":-25,"y":20},
        "right":{"x":100,"y":10}
    },
    "healthColor":"#ffcc66"
}