{
    "size":75,
    "cameraX":80,
    "cameraY":50,
    "x":-200,
    "y":-100,
    "animations":{
        "idle":{"frames":"12"},
        "up":{"frames":"12"},
        "down":{"frames":"12"},
        "left":{"frames":"12"},
        "right":{"frames":"12"},
        "what":{"frames":"20"},
        "seconds per frame":0.025
    },
    "offsets":{
        "idle":{"x":0,"y":0},
        "up":{"x":80,"y":50},
        "down":{"x":-15,"y":0},
        "left":{"x":-50,"y":0},
        "right":{"x":100,"y":0},
        "what":{"x":0,"y":0}
    },
    "healthColor":"#af66ce"
}
