{
    "size":115,
    "cameraX":350,
    "cameraY":125,
    "x":-450,
    "y":-150,
    "animations":{
        "idle":{"frames":"14"},
        "up":{"frames":"2"},
        "down":{"frames":"2"},
        "left":{"frames":"2"},
        "right":{"frames":"2"},
        "seconds per frame":0.025
    },
    "offsets":{
        "idle":{"x":0,"y":0},
        "up":{"x":0,"y":0},
        "down":{"x":0,"y":-100},
        "left":{"x":0,"y":0},
        "right":{"x":0,"y":0}
    },
    "healthColor":"#F3F3F3"
}
