{
    "size":75,
    "cameraX":-50,
    "cameraY":25,
    "x":100,
    "y":-50,
    "animations":{
        "idle":{"frames":"13"},
        "up":{"frames":"12"},
        "down":{"frames":"12"},
        "left":{"frames":"12"},
        "right":{"frames":"12"},
        "seconds per frame":0.025
    },
    "offsets":{
        "idle":{"x":0,"y":0},
        "up":{"x":0,"y":25},
        "down":{"x":-50,"y":-50},
        "left":{"x": -50,"y":0},
        "right":{"x":-50,"y":-20}
    },
    "healthColor":"#31b0d1"
}