{   "flipped":true,
    "size":80,
    "cameraX":125,
    "cameraY":100,
    "x":-220,
    "y":-120,
    "animations":{
        "idle":{"frames":"14"},
        "up":{"frames":"14"},
        "down":{"frames":"14"},
        "left":{"frames":"14"},
        "right":{"frames":"14"},
        "bizayy":{"frames":"14"},
        "seconds per frame":0.025
    },
    "offsets":{
        "idle":{"x":0,"y":0},
        "up":{"x":0,"y":15},
        "down":{"x":40,"y":-40},
        "left":{"x":75,"y":0},
        "bizayy":{"x":25,"y":0},
        "right":{"x":0,"y":0}
    },
    "healthColor":"#ffcc99"
}