{
    "size":75,
    "cameraX":-50,
    "cameraY":120,
    "x":0,
    "y":-100,
    "animations":{
        "idle":{"frames":"28"},
        "up":{"frames":"11"},
        "down":{"frames":"11"},
        "left":{"frames":"11"},
        "right":{"frames":"11"},
        "seconds per frame":0.025
    },
    "offsets":{
        "idle":{"x":0,"y":0},
        "up":{"x":0,"y":15},
        "down":{"x":0,"y":0},
        "left":{"x":0,"y":5},
        "right":{"x":0,"y":5}
    },
    "healthColor":"#31b0d1"
}
