{
    "size":75,
    "cameraX":160,
    "cameraY":50,
    "x":-250,
    "y":-50,
    "animations":{
        "idle":{"frames":"16"},
        "up":{"frames":"5"},
        "down":{"frames":"25"},
        "left":{"frames":"15"},
        "right":{"frames":"25"},
        "seconds per frame":0.025
    },
    "offsets":{
        "idle":{"x":0,"y":0},
        "up":{"x":-50,"y":40},
        "down":{"x":0,"y":-150},
        "left":{"x":-220,"y":0},
        "right":{"x":250,"y":0}
    },
    "healthColor":"#c17200"
}