{
    "size":75,
    "cameraX":80,
    "cameraY":25,
    "x":-180,
    "y":-50,
    "animations":{
        "idle":{"frames":"14"},
        "up":{"frames":"30"},
        "down":{"frames":"30"},
        "left":{"frames":"30"},
        "right":{"frames":"30"},
        "seconds per frame":0.025
    },
    "offsets":{
        "idle":{"x":0,"y":0},
        "up":{"x":-150,"y":-10},
        "down":{"x":200,"y":-200},
        "left":{"x":-200,"y":-150},
        "right":{"x":0,"y":-75}
    },
    "healthColor":"#cc0000"
}