{
	"song": {
		"player1": "bf-mazin-mall",
		"events": [
			[
				0,
				[
					[
						"setEffect",
						"border radius",
						"10"
					]
				]
			],
			[
				0,
				[
					[
						"setEffect",
						"blur",
						"2"
					]
				]
			],
			[
				0,
				[
					[
						"setEffect",
						"contrast",
						"125"
					]
				]
			],
			[
				0,
				[
					[
						"setEffect",
						"scale",
						"95"
					]
				]
			],
			[
				0,
				[
					[
						"setEffect",
						"color shift",
						"20"
					]
				]
			]
		],
		"player2": "mazin-tv",
		"notes": [
			{
				"endTime": 1379.31034482759,
				"altAnim": false,
				"mustHitSection": true,
				"lengthInSteps": 16,
				"typeOfSection": 0,
				"sectionNotes": [],
				"startTime": 0,
				"changeBPM": false,
				"bpm": 174
			},
			{
				"endTime": 2758.62068965517,
				"altAnim": false,
				"mustHitSection": true,
				"lengthInSteps": 16,
				"typeOfSection": 0,
				"sectionNotes": [],
				"startTime": 1379.31034482759,
				"changeBPM": false,
				"bpm": 174
			},
			{
				"endTime": 4137.93103448276,
				"altAnim": false,
				"mustHitSection": true,
				"lengthInSteps": 16,
				"typeOfSection": 0,
				"sectionNotes": [],
				"startTime": 2758.62068965517,
				"changeBPM": false,
				"bpm": 174
			},
			{
				"endTime": 5517.24137931035,
				"altAnim": false,
				"mustHitSection": false,
				"lengthInSteps": 16,
				"typeOfSection": 0,
				"sectionNotes": [],
				"startTime": 4137.93103448276,
				"changeBPM": false,
				"bpm": 174
			},
			{
				"endTime": 6896.55172413793,
				"altAnim": false,
				"mustHitSection": false,
				"lengthInSteps": 16,
				"typeOfSection": 0,
				"sectionNotes": [
					[
						7441.86046511628,
						2,
						0
					],
					[
						7558.13953488372,
						1,
						0
					],
					[
						8372.09302325581,
						1,
						0
					],
					[
						7674.41860465116,
						3,
						0
					],
					[
						7906.97674418605,
						0,
						0
					],
					[
						8139.53488372093,
						3,
						0
					],
					[
						8720.93023255814,
						0,
						0
					],
					[
						9069.76744186047,
						0,
						0
					],
					[
						8372.09302325581,
						2,
						0
					],
					[
						7906.97674418605,
						2,
						0
					]
				],
				"startTime": 5517.24137931035,
				"changeBPM": false,
				"bpm": 174
			},
			{
				"endTime": 8275.86206896552,
				"altAnim": false,
				"mustHitSection": false,
				"lengthInSteps": 16,
				"typeOfSection": 0,
				"sectionNotes": [
					[
						9302.32558139535,
						2,
						0
					],
					[
						9418.60465116279,
						1,
						0
					],
					[
						10232.5581395349,
						1,
						0
					],
					[
						9534.88372093023,
						3,
						0
					],
					[
						9767.44186046511,
						0,
						0
					],
					[
						10000,
						3,
						0
					],
					[
						10581.3953488372,
						0,
						0
					],
					[
						10813.9534883721,
						1,
						0
					],
					[
						10930.2325581395,
						2,
						0
					],
					[
						11046.511627907,
						3,
						0
					],
					[
						10581.3953488372,
						1,
						0
					],
					[
						10232.5581395349,
						2,
						0
					],
					[
						9767.44186046511,
						2,
						0
					]
				],
				"startTime": 6896.55172413793,
				"changeBPM": false,
				"bpm": 174
			},
			{
				"endTime": 9655.1724137931,
				"altAnim": false,
				"mustHitSection": true,
				"lengthInSteps": 16,
				"typeOfSection": 0,
				"sectionNotes": [
					[
						11162.7906976744,
						2,
						0
					],
					[
						11279.0697674419,
						1,
						0
					],
					[
						11395.3488372093,
						0,
						0
					],
					[
						11627.9069767442,
						1,
						0
					],
					[
						11860.4651162791,
						3,
						0
					],
					[
						12093.023255814,
						0,
						0
					],
					[
						12441.8604651163,
						1,
						0
					],
					[
						12790.6976744186,
						1,
						0
					],
					[
						11627.9069767442,
						2,
						0
					],
					[
						12093.023255814,
						2,
						0
					]
				],
				"startTime": 8275.86206896552,
				"changeBPM": false,
				"bpm": 174
			},
			{
				"endTime": 11034.4827586207,
				"altAnim": false,
				"mustHitSection": true,
				"lengthInSteps": 16,
				"typeOfSection": 0,
				"sectionNotes": [
					[
						13023.2558139535,
						2,
						0
					],
					[
						13139.5348837209,
						1,
						0
					],
					[
						13255.8139534884,
						0,
						0
					],
					[
						13488.3720930233,
						1,
						0
					],
					[
						13720.9302325581,
						3,
						0
					],
					[
						13953.488372093,
						0,
						0
					],
					[
						14302.3255813953,
						1,
						0
					],
					[
						14534.8837209302,
						3,
						0
					],
					[
						14651.1627906977,
						2,
						0
					],
					[
						14767.4418604651,
						1,
						0
					],
					[
						13488.3720930233,
						2,
						0
					],
					[
						13953.488372093,
						2,
						0
					]
				],
				"startTime": 9655.1724137931,
				"changeBPM": false,
				"bpm": 174
			},
			{
				"endTime": 12413.7931034483,
				"altAnim": false,
				"mustHitSection": false,
				"lengthInSteps": 16,
				"typeOfSection": 0,
				"sectionNotes": [
					[
						14883.7209302326,
						2,
						0
					],
					[
						15000,
						1,
						0
					],
					[
						15813.9534883721,
						1,
						0
					],
					[
						15116.2790697674,
						3,
						0
					],
					[
						15348.8372093023,
						0,
						0
					],
					[
						15581.3953488372,
						3,
						0
					],
					[
						16162.7906976744,
						0,
						0
					],
					[
						16511.6279069767,
						0,
						0
					],
					[
						15813.9534883721,
						2,
						0
					],
					[
						15348.8372093023,
						2,
						0
					]
				],
				"startTime": 11034.4827586207,
				"changeBPM": false,
				"bpm": 174
			},
			{
				"endTime": 13793.1034482759,
				"altAnim": false,
				"mustHitSection": false,
				"lengthInSteps": 16,
				"typeOfSection": 0,
				"sectionNotes": [
					[
						16744.1860465116,
						2,
						0
					],
					[
						16860.4651162791,
						1,
						0
					],
					[
						17674.4186046512,
						1,
						0
					],
					[
						16976.7441860465,
						3,
						0
					],
					[
						17209.3023255814,
						0,
						0
					],
					[
						17441.8604651163,
						3,
						0
					],
					[
						18023.2558139535,
						0,
						0
					],
					[
						18255.8139534884,
						1,
						0
					],
					[
						18372.0930232558,
						2,
						0
					],
					[
						18488.3720930233,
						3,
						0
					],
					[
						18023.2558139535,
						1,
						0
					],
					[
						17674.4186046512,
						2,
						0
					],
					[
						17209.3023255814,
						2,
						0
					]
				],
				"startTime": 12413.7931034483,
				"changeBPM": false,
				"bpm": 174
			},
			{
				"endTime": 15172.4137931034,
				"altAnim": false,
				"mustHitSection": true,
				"lengthInSteps": 16,
				"typeOfSection": 0,
				"sectionNotes": [
					[
						18604.6511627907,
						2,
						0
					],
					[
						18720.9302325581,
						1,
						0
					],
					[
						18837.2093023256,
						0,
						0
					],
					[
						19069.7674418605,
						1,
						0
					],
					[
						19302.3255813953,
						3,
						0
					],
					[
						19534.8837209302,
						0,
						0
					],
					[
						19883.7209302326,
						1,
						0
					],
					[
						20232.5581395349,
						1,
						0
					],
					[
						19069.7674418605,
						2,
						0
					],
					[
						19534.8837209302,
						2,
						0
					]
				],
				"startTime": 13793.1034482759,
				"changeBPM": false,
				"bpm": 174
			},
			{
				"endTime": 16551.724137931,
				"altAnim": false,
				"mustHitSection": true,
				"lengthInSteps": 16,
				"typeOfSection": 0,
				"sectionNotes": [
					[
						20465.1162790698,
						2,
						0
					],
					[
						20581.3953488372,
						1,
						0
					],
					[
						20697.6744186046,
						0,
						0
					],
					[
						20930.2325581395,
						1,
						0
					],
					[
						21162.7906976744,
						3,
						0
					],
					[
						21395.3488372093,
						0,
						0
					],
					[
						21744.1860465116,
						1,
						0
					],
					[
						21976.7441860465,
						3,
						0
					],
					[
						22093.023255814,
						2,
						0
					],
					[
						22209.3023255814,
						1,
						0
					],
					[
						20930.2325581395,
						2,
						0
					],
					[
						21395.3488372093,
						2,
						0
					]
				],
				"startTime": 15172.4137931034,
				"changeBPM": false,
				"bpm": 174
			},
			{
				"endTime": 17931.0344827586,
				"altAnim": false,
				"mustHitSection": false,
				"lengthInSteps": 16,
				"typeOfSection": 0,
				"sectionNotes": [
					[
						22325.5813953488,
						0,
						0
					],
					[
						22441.8604651163,
						2,
						0
					],
					[
						22558.1395348837,
						1,
						0
					],
					[
						22674.4186046512,
						3,
						0
					],
					[
						23255.8139534884,
						1,
						0
					],
					[
						23488.3720930232,
						3,
						0
					],
					[
						23604.6511627907,
						2,
						116.279069767442
					],
					[
						22325.5813953488,
						1,
						0
					],
					[
						23255.8139534884,
						0,
						0
					],
					[
						23604.6511627907,
						1,
						116.279069767442
					],
					[
						23837.2093023256,
						0,
						0
					]
				],
				"startTime": 16551.724137931,
				"changeBPM": false,
				"bpm": 174
			},
			{
				"endTime": 19310.3448275862,
				"altAnim": false,
				"mustHitSection": false,
				"lengthInSteps": 16,
				"typeOfSection": 0,
				"sectionNotes": [
					[
						24186.0465116279,
						3,
						0
					],
					[
						24302.3255813953,
						1,
						0
					],
					[
						24418.6046511628,
						2,
						0
					],
					[
						24534.8837209302,
						0,
						0
					],
					[
						25116.2790697674,
						3,
						0
					],
					[
						24186.0465116279,
						2,
						0
					],
					[
						25116.2790697674,
						2,
						0
					],
					[
						25348.8372093023,
						0,
						0
					],
					[
						25465.1162790698,
						3,
						116.279069767442
					],
					[
						25465.1162790698,
						1,
						116.279069767442
					],
					[
						25697.6744186046,
						2,
						0
					]
				],
				"startTime": 17931.0344827586,
				"changeBPM": false,
				"bpm": 174
			},
			{
				"endTime": 20689.6551724138,
				"altAnim": false,
				"mustHitSection": false,
				"lengthInSteps": 16,
				"typeOfSection": 0,
				"sectionNotes": [
					[
						26046.511627907,
						0,
						0
					],
					[
						26162.7906976744,
						0,
						0
					],
					[
						26279.0697674419,
						2,
						0
					],
					[
						26395.3488372093,
						2,
						0
					],
					[
						26511.6279069767,
						3,
						0
					],
					[
						26627.9069767442,
						3,
						0
					],
					[
						26744.1860465116,
						2,
						0
					],
					[
						26976.7441860465,
						0,
						0
					],
					[
						27209.3023255814,
						2,
						0
					],
					[
						27325.5813953488,
						1,
						232.558139534884
					],
					[
						27325.5813953488,
						3,
						232.558139534884
					],
					[
						27674.4186046512,
						2,
						0
					]
				],
				"startTime": 19310.3448275862,
				"changeBPM": false,
				"bpm": 174
			},
			{
				"endTime": 22068.9655172414,
				"altAnim": false,
				"mustHitSection": false,
				"lengthInSteps": 16,
				"typeOfSection": 0,
				"sectionNotes": [
					[
						27906.976744186,
						0,
						0
					],
					[
						28139.5348837209,
						3,
						0
					],
					[
						28255.8139534884,
						1,
						232.558139534884
					],
					[
						28255.8139534884,
						0,
						232.558139534884
					],
					[
						28604.6511627907,
						2,
						0
					],
					[
						28953.488372093,
						1,
						232.558139534884
					],
					[
						28953.488372093,
						0,
						232.558139534884
					],
					[
						28837.2093023256,
						3,
						0
					],
					[
						29302.3255813953,
						2,
						0
					],
					[
						29534.8837209302,
						1,
						0
					],
					[
						29418.6046511628,
						0,
						0
					],
					[
						29651.1627906977,
						3,
						0
					]
				],
				"startTime": 20689.6551724138,
				"changeBPM": false,
				"bpm": 174
			},
			{
				"endTime": 23448.275862069,
				"altAnim": false,
				"mustHitSection": true,
				"lengthInSteps": 16,
				"typeOfSection": 0,
				"sectionNotes": [
					[
						29767.4418604651,
						0,
						0
					],
					[
						29883.7209302326,
						2,
						0
					],
					[
						30000,
						1,
						0
					],
					[
						30116.2790697674,
						3,
						0
					],
					[
						30697.6744186046,
						1,
						0
					],
					[
						30930.2325581395,
						3,
						0
					],
					[
						31046.511627907,
						2,
						116.279069767442
					],
					[
						29767.4418604651,
						1,
						0
					],
					[
						30697.6744186046,
						0,
						0
					],
					[
						31046.511627907,
						1,
						116.279069767442
					],
					[
						31279.0697674418,
						0,
						0
					],
					[
						29767.4418604651,
						6,
						581.395348837209
					],
					[
						30465.1162790698,
						4,
						0
					],
					[
						30930.2325581395,
						7,
						116.279069767442
					],
					[
						30930.2325581395,
						5,
						116.279069767442
					],
					[
						31279.0697674418,
						4,
						0
					],
					[
						31395.3488372093,
						5,
						348.837209302326
					]
				],
				"startTime": 22068.9655172414,
				"changeBPM": false,
				"bpm": 174
			},
			{
				"endTime": 24827.5862068966,
				"altAnim": false,
				"mustHitSection": true,
				"lengthInSteps": 16,
				"typeOfSection": 0,
				"sectionNotes": [
					[
						31627.9069767442,
						3,
						0
					],
					[
						31744.1860465116,
						1,
						0
					],
					[
						31860.4651162791,
						2,
						0
					],
					[
						31976.7441860465,
						0,
						0
					],
					[
						32558.1395348837,
						3,
						0
					],
					[
						31627.9069767442,
						2,
						0
					],
					[
						32558.1395348837,
						2,
						0
					],
					[
						32790.6976744186,
						0,
						0
					],
					[
						33139.5348837209,
						1,
						0
					],
					[
						32906.976744186,
						2,
						116.279069767442
					],
					[
						32906.976744186,
						3,
						116.279069767442
					],
					[
						33023.2558139535,
						4,
						0
					],
					[
						33139.5348837209,
						6,
						0
					],
					[
						33255.8139534884,
						4,
						0
					],
					[
						33372.0930232558,
						7,
						0
					],
					[
						31860.4651162791,
						7,
						0
					],
					[
						32441.8604651163,
						5,
						232.558139534884
					],
					[
						32325.5813953488,
						6,
						0
					],
					[
						32790.6976744186,
						6,
						0
					],
					[
						32906.976744186,
						7,
						0
					]
				],
				"startTime": 23448.275862069,
				"changeBPM": false,
				"bpm": 174
			},
			{
				"endTime": 26206.8965517241,
				"altAnim": false,
				"mustHitSection": true,
				"lengthInSteps": 16,
				"typeOfSection": 0,
				"sectionNotes": [
					[
						33488.3720930232,
						4,
						0
					],
					[
						33604.6511627907,
						6,
						0
					],
					[
						33720.9302325581,
						4,
						0
					],
					[
						33953.488372093,
						4,
						0
					],
					[
						34186.0465116279,
						4,
						0
					],
					[
						34302.3255813953,
						6,
						0
					],
					[
						34418.6046511628,
						4,
						0
					],
					[
						34651.1627906977,
						4,
						0
					],
					[
						35116.2790697674,
						5,
						0
					],
					[
						34767.4418604651,
						6,
						0
					],
					[
						34883.7209302326,
						4,
						0
					],
					[
						33720.9302325581,
						0,
						0
					],
					[
						33837.2093023256,
						3,
						0
					],
					[
						33953.488372093,
						0,
						0
					],
					[
						34186.0465116279,
						0,
						0
					],
					[
						34418.6046511628,
						0,
						0
					],
					[
						34534.8837209302,
						3,
						0
					],
					[
						34651.1627906977,
						0,
						0
					],
					[
						34883.7209302326,
						2,
						0
					],
					[
						35116.2790697674,
						0,
						0
					],
					[
						35232.5581395349,
						1,
						0
					]
				],
				"startTime": 24827.5862068966,
				"changeBPM": false,
				"bpm": 174
			},
			{
				"endTime": 27586.2068965517,
				"altAnim": false,
				"mustHitSection": true,
				"lengthInSteps": 16,
				"typeOfSection": 0,
				"sectionNotes": [
					[
						35348.8372093023,
						4,
						0
					],
					[
						35465.1162790698,
						6,
						0
					],
					[
						35581.3953488372,
						4,
						0
					],
					[
						35813.9534883721,
						4,
						0
					],
					[
						36046.511627907,
						4,
						0
					],
					[
						36162.7906976744,
						6,
						0
					],
					[
						36279.0697674418,
						4,
						0
					],
					[
						36511.6279069767,
						5,
						0
					],
					[
						35581.3953488372,
						0,
						0
					],
					[
						35697.6744186046,
						2,
						0
					],
					[
						35813.9534883721,
						0,
						0
					],
					[
						36046.511627907,
						0,
						0
					],
					[
						36279.0697674418,
						0,
						0
					],
					[
						36395.3488372093,
						3,
						0
					],
					[
						36511.6279069767,
						0,
						0
					],
					[
						36744.1860465116,
						0,
						0
					],
					[
						36976.7441860465,
						3,
						0
					],
					[
						37093.0232558139,
						0,
						0
					]
				],
				"startTime": 26206.8965517241,
				"changeBPM": false,
				"bpm": 174
			},
			{
				"endTime": 28965.5172413793,
				"altAnim": false,
				"mustHitSection": false,
				"lengthInSteps": 16,
				"typeOfSection": 0,
				"sectionNotes": [
					[
						37441.8604651163,
						2,
						0
					],
					[
						37558.1395348837,
						3,
						0
					],
					[
						37674.4186046512,
						0,
						0
					],
					[
						38139.5348837209,
						0,
						0
					],
					[
						38255.8139534884,
						2,
						0
					],
					[
						38372.0930232558,
						0,
						0
					],
					[
						38488.3720930232,
						3,
						0
					],
					[
						38604.6511627907,
						1,
						0
					],
					[
						38720.9302325581,
						3,
						0
					],
					[
						38953.488372093,
						2,
						0
					],
					[
						37674.4186046512,
						1,
						0
					],
					[
						38139.5348837209,
						1,
						0
					],
					[
						37906.976744186,
						2,
						0
					]
				],
				"startTime": 27586.2068965517,
				"changeBPM": false,
				"bpm": 174
			},
			{
				"endTime": 30344.8275862069,
				"altAnim": false,
				"mustHitSection": false,
				"lengthInSteps": 16,
				"typeOfSection": 0,
				"sectionNotes": [
					[
						39186.0465116279,
						2,
						0
					],
					[
						39302.3255813953,
						2,
						0
					],
					[
						39418.6046511628,
						1,
						0
					],
					[
						39534.8837209302,
						0,
						0
					],
					[
						39651.1627906977,
						2,
						0
					],
					[
						39767.4418604651,
						0,
						0
					],
					[
						39883.7209302325,
						3,
						0
					],
					[
						40000,
						0,
						0
					],
					[
						40232.5581395349,
						2,
						0
					],
					[
						40116.2790697674,
						1,
						0
					],
					[
						40174.4186046511,
						3,
						0
					],
					[
						40348.8372093023,
						0,
						0
					],
					[
						40465.1162790698,
						1,
						0
					],
					[
						40581.3953488372,
						3,
						0
					],
					[
						40813.9534883721,
						2,
						0
					]
				],
				"startTime": 28965.5172413793,
				"changeBPM": false,
				"bpm": 174
			},
			{
				"endTime": 31724.1379310345,
				"altAnim": false,
				"mustHitSection": true,
				"lengthInSteps": 16,
				"typeOfSection": 0,
				"sectionNotes": [
					[
						41162.7906976744,
						2,
						0
					],
					[
						41279.0697674418,
						3,
						0
					],
					[
						41395.3488372093,
						0,
						0
					],
					[
						41860.4651162791,
						0,
						0
					],
					[
						41976.7441860465,
						2,
						0
					],
					[
						42093.0232558139,
						0,
						0
					],
					[
						42209.3023255814,
						3,
						0
					],
					[
						42441.8604651163,
						3,
						0
					],
					[
						42674.4186046511,
						2,
						0
					],
					[
						42325.5813953488,
						1,
						0
					],
					[
						41395.3488372093,
						1,
						0
					],
					[
						41860.4651162791,
						1,
						0
					],
					[
						41627.9069767442,
						3,
						0
					]
				],
				"startTime": 30344.8275862069,
				"changeBPM": false,
				"bpm": 174
			},
			{
				"endTime": 33103.4482758621,
				"altAnim": false,
				"mustHitSection": true,
				"lengthInSteps": 16,
				"typeOfSection": 0,
				"sectionNotes": [
					[
						42906.976744186,
						2,
						0
					],
					[
						43023.2558139535,
						2,
						0
					],
					[
						43139.5348837209,
						1,
						0
					],
					[
						43255.8139534884,
						0,
						0
					],
					[
						43372.0930232558,
						2,
						0
					],
					[
						43488.3720930232,
						0,
						0
					],
					[
						43604.6511627907,
						3,
						0
					],
					[
						43720.9302325581,
						0,
						0
					],
					[
						43953.488372093,
						2,
						0
					],
					[
						43837.2093023256,
						1,
						0
					],
					[
						43895.3488372093,
						3,
						0
					],
					[
						44069.7674418605,
						0,
						0
					],
					[
						44186.0465116279,
						1,
						0
					],
					[
						44302.3255813953,
						3,
						0
					],
					[
						44534.8837209302,
						2,
						0
					]
				],
				"startTime": 31724.1379310345,
				"changeBPM": false,
				"bpm": 174
			},
			{
				"endTime": 34482.7586206897,
				"altAnim": false,
				"mustHitSection": false,
				"lengthInSteps": 16,
				"typeOfSection": 0,
				"sectionNotes": [
					[
						44883.7209302326,
						2,
						0
					],
					[
						45000,
						3,
						0
					],
					[
						45116.2790697674,
						0,
						0
					],
					[
						45581.3953488372,
						0,
						0
					],
					[
						45697.6744186046,
						2,
						0
					],
					[
						45813.9534883721,
						0,
						0
					],
					[
						45930.2325581395,
						3,
						0
					],
					[
						46046.511627907,
						1,
						0
					],
					[
						46162.7906976744,
						3,
						0
					],
					[
						46395.3488372093,
						2,
						0
					],
					[
						45116.2790697674,
						1,
						0
					],
					[
						45581.3953488372,
						1,
						0
					],
					[
						45348.8372093023,
						2,
						0
					]
				],
				"startTime": 33103.4482758621,
				"changeBPM": false,
				"bpm": 174
			},
			{
				"endTime": 35862.0689655172,
				"altAnim": false,
				"mustHitSection": false,
				"lengthInSteps": 16,
				"typeOfSection": 0,
				"sectionNotes": [
					[
						46627.9069767442,
						2,
						0
					],
					[
						46744.1860465116,
						2,
						0
					],
					[
						46860.4651162791,
						1,
						0
					],
					[
						46976.7441860465,
						0,
						0
					],
					[
						47093.0232558139,
						2,
						0
					],
					[
						47209.3023255814,
						0,
						0
					],
					[
						47325.5813953488,
						3,
						0
					],
					[
						47441.8604651163,
						0,
						0
					],
					[
						47674.4186046511,
						2,
						0
					],
					[
						47558.1395348837,
						1,
						0
					],
					[
						47616.2790697674,
						3,
						0
					],
					[
						47790.6976744186,
						0,
						0
					],
					[
						47906.976744186,
						1,
						0
					],
					[
						48023.2558139535,
						3,
						0
					],
					[
						48255.8139534884,
						2,
						0
					]
				],
				"startTime": 34482.7586206897,
				"changeBPM": false,
				"bpm": 174
			},
			{
				"endTime": 37241.3793103448,
				"altAnim": false,
				"mustHitSection": true,
				"lengthInSteps": 16,
				"typeOfSection": 0,
				"sectionNotes": [
					[
						48604.6511627907,
						2,
						0
					],
					[
						48720.9302325581,
						3,
						0
					],
					[
						48837.2093023256,
						0,
						0
					],
					[
						49302.3255813953,
						0,
						0
					],
					[
						49418.6046511628,
						2,
						0
					],
					[
						49534.8837209302,
						0,
						0
					],
					[
						49651.1627906977,
						3,
						0
					],
					[
						49767.4418604651,
						1,
						0
					],
					[
						49883.7209302325,
						3,
						0
					],
					[
						50116.2790697674,
						2,
						0
					],
					[
						48837.2093023256,
						1,
						0
					],
					[
						49302.3255813953,
						1,
						0
					],
					[
						49069.7674418604,
						3,
						0
					]
				],
				"startTime": 35862.0689655172,
				"changeBPM": false,
				"bpm": 174
			},
			{
				"endTime": 38620.6896551724,
				"altAnim": false,
				"mustHitSection": true,
				"lengthInSteps": 16,
				"typeOfSection": 0,
				"sectionNotes": [
					[
						50348.8372093023,
						2,
						0
					],
					[
						50465.1162790698,
						2,
						0
					],
					[
						50581.3953488372,
						1,
						0
					],
					[
						50697.6744186046,
						0,
						0
					],
					[
						50813.9534883721,
						2,
						0
					],
					[
						50930.2325581395,
						0,
						0
					],
					[
						51046.511627907,
						3,
						0
					],
					[
						51162.7906976744,
						0,
						0
					],
					[
						51395.3488372093,
						2,
						0
					],
					[
						51279.0697674418,
						1,
						0
					],
					[
						51337.2093023256,
						3,
						0
					],
					[
						51511.6279069767,
						0,
						0
					],
					[
						51627.9069767442,
						1,
						0
					],
					[
						51744.1860465116,
						3,
						0
					],
					[
						51976.7441860465,
						2,
						0
					]
				],
				"startTime": 37241.3793103448,
				"changeBPM": false,
				"bpm": 174
			},
			{
				"endTime": 40000,
				"altAnim": false,
				"mustHitSection": false,
				"lengthInSteps": 16,
				"typeOfSection": 0,
				"sectionNotes": [
					[
						52093.023255814,
						2,
						0
					],
					[
						52209.3023255814,
						1,
						0
					],
					[
						53023.2558139535,
						1,
						0
					],
					[
						52325.5813953488,
						3,
						0
					],
					[
						52558.1395348837,
						0,
						0
					],
					[
						52790.6976744186,
						3,
						0
					],
					[
						53372.0930232558,
						0,
						0
					],
					[
						53720.9302325581,
						0,
						0
					],
					[
						53023.2558139535,
						2,
						0
					],
					[
						52558.1395348837,
						2,
						0
					]
				],
				"startTime": 38620.6896551724,
				"changeBPM": false,
				"bpm": 174
			},
			{
				"endTime": 41379.3103448276,
				"altAnim": false,
				"mustHitSection": false,
				"lengthInSteps": 16,
				"typeOfSection": 0,
				"sectionNotes": [
					[
						53953.488372093,
						2,
						0
					],
					[
						54069.7674418605,
						1,
						0
					],
					[
						54883.7209302326,
						1,
						0
					],
					[
						54186.0465116279,
						3,
						0
					],
					[
						54418.6046511628,
						0,
						0
					],
					[
						54651.1627906977,
						3,
						0
					],
					[
						55232.5581395349,
						0,
						0
					],
					[
						55465.1162790698,
						1,
						0
					],
					[
						55581.3953488372,
						2,
						0
					],
					[
						55697.6744186047,
						3,
						0
					],
					[
						55232.5581395349,
						1,
						0
					],
					[
						54883.7209302326,
						2,
						0
					],
					[
						54418.6046511628,
						2,
						0
					]
				],
				"startTime": 40000,
				"changeBPM": false,
				"bpm": 174
			},
			{
				"endTime": 42758.6206896552,
				"altAnim": false,
				"mustHitSection": true,
				"lengthInSteps": 16,
				"typeOfSection": 0,
				"sectionNotes": [
					[
						55813.9534883721,
						2,
						0
					],
					[
						55930.2325581396,
						1,
						0
					],
					[
						56046.511627907,
						0,
						0
					],
					[
						56279.0697674419,
						1,
						0
					],
					[
						56511.6279069768,
						3,
						0
					],
					[
						56744.1860465117,
						0,
						0
					],
					[
						57093.023255814,
						1,
						0
					],
					[
						57441.8604651163,
						1,
						0
					],
					[
						56279.0697674419,
						2,
						0
					],
					[
						56744.1860465117,
						2,
						0
					]
				],
				"startTime": 41379.3103448276,
				"changeBPM": false,
				"bpm": 174
			},
			{
				"endTime": 44137.9310344828,
				"altAnim": false,
				"mustHitSection": true,
				"lengthInSteps": 16,
				"typeOfSection": 0,
				"sectionNotes": [
					[
						57674.4186046512,
						2,
						0
					],
					[
						57790.6976744186,
						1,
						0
					],
					[
						57906.9767441861,
						0,
						0
					],
					[
						58139.534883721,
						1,
						0
					],
					[
						58372.0930232558,
						3,
						0
					],
					[
						58604.6511627907,
						0,
						0
					],
					[
						58953.488372093,
						1,
						0
					],
					[
						59186.0465116279,
						3,
						0
					],
					[
						59302.3255813954,
						2,
						0
					],
					[
						59418.6046511628,
						1,
						0
					],
					[
						58139.534883721,
						2,
						0
					],
					[
						58604.6511627907,
						2,
						0
					]
				],
				"startTime": 42758.6206896552,
				"changeBPM": false,
				"bpm": 174
			},
			{
				"endTime": 45517.2413793103,
				"altAnim": false,
				"mustHitSection": false,
				"lengthInSteps": 16,
				"typeOfSection": 0,
				"sectionNotes": [
					[
						59534.8837209303,
						2,
						0
					],
					[
						59651.1627906977,
						1,
						0
					],
					[
						60465.1162790698,
						1,
						0
					],
					[
						59767.4418604651,
						3,
						0
					],
					[
						60000,
						0,
						0
					],
					[
						60232.5581395349,
						3,
						0
					],
					[
						60813.9534883721,
						0,
						0
					],
					[
						61162.7906976744,
						0,
						0
					],
					[
						60465.1162790698,
						2,
						0
					],
					[
						60000,
						2,
						0
					]
				],
				"startTime": 44137.9310344828,
				"changeBPM": false,
				"bpm": 174
			},
			{
				"endTime": 46896.5517241379,
				"altAnim": false,
				"mustHitSection": false,
				"lengthInSteps": 16,
				"typeOfSection": 0,
				"sectionNotes": [
					[
						61395.3488372093,
						2,
						0
					],
					[
						61511.6279069768,
						1,
						0
					],
					[
						62325.5813953489,
						1,
						0
					],
					[
						61627.9069767442,
						3,
						0
					],
					[
						61860.4651162791,
						0,
						0
					],
					[
						62093.023255814,
						3,
						0
					],
					[
						62674.4186046512,
						0,
						0
					],
					[
						62906.9767441861,
						1,
						0
					],
					[
						63023.2558139535,
						2,
						0
					],
					[
						63139.534883721,
						3,
						0
					],
					[
						62674.4186046512,
						1,
						0
					],
					[
						62325.5813953489,
						2,
						0
					],
					[
						61860.4651162791,
						2,
						0
					]
				],
				"startTime": 45517.2413793103,
				"changeBPM": false,
				"bpm": 174
			},
			{
				"endTime": 48275.8620689655,
				"altAnim": false,
				"mustHitSection": true,
				"lengthInSteps": 16,
				"typeOfSection": 0,
				"sectionNotes": [
					[
						63255.8139534884,
						2,
						0
					],
					[
						63372.0930232558,
						1,
						0
					],
					[
						63488.3720930233,
						0,
						0
					],
					[
						63720.9302325582,
						1,
						0
					],
					[
						63953.4883720931,
						3,
						0
					],
					[
						64186.046511628,
						0,
						0
					],
					[
						64534.8837209302,
						1,
						0
					],
					[
						64883.7209302326,
						1,
						0
					],
					[
						63720.9302325582,
						2,
						0
					],
					[
						64186.046511628,
						2,
						0
					]
				],
				"startTime": 46896.5517241379,
				"changeBPM": false,
				"bpm": 174
			},
			{
				"endTime": 49655.1724137931,
				"altAnim": false,
				"mustHitSection": true,
				"lengthInSteps": 16,
				"typeOfSection": 0,
				"sectionNotes": [
					[
						65116.2790697674,
						2,
						0
					],
					[
						65232.5581395349,
						1,
						0
					],
					[
						65348.8372093023,
						0,
						0
					],
					[
						65581.3953488372,
						1,
						0
					],
					[
						65813.953488372,
						3,
						0
					],
					[
						66046.5116279069,
						0,
						0
					],
					[
						66395.3488372093,
						1,
						0
					],
					[
						66627.9069767442,
						3,
						0
					],
					[
						66744.1860465116,
						2,
						0
					],
					[
						66860.4651162791,
						1,
						0
					],
					[
						65581.3953488372,
						2,
						0
					],
					[
						66046.5116279069,
						2,
						0
					]
				],
				"startTime": 48275.8620689655,
				"changeBPM": false,
				"bpm": 174
			},
			{
				"endTime": 51034.4827586207,
				"altAnim": false,
				"mustHitSection": false,
				"lengthInSteps": 16,
				"typeOfSection": 0,
				"sectionNotes": [
					[
						66976.7441860465,
						3,
						0
					],
					[
						67441.8604651163,
						3,
						0
					],
					[
						67906.976744186,
						3,
						232.558139534884
					],
					[
						68255.8139534884,
						1,
						0
					],
					[
						68604.6511627907,
						1,
						0
					]
				],
				"startTime": 49655.1724137931,
				"changeBPM": false,
				"bpm": 174
			},
			{
				"endTime": 52413.7931034483,
				"altAnim": false,
				"mustHitSection": false,
				"lengthInSteps": 16,
				"typeOfSection": 0,
				"sectionNotes": [
					[
						68837.2093023256,
						2,
						0
					],
					[
						68953.488372093,
						0,
						0
					],
					[
						69069.7674418604,
						3,
						0
					],
					[
						69302.3255813953,
						2,
						0
					],
					[
						69534.8837209302,
						0,
						0
					],
					[
						69767.4418604651,
						1,
						0
					],
					[
						70116.2790697674,
						3,
						0
					],
					[
						69302.3255813953,
						3,
						0
					],
					[
						70465.1162790697,
						2,
						0
					],
					[
						70581.3953488372,
						1,
						0
					],
					[
						70348.8372093023,
						0,
						0
					]
				],
				"startTime": 51034.4827586207,
				"changeBPM": false,
				"bpm": 174
			},
			{
				"endTime": 53793.1034482759,
				"altAnim": false,
				"mustHitSection": true,
				"lengthInSteps": 16,
				"typeOfSection": 0,
				"sectionNotes": [
					[
						70697.6744186046,
						0,
						0
					],
					[
						71162.7906976744,
						0,
						0
					],
					[
						71627.9069767442,
						0,
						232.558139534884
					],
					[
						71976.7441860465,
						1,
						0
					],
					[
						72325.5813953488,
						1,
						0
					]
				],
				"startTime": 52413.7931034483,
				"changeBPM": false,
				"bpm": 174
			},
			{
				"endTime": 55172.4137931034,
				"altAnim": false,
				"mustHitSection": true,
				"lengthInSteps": 16,
				"typeOfSection": 0,
				"sectionNotes": [
					[
						72558.1395348837,
						2,
						0
					],
					[
						73837.2093023256,
						3,
						0
					],
					[
						74186.0465116279,
						2,
						0
					],
					[
						74302.3255813953,
						1,
						0
					],
					[
						74069.7674418604,
						0,
						0
					],
					[
						73255.8139534884,
						1,
						0
					],
					[
						73488.3720930232,
						2,
						0
					],
					[
						72674.4186046511,
						0,
						0
					],
					[
						72790.6976744186,
						3,
						0
					],
					[
						73023.2558139535,
						2,
						0
					],
					[
						73023.2558139535,
						3,
						0
					]
				],
				"startTime": 53793.1034482759,
				"changeBPM": false,
				"bpm": 174
			},
			{
				"endTime": 56551.724137931,
				"altAnim": false,
				"mustHitSection": false,
				"lengthInSteps": 16,
				"typeOfSection": 0,
				"sectionNotes": [
					[
						74418.6046511628,
						3,
						0
					],
					[
						74883.7209302325,
						3,
						0
					],
					[
						75348.8372093023,
						3,
						232.558139534884
					],
					[
						75697.6744186046,
						1,
						0
					],
					[
						76046.5116279069,
						1,
						0
					]
				],
				"startTime": 55172.4137931034,
				"changeBPM": false,
				"bpm": 174
			},
			{
				"endTime": 57931.0344827586,
				"altAnim": false,
				"mustHitSection": false,
				"lengthInSteps": 16,
				"typeOfSection": 0,
				"sectionNotes": [
					[
						76279.0697674418,
						2,
						0
					],
					[
						76395.3488372093,
						0,
						0
					],
					[
						76511.6279069767,
						3,
						0
					],
					[
						76744.1860465116,
						2,
						0
					],
					[
						76976.7441860465,
						0,
						0
					],
					[
						77209.3023255814,
						1,
						0
					],
					[
						77558.1395348837,
						3,
						0
					],
					[
						76744.1860465116,
						3,
						0
					],
					[
						77906.976744186,
						2,
						0
					],
					[
						78023.2558139535,
						1,
						0
					],
					[
						77790.6976744186,
						0,
						0
					]
				],
				"startTime": 56551.724137931,
				"changeBPM": false,
				"bpm": 174
			},
			{
				"endTime": 59310.3448275862,
				"altAnim": false,
				"mustHitSection": true,
				"lengthInSteps": 16,
				"typeOfSection": 0,
				"sectionNotes": [
					[
						78139.5348837209,
						0,
						0
					],
					[
						78604.6511627907,
						0,
						0
					],
					[
						79069.7674418604,
						0,
						232.558139534884
					],
					[
						79418.6046511628,
						1,
						0
					],
					[
						79767.4418604651,
						1,
						0
					]
				],
				"startTime": 57931.0344827586,
				"changeBPM": false,
				"bpm": 174
			},
			{
				"endTime": 60689.6551724138,
				"altAnim": false,
				"mustHitSection": true,
				"lengthInSteps": 16,
				"typeOfSection": 0,
				"sectionNotes": [
					[
						80697.6744186046,
						1,
						0
					],
					[
						80465.1162790697,
						1,
						0
					],
					[
						80930.2325581395,
						3,
						0
					],
					[
						81162.7906976744,
						1,
						0
					],
					[
						81395.3488372093,
						0,
						0
					],
					[
						80000,
						2,
						0
					],
					[
						80232.5581395349,
						2,
						0
					],
					[
						81627.9069767442,
						1,
						116.279069767442
					]
				],
				"startTime": 59310.3448275862,
				"changeBPM": false,
				"bpm": 174
			},
			{
				"endTime": 62068.9655172414,
				"altAnim": false,
				"mustHitSection": false,
				"lengthInSteps": 16,
				"typeOfSection": 0,
				"sectionNotes": [
					[
						81860.465116279,
						3,
						0
					],
					[
						81976.7441860465,
						3,
						0
					],
					[
						82209.3023255814,
						0,
						0
					],
					[
						82325.5813953488,
						0,
						0
					],
					[
						82558.1395348837,
						2,
						0
					],
					[
						82674.4186046511,
						2,
						0
					],
					[
						83023.2558139535,
						0,
						0
					],
					[
						83139.5348837209,
						0,
						0
					],
					[
						83372.0930232558,
						1,
						0
					],
					[
						83255.8139534883,
						1,
						0
					],
					[
						81860.465116279,
						6,
						232.558139534884
					]
				],
				"startTime": 60689.6551724138,
				"changeBPM": false,
				"bpm": 174
			},
			{
				"endTime": 63448.275862069,
				"altAnim": false,
				"mustHitSection": false,
				"lengthInSteps": 16,
				"typeOfSection": 0,
				"sectionNotes": [
					[
						83720.9302325581,
						3,
						0
					],
					[
						83837.2093023255,
						3,
						0
					],
					[
						84069.7674418604,
						0,
						0
					],
					[
						84186.0465116279,
						0,
						0
					],
					[
						84418.6046511628,
						2,
						0
					],
					[
						84534.8837209302,
						2,
						0
					],
					[
						84883.7209302325,
						0,
						0
					],
					[
						85000,
						0,
						0
					],
					[
						85116.2790697674,
						1,
						0
					],
					[
						85232.5581395349,
						1,
						0
					],
					[
						85348.8372093023,
						0,
						0
					],
					[
						85465.1162790697,
						0,
						0
					]
				],
				"startTime": 62068.9655172414,
				"changeBPM": false,
				"bpm": 174
			},
			{
				"endTime": 64827.5862068966,
				"altAnim": false,
				"mustHitSection": true,
				"lengthInSteps": 16,
				"typeOfSection": 0,
				"sectionNotes": [
					[
						85581.3953488372,
						0,
						0
					],
					[
						85697.6744186046,
						0,
						0
					],
					[
						86976.7441860465,
						1,
						0
					],
					[
						87093.0232558139,
						1,
						0
					],
					[
						86744.1860465116,
						2,
						0
					],
					[
						86860.465116279,
						2,
						0
					],
					[
						85930.2325581395,
						1,
						0
					],
					[
						86046.5116279069,
						1,
						0
					],
					[
						86279.0697674418,
						3,
						0
					],
					[
						86395.3488372093,
						3,
						0
					]
				],
				"startTime": 63448.275862069,
				"changeBPM": false,
				"bpm": 174
			},
			{
				"endTime": 66206.8965517241,
				"altAnim": false,
				"mustHitSection": true,
				"lengthInSteps": 16,
				"typeOfSection": 0,
				"sectionNotes": [
					[
						87441.8604651162,
						0,
						0
					],
					[
						87558.1395348837,
						0,
						0
					],
					[
						88604.6511627907,
						1,
						116.279069767442
					],
					[
						88953.488372093,
						0,
						0
					],
					[
						89069.7674418604,
						3,
						0
					],
					[
						89186.0465116279,
						2,
						0
					],
					[
						87790.6976744186,
						1,
						0
					],
					[
						87906.976744186,
						1,
						0
					],
					[
						88139.5348837209,
						3,
						0
					],
					[
						88255.8139534883,
						3,
						0
					],
					[
						88604.6511627907,
						2,
						116.279069767442
					],
					[
						88837.2093023255,
						3,
						0
					]
				],
				"startTime": 64827.5862068966,
				"changeBPM": false,
				"bpm": 174
			},
			{
				"endTime": 67586.2068965517,
				"altAnim": false,
				"mustHitSection": false,
				"lengthInSteps": 16,
				"typeOfSection": 0,
				"sectionNotes": [
					[
						89302.3255813953,
						5,
						116.279069767442
					],
					[
						89302.3255813953,
						0,
						0
					],
					[
						89418.6046511628,
						2,
						0
					],
					[
						89534.8837209302,
						1,
						0
					],
					[
						89651.1627906977,
						3,
						0
					],
					[
						90232.5581395349,
						1,
						0
					],
					[
						90465.1162790697,
						3,
						0
					],
					[
						90581.3953488372,
						2,
						116.279069767442
					],
					[
						89302.3255813953,
						1,
						0
					],
					[
						90232.5581395349,
						0,
						0
					],
					[
						90581.3953488372,
						1,
						116.279069767442
					],
					[
						90813.9534883721,
						0,
						0
					]
				],
				"startTime": 66206.8965517241,
				"changeBPM": false,
				"bpm": 174
			},
			{
				"endTime": 68965.5172413793,
				"altAnim": false,
				"mustHitSection": false,
				"lengthInSteps": 16,
				"typeOfSection": 0,
				"sectionNotes": [
					[
						91162.7906976744,
						3,
						0
					],
					[
						91279.0697674418,
						1,
						0
					],
					[
						91395.3488372093,
						2,
						0
					],
					[
						91511.6279069767,
						0,
						0
					],
					[
						92093.0232558139,
						3,
						0
					],
					[
						91162.7906976744,
						2,
						0
					],
					[
						92093.0232558139,
						2,
						0
					],
					[
						92325.5813953488,
						0,
						0
					],
					[
						92441.8604651163,
						3,
						116.279069767442
					],
					[
						92441.8604651163,
						1,
						116.279069767442
					],
					[
						92674.4186046511,
						2,
						0
					]
				],
				"startTime": 67586.2068965517,
				"changeBPM": false,
				"bpm": 174
			},
			{
				"endTime": 70344.8275862069,
				"altAnim": false,
				"mustHitSection": false,
				"lengthInSteps": 16,
				"typeOfSection": 0,
				"sectionNotes": [
					[
						93023.2558139535,
						0,
						0
					],
					[
						93139.5348837209,
						0,
						0
					],
					[
						93255.8139534884,
						2,
						0
					],
					[
						93372.0930232558,
						2,
						0
					],
					[
						93488.3720930232,
						3,
						0
					],
					[
						93604.6511627907,
						3,
						0
					],
					[
						93720.9302325581,
						2,
						0
					],
					[
						93953.488372093,
						0,
						0
					],
					[
						94186.0465116279,
						2,
						0
					],
					[
						94302.3255813953,
						1,
						232.558139534884
					],
					[
						94302.3255813953,
						3,
						232.558139534884
					],
					[
						94651.1627906977,
						2,
						0
					]
				],
				"startTime": 68965.5172413793,
				"changeBPM": false,
				"bpm": 174
			},
			{
				"endTime": 71724.1379310345,
				"altAnim": false,
				"mustHitSection": false,
				"lengthInSteps": 16,
				"typeOfSection": 0,
				"sectionNotes": [
					[
						94883.7209302325,
						0,
						0
					],
					[
						95116.2790697674,
						3,
						0
					],
					[
						95232.5581395349,
						1,
						232.558139534884
					],
					[
						95232.5581395349,
						0,
						232.558139534884
					],
					[
						95581.3953488372,
						2,
						0
					],
					[
						95930.2325581395,
						1,
						232.558139534884
					],
					[
						95930.2325581395,
						0,
						232.558139534884
					],
					[
						95813.9534883721,
						3,
						0
					],
					[
						96279.0697674418,
						2,
						0
					],
					[
						96511.6279069767,
						1,
						0
					],
					[
						96395.3488372093,
						0,
						0
					],
					[
						96627.9069767442,
						3,
						0
					]
				],
				"startTime": 70344.8275862069,
				"changeBPM": false,
				"bpm": 174
			},
			{
				"endTime": 73103.4482758621,
				"altAnim": false,
				"mustHitSection": true,
				"lengthInSteps": 16,
				"typeOfSection": 0,
				"sectionNotes": [
					[
						96744.1860465116,
						0,
						0
					],
					[
						96860.4651162791,
						2,
						0
					],
					[
						96976.7441860465,
						1,
						0
					],
					[
						97093.0232558139,
						3,
						0
					],
					[
						97674.4186046511,
						1,
						0
					],
					[
						97906.976744186,
						3,
						0
					],
					[
						98023.2558139535,
						2,
						116.279069767442
					],
					[
						96744.1860465116,
						1,
						0
					],
					[
						97674.4186046511,
						0,
						0
					],
					[
						98023.2558139535,
						1,
						116.279069767442
					],
					[
						98255.8139534883,
						0,
						0
					],
					[
						96744.1860465116,
						6,
						581.395348837209
					],
					[
						97441.8604651163,
						4,
						0
					],
					[
						97906.976744186,
						7,
						116.279069767442
					],
					[
						97906.976744186,
						5,
						116.279069767442
					],
					[
						98255.8139534883,
						4,
						0
					],
					[
						98372.0930232558,
						5,
						348.837209302326
					]
				],
				"startTime": 71724.1379310345,
				"changeBPM": false,
				"bpm": 174
			},
			{
				"endTime": 74482.7586206897,
				"altAnim": false,
				"mustHitSection": true,
				"lengthInSteps": 16,
				"typeOfSection": 0,
				"sectionNotes": [
					[
						98604.6511627907,
						3,
						0
					],
					[
						98720.9302325581,
						1,
						0
					],
					[
						98837.2093023256,
						2,
						0
					],
					[
						98953.488372093,
						0,
						0
					],
					[
						99534.8837209302,
						3,
						0
					],
					[
						98604.6511627907,
						2,
						0
					],
					[
						99534.8837209302,
						2,
						0
					],
					[
						99767.4418604651,
						0,
						0
					],
					[
						100116.279069767,
						1,
						0
					],
					[
						99883.7209302325,
						2,
						116.279069767442
					],
					[
						99883.7209302325,
						3,
						116.279069767442
					],
					[
						100000,
						4,
						0
					],
					[
						100116.279069767,
						6,
						0
					],
					[
						100232.558139535,
						4,
						0
					],
					[
						100348.837209302,
						7,
						0
					],
					[
						98837.2093023256,
						7,
						0
					],
					[
						99418.6046511628,
						5,
						232.558139534884
					],
					[
						99302.3255813953,
						6,
						0
					],
					[
						99767.4418604651,
						7,
						0
					]
				],
				"startTime": 73103.4482758621,
				"changeBPM": false,
				"bpm": 174
			},
			{
				"endTime": 75862.0689655172,
				"altAnim": false,
				"mustHitSection": true,
				"lengthInSteps": 16,
				"typeOfSection": 0,
				"sectionNotes": [
					[
						100465.11627907,
						4,
						0
					],
					[
						100581.395348837,
						6,
						0
					],
					[
						100697.674418605,
						4,
						0
					],
					[
						100930.23255814,
						4,
						0
					],
					[
						101162.790697674,
						4,
						0
					],
					[
						101279.069767442,
						6,
						0
					],
					[
						101395.348837209,
						4,
						0
					],
					[
						101627.906976744,
						4,
						0
					],
					[
						101744.186046512,
						7,
						0
					],
					[
						102093.023255814,
						5,
						0
					],
					[
						101860.465116279,
						4,
						0
					],
					[
						100697.674418605,
						0,
						0
					],
					[
						100813.953488372,
						3,
						0
					],
					[
						100930.232558139,
						0,
						0
					],
					[
						101162.790697674,
						0,
						0
					],
					[
						101395.348837209,
						0,
						0
					],
					[
						101511.627906977,
						3,
						0
					],
					[
						101627.906976744,
						0,
						0
					],
					[
						101860.465116279,
						3,
						0
					],
					[
						102093.023255814,
						2,
						0
					],
					[
						102209.302325581,
						0,
						0
					]
				],
				"startTime": 74482.7586206897,
				"changeBPM": false,
				"bpm": 174
			},
			{
				"endTime": 77241.3793103448,
				"altAnim": false,
				"mustHitSection": true,
				"lengthInSteps": 16,
				"typeOfSection": 0,
				"sectionNotes": [
					[
						102325.581395349,
						4,
						0
					],
					[
						102441.860465116,
						6,
						0
					],
					[
						102558.139534884,
						4,
						0
					],
					[
						102790.697674419,
						4,
						0
					],
					[
						103023.255813953,
						4,
						0
					],
					[
						103139.534883721,
						6,
						0
					],
					[
						103255.813953488,
						4,
						0
					],
					[
						103720.930232558,
						3,
						0
					],
					[
						103488.372093023,
						5,
						0
					],
					[
						102558.139534884,
						0,
						0
					],
					[
						102674.418604651,
						3,
						0
					],
					[
						102790.697674419,
						0,
						0
					],
					[
						103023.255813953,
						0,
						0
					],
					[
						103255.813953488,
						0,
						0
					],
					[
						103372.093023256,
						3,
						0
					],
					[
						103488.372093023,
						0,
						0
					],
					[
						103953.488372093,
						2,
						0
					],
					[
						104069.76744186,
						0,
						0
					]
				],
				"startTime": 75862.0689655172,
				"changeBPM": false,
				"bpm": 174
			},
			{
				"endTime": 78620.6896551724,
				"altAnim": false,
				"mustHitSection": false,
				"lengthInSteps": 16,
				"typeOfSection": 0,
				"sectionNotes": [],
				"startTime": 77241.3793103448,
				"changeBPM": false,
				"bpm": 174
			},
			{
				"endTime": 80000,
				"altAnim": false,
				"mustHitSection": false,
				"lengthInSteps": 16,
				"typeOfSection": 0,
				"sectionNotes": [],
				"startTime": 78620.6896551724,
				"changeBPM": false,
				"bpm": 174
			},
			{
				"endTime": 81379.3103448276,
				"altAnim": false,
				"mustHitSection": true,
				"lengthInSteps": 16,
				"typeOfSection": 0,
				"sectionNotes": [],
				"startTime": 80000,
				"changeBPM": false,
				"bpm": 174
			},
			{
				"endTime": 82758.6206896552,
				"altAnim": false,
				"mustHitSection": true,
				"lengthInSteps": 16,
				"typeOfSection": 0,
				"sectionNotes": [],
				"startTime": 81379.3103448276,
				"changeBPM": false,
				"bpm": 174
			},
			{
				"endTime": 84137.9310344828,
				"altAnim": false,
				"mustHitSection": false,
				"lengthInSteps": 16,
				"typeOfSection": 0,
				"sectionNotes": [
					[
						111627.906976744,
						2,
						0
					],
					[
						111744.186046512,
						1,
						0
					],
					[
						112558.139534884,
						1,
						0
					],
					[
						111860.465116279,
						3,
						0
					],
					[
						112093.023255814,
						0,
						0
					],
					[
						112325.581395349,
						3,
						0
					],
					[
						112906.976744186,
						0,
						0
					],
					[
						113255.813953488,
						0,
						0
					],
					[
						112558.139534884,
						2,
						0
					],
					[
						112093.023255814,
						2,
						0
					]
				],
				"startTime": 82758.6206896552,
				"changeBPM": false,
				"bpm": 174
			},
			{
				"endTime": 85517.2413793103,
				"altAnim": false,
				"mustHitSection": true,
				"lengthInSteps": 16,
				"typeOfSection": 0,
				"sectionNotes": [
					[
						113488.372093023,
						2,
						0
					],
					[
						113604.651162791,
						1,
						0
					],
					[
						113720.930232558,
						0,
						0
					],
					[
						113953.488372093,
						1,
						0
					],
					[
						114186.046511628,
						3,
						0
					],
					[
						114418.604651163,
						0,
						0
					],
					[
						114767.441860465,
						1,
						0
					],
					[
						115000,
						3,
						0
					],
					[
						115116.279069767,
						2,
						0
					],
					[
						115232.558139535,
						1,
						0
					],
					[
						113953.488372093,
						2,
						0
					],
					[
						114418.604651163,
						2,
						0
					]
				],
				"startTime": 84137.9310344828,
				"changeBPM": false,
				"bpm": 174
			},
			{
				"endTime": 86896.5517241379,
				"altAnim": false,
				"mustHitSection": false,
				"lengthInSteps": 16,
				"typeOfSection": 0,
				"sectionNotes": [
					[
						115348.837209302,
						2,
						0
					],
					[
						115465.11627907,
						1,
						0
					],
					[
						116279.069767442,
						1,
						0
					],
					[
						115581.395348837,
						3,
						0
					],
					[
						115813.953488372,
						0,
						0
					],
					[
						116046.511627907,
						3,
						0
					],
					[
						116627.906976744,
						0,
						0
					],
					[
						116976.744186046,
						0,
						0
					],
					[
						116279.069767442,
						2,
						0
					],
					[
						115813.953488372,
						2,
						0
					]
				],
				"startTime": 85517.2413793103,
				"changeBPM": false,
				"bpm": 174
			},
			{
				"endTime": 88275.8620689655,
				"altAnim": false,
				"mustHitSection": true,
				"lengthInSteps": 16,
				"typeOfSection": 0,
				"sectionNotes": [
					[
						117209.302325581,
						2,
						0
					],
					[
						117325.581395349,
						1,
						0
					],
					[
						117441.860465116,
						0,
						0
					],
					[
						117674.418604651,
						1,
						0
					],
					[
						117906.976744186,
						3,
						0
					],
					[
						118139.534883721,
						0,
						0
					],
					[
						118488.372093023,
						1,
						0
					],
					[
						118720.930232558,
						3,
						0
					],
					[
						118837.209302326,
						2,
						0
					],
					[
						118953.488372093,
						1,
						0
					],
					[
						117674.418604651,
						2,
						0
					],
					[
						118139.534883721,
						2,
						0
					],
					[
						117209.302325581,
						6,
						0
					],
					[
						117325.581395349,
						5,
						0
					],
					[
						118139.534883721,
						5,
						0
					],
					[
						117441.860465116,
						7,
						0
					],
					[
						117674.418604651,
						4,
						0
					],
					[
						117906.976744186,
						7,
						0
					],
					[
						118488.372093023,
						4,
						0
					],
					[
						118720.930232558,
						5,
						0
					],
					[
						118837.209302326,
						6,
						0
					],
					[
						118953.488372093,
						7,
						0
					],
					[
						118488.372093023,
						5,
						0
					],
					[
						118139.534883721,
						6,
						0
					],
					[
						117674.418604651,
						6,
						0
					]
				],
				"startTime": 86896.5517241379,
				"changeBPM": false,
				"bpm": 174
			},
			{
				"endTime": 89655.1724137931,
				"altAnim": false,
				"mustHitSection": false,
				"lengthInSteps": 16,
				"typeOfSection": 0,
				"sectionNotes": [
					[
						119302.325581395,
						2,
						0
					],
					[
						119418.604651163,
						3,
						0
					],
					[
						119534.88372093,
						0,
						0
					],
					[
						120000,
						0,
						0
					],
					[
						120116.279069767,
						2,
						0
					],
					[
						120232.558139535,
						0,
						0
					],
					[
						120348.837209302,
						3,
						0
					],
					[
						120465.11627907,
						1,
						0
					],
					[
						120581.395348837,
						3,
						0
					],
					[
						120813.953488372,
						2,
						0
					],
					[
						119534.88372093,
						1,
						0
					],
					[
						120000,
						1,
						0
					],
					[
						119767.441860465,
						2,
						0
					]
				],
				"startTime": 88275.8620689655,
				"changeBPM": false,
				"bpm": 174
			},
			{
				"endTime": 91034.4827586207,
				"altAnim": false,
				"mustHitSection": false,
				"lengthInSteps": 16,
				"typeOfSection": 0,
				"sectionNotes": [
					[
						121046.511627907,
						2,
						0
					],
					[
						121162.790697674,
						2,
						0
					],
					[
						121279.069767442,
						1,
						0
					],
					[
						121395.348837209,
						0,
						0
					],
					[
						121511.627906977,
						2,
						0
					],
					[
						121627.906976744,
						0,
						0
					],
					[
						121744.186046512,
						3,
						0
					],
					[
						121860.465116279,
						0,
						0
					],
					[
						122093.023255814,
						2,
						0
					],
					[
						121976.744186046,
						1,
						0
					],
					[
						122034.88372093,
						3,
						0
					],
					[
						122209.302325581,
						0,
						0
					],
					[
						122325.581395349,
						1,
						0
					],
					[
						122441.860465116,
						3,
						0
					],
					[
						122674.418604651,
						2,
						0
					]
				],
				"startTime": 89655.1724137931,
				"changeBPM": false,
				"bpm": 174
			},
			{
				"endTime": 92413.7931034483,
				"altAnim": false,
				"mustHitSection": true,
				"lengthInSteps": 16,
				"typeOfSection": 0,
				"sectionNotes": [
					[
						123023.255813953,
						2,
						0
					],
					[
						123139.534883721,
						3,
						0
					],
					[
						123255.813953488,
						0,
						0
					],
					[
						123720.930232558,
						0,
						0
					],
					[
						123837.209302326,
						2,
						0
					],
					[
						123953.488372093,
						0,
						0
					],
					[
						124069.76744186,
						3,
						0
					],
					[
						124186.046511628,
						1,
						0
					],
					[
						124302.325581395,
						3,
						0
					],
					[
						124534.88372093,
						2,
						0
					],
					[
						123255.813953488,
						1,
						0
					],
					[
						123720.930232558,
						1,
						0
					],
					[
						123488.372093023,
						3,
						0
					]
				],
				"startTime": 91034.4827586207,
				"changeBPM": false,
				"bpm": 174
			},
			{
				"endTime": 93793.1034482759,
				"altAnim": false,
				"mustHitSection": true,
				"lengthInSteps": 16,
				"typeOfSection": 0,
				"sectionNotes": [
					[
						124767.441860465,
						2,
						0
					],
					[
						124883.720930233,
						2,
						0
					],
					[
						125000,
						1,
						0
					],
					[
						125116.279069767,
						0,
						0
					],
					[
						125232.558139535,
						2,
						0
					],
					[
						125348.837209302,
						0,
						0
					],
					[
						125465.11627907,
						3,
						0
					],
					[
						125581.395348837,
						0,
						0
					],
					[
						125813.953488372,
						2,
						0
					],
					[
						125697.674418605,
						1,
						0
					],
					[
						125755.813953488,
						3,
						0
					],
					[
						125930.23255814,
						0,
						0
					],
					[
						126046.511627907,
						1,
						0
					],
					[
						126162.790697674,
						3,
						0
					],
					[
						126395.348837209,
						2,
						0
					]
				],
				"startTime": 92413.7931034483,
				"changeBPM": false,
				"bpm": 174
			},
			{
				"endTime": 95172.4137931034,
				"altAnim": false,
				"mustHitSection": false,
				"lengthInSteps": 16,
				"typeOfSection": 0,
				"sectionNotes": [
					[
						126744.186046512,
						2,
						0
					],
					[
						126860.465116279,
						3,
						0
					],
					[
						126976.744186046,
						0,
						0
					],
					[
						127441.860465116,
						0,
						0
					],
					[
						127558.139534884,
						2,
						0
					],
					[
						127674.418604651,
						0,
						0
					],
					[
						127790.697674419,
						3,
						0
					],
					[
						127906.976744186,
						1,
						0
					],
					[
						128023.255813953,
						3,
						0
					],
					[
						128255.813953488,
						2,
						0
					],
					[
						126976.744186046,
						1,
						0
					],
					[
						127441.860465116,
						1,
						0
					],
					[
						127209.302325581,
						2,
						0
					]
				],
				"startTime": 93793.1034482759,
				"changeBPM": false,
				"bpm": 174
			},
			{
				"endTime": 96551.724137931,
				"altAnim": false,
				"mustHitSection": false,
				"lengthInSteps": 16,
				"typeOfSection": 0,
				"sectionNotes": [
					[
						128488.372093023,
						2,
						0
					],
					[
						128604.651162791,
						2,
						0
					],
					[
						128720.930232558,
						1,
						0
					],
					[
						128837.209302326,
						0,
						0
					],
					[
						128953.488372093,
						2,
						0
					],
					[
						129069.76744186,
						0,
						0
					],
					[
						129186.046511628,
						3,
						0
					],
					[
						129302.325581395,
						0,
						0
					],
					[
						129534.88372093,
						2,
						0
					],
					[
						129418.604651163,
						1,
						0
					],
					[
						129476.744186046,
						3,
						0
					],
					[
						129651.162790698,
						0,
						0
					],
					[
						129767.441860465,
						1,
						0
					],
					[
						129883.720930233,
						3,
						0
					],
					[
						130116.279069767,
						2,
						0
					]
				],
				"startTime": 95172.4137931034,
				"changeBPM": false,
				"bpm": 174
			},
			{
				"endTime": 97931.0344827586,
				"altAnim": false,
				"mustHitSection": true,
				"lengthInSteps": 16,
				"typeOfSection": 0,
				"sectionNotes": [
					[
						130465.11627907,
						2,
						0
					],
					[
						130581.395348837,
						3,
						0
					],
					[
						130697.674418605,
						0,
						0
					],
					[
						131162.790697674,
						0,
						0
					],
					[
						131279.069767442,
						2,
						0
					],
					[
						131395.348837209,
						0,
						0
					],
					[
						131511.627906977,
						3,
						0
					],
					[
						131627.906976744,
						1,
						0
					],
					[
						131744.186046512,
						3,
						0
					],
					[
						131976.744186046,
						2,
						0
					],
					[
						130697.674418605,
						1,
						0
					],
					[
						131162.790697674,
						1,
						0
					],
					[
						130930.232558139,
						3,
						0
					]
				],
				"startTime": 96551.724137931,
				"changeBPM": false,
				"bpm": 174
			},
			{
				"endTime": 99310.3448275862,
				"altAnim": false,
				"mustHitSection": true,
				"lengthInSteps": 16,
				"typeOfSection": 0,
				"sectionNotes": [
					[
						132209.302325581,
						2,
						0
					],
					[
						132325.581395349,
						2,
						0
					],
					[
						132441.860465116,
						1,
						0
					],
					[
						132558.139534884,
						0,
						0
					],
					[
						132674.418604651,
						2,
						0
					],
					[
						132790.697674419,
						0,
						0
					],
					[
						132906.976744186,
						3,
						0
					],
					[
						133023.255813953,
						0,
						0
					],
					[
						133255.813953488,
						2,
						0
					],
					[
						133139.534883721,
						1,
						0
					],
					[
						133197.674418605,
						3,
						0
					],
					[
						133372.093023256,
						0,
						0
					],
					[
						133488.372093023,
						1,
						0
					],
					[
						133604.651162791,
						3,
						0
					],
					[
						133837.209302326,
						2,
						0
					]
				],
				"startTime": 97931.0344827586,
				"changeBPM": false,
				"bpm": 174
			},
			{
				"endTime": 100689.655172414,
				"altAnim": false,
				"mustHitSection": false,
				"lengthInSteps": 16,
				"typeOfSection": 0,
				"sectionNotes": [
					[
						133953.488372093,
						2,
						0
					],
					[
						134069.76744186,
						1,
						0
					],
					[
						134883.720930233,
						1,
						0
					],
					[
						134186.046511628,
						3,
						0
					],
					[
						134418.604651163,
						0,
						0
					],
					[
						134651.162790698,
						3,
						0
					],
					[
						135232.558139535,
						0,
						0
					],
					[
						135581.395348837,
						0,
						0
					],
					[
						134883.720930233,
						2,
						0
					],
					[
						134418.604651163,
						2,
						0
					]
				],
				"startTime": 99310.3448275862,
				"changeBPM": false,
				"bpm": 174
			},
			{
				"endTime": 102068.965517241,
				"altAnim": false,
				"mustHitSection": false,
				"lengthInSteps": 16,
				"typeOfSection": 0,
				"sectionNotes": [
					[
						135813.953488372,
						2,
						0
					],
					[
						135930.23255814,
						1,
						0
					],
					[
						136744.186046512,
						1,
						0
					],
					[
						136046.511627907,
						3,
						0
					],
					[
						136279.069767442,
						0,
						0
					],
					[
						136511.627906977,
						3,
						0
					],
					[
						137093.023255814,
						0,
						0
					],
					[
						137325.581395349,
						1,
						0
					],
					[
						137441.860465116,
						2,
						0
					],
					[
						137558.139534884,
						3,
						0
					],
					[
						137093.023255814,
						1,
						0
					],
					[
						136744.186046512,
						2,
						0
					],
					[
						136279.069767442,
						2,
						0
					]
				],
				"startTime": 100689.655172414,
				"changeBPM": false,
				"bpm": 174
			},
			{
				"endTime": 103448.275862069,
				"altAnim": false,
				"mustHitSection": true,
				"lengthInSteps": 16,
				"typeOfSection": 0,
				"sectionNotes": [
					[
						137674.418604651,
						2,
						0
					],
					[
						137790.697674419,
						1,
						0
					],
					[
						137906.976744186,
						0,
						0
					],
					[
						138139.534883721,
						1,
						0
					],
					[
						138372.093023256,
						3,
						0
					],
					[
						138604.651162791,
						0,
						0
					],
					[
						138953.488372093,
						1,
						0
					],
					[
						139302.325581395,
						1,
						0
					],
					[
						138139.534883721,
						2,
						0
					],
					[
						138604.651162791,
						2,
						0
					]
				],
				"startTime": 102068.965517241,
				"changeBPM": false,
				"bpm": 174
			},
			{
				"endTime": 104827.586206897,
				"altAnim": false,
				"mustHitSection": true,
				"lengthInSteps": 16,
				"typeOfSection": 0,
				"sectionNotes": [
					[
						139534.88372093,
						2,
						0
					],
					[
						139651.162790698,
						1,
						0
					],
					[
						139767.441860465,
						0,
						0
					],
					[
						140000,
						1,
						0
					],
					[
						140232.558139535,
						3,
						0
					],
					[
						140465.11627907,
						0,
						0
					],
					[
						140813.953488372,
						1,
						0
					],
					[
						141046.511627907,
						3,
						0
					],
					[
						141162.790697674,
						2,
						0
					],
					[
						141279.069767442,
						1,
						0
					],
					[
						140000,
						2,
						0
					],
					[
						140465.11627907,
						2,
						0
					]
				],
				"startTime": 103448.275862069,
				"changeBPM": false,
				"bpm": 174
			},
			{
				"endTime": 106206.896551724,
				"altAnim": false,
				"mustHitSection": false,
				"lengthInSteps": 16,
				"typeOfSection": 0,
				"sectionNotes": [
					[
						141395.348837209,
						2,
						0
					],
					[
						141511.627906977,
						1,
						0
					],
					[
						142325.581395349,
						1,
						0
					],
					[
						141627.906976744,
						3,
						0
					],
					[
						141860.465116279,
						0,
						0
					],
					[
						142093.023255814,
						3,
						0
					],
					[
						142674.418604651,
						0,
						0
					],
					[
						143023.255813953,
						0,
						0
					],
					[
						142325.581395349,
						2,
						0
					],
					[
						141860.465116279,
						2,
						0
					]
				],
				"startTime": 104827.586206897,
				"changeBPM": false,
				"bpm": 174
			},
			{
				"endTime": 107586.206896552,
				"altAnim": false,
				"mustHitSection": false,
				"lengthInSteps": 16,
				"typeOfSection": 0,
				"sectionNotes": [
					[
						143255.813953488,
						2,
						0
					],
					[
						143372.093023256,
						1,
						0
					],
					[
						144186.046511628,
						1,
						0
					],
					[
						143488.372093023,
						3,
						0
					],
					[
						143720.930232558,
						0,
						0
					],
					[
						143953.488372093,
						3,
						0
					],
					[
						144534.88372093,
						0,
						0
					],
					[
						144767.441860465,
						1,
						0
					],
					[
						144883.720930233,
						2,
						0
					],
					[
						145000,
						3,
						0
					],
					[
						144534.88372093,
						1,
						0
					],
					[
						144186.046511628,
						2,
						0
					],
					[
						143720.930232558,
						2,
						0
					]
				],
				"startTime": 106206.896551724,
				"changeBPM": false,
				"bpm": 174
			},
			{
				"endTime": 108965.517241379,
				"altAnim": false,
				"mustHitSection": true,
				"lengthInSteps": 16,
				"typeOfSection": 0,
				"sectionNotes": [
					[
						145116.279069767,
						2,
						0
					],
					[
						145232.558139535,
						1,
						0
					],
					[
						145348.837209302,
						0,
						0
					],
					[
						145581.395348837,
						1,
						0
					],
					[
						145813.953488372,
						3,
						0
					],
					[
						146046.511627907,
						0,
						0
					],
					[
						146395.348837209,
						1,
						0
					],
					[
						146744.186046512,
						1,
						0
					],
					[
						145581.395348837,
						2,
						0
					],
					[
						146046.511627907,
						2,
						0
					]
				],
				"startTime": 107586.206896552,
				"changeBPM": false,
				"bpm": 174
			},
			{
				"endTime": 110344.827586207,
				"altAnim": false,
				"mustHitSection": true,
				"lengthInSteps": 16,
				"typeOfSection": 0,
				"sectionNotes": [
					[
						146976.744186047,
						2,
						0
					],
					[
						147093.023255814,
						1,
						0
					],
					[
						147209.302325581,
						0,
						0
					],
					[
						147441.860465116,
						1,
						0
					],
					[
						147674.418604651,
						3,
						0
					],
					[
						147906.976744186,
						0,
						0
					],
					[
						148255.813953488,
						1,
						0
					],
					[
						147441.860465116,
						2,
						0
					],
					[
						147906.976744186,
						2,
						0
					]
				],
				"startTime": 108965.517241379,
				"changeBPM": false,
				"bpm": 174
			},
			{
				"endTime": 111724.137931034,
				"altAnim": false,
				"mustHitSection": true,
				"lengthInSteps": 16,
				"typeOfSection": 0,
				"sectionNotes": [],
				"startTime": 110344.827586207,
				"changeBPM": false,
				"bpm": 174
			},
			{
				"endTime": 113103.448275862,
				"altAnim": false,
				"mustHitSection": true,
				"lengthInSteps": 16,
				"typeOfSection": 0,
				"sectionNotes": [],
				"startTime": 111724.137931034,
				"changeBPM": false,
				"bpm": 174
			},
			{
				"endTime": 114482.75862069,
				"altAnim": false,
				"mustHitSection": true,
				"lengthInSteps": 16,
				"typeOfSection": 0,
				"sectionNotes": [],
				"startTime": 113103.448275862,
				"changeBPM": false,
				"bpm": 174
			},
			{
				"endTime": 115862.068965517,
				"altAnim": false,
				"mustHitSection": true,
				"lengthInSteps": 16,
				"typeOfSection": 0,
				"sectionNotes": [],
				"startTime": 114482.75862069,
				"changeBPM": false,
				"bpm": 174
			},
			{
				"endTime": 117241.379310345,
				"altAnim": false,
				"mustHitSection": false,
				"lengthInSteps": 16,
				"typeOfSection": 0,
				"sectionNotes": [],
				"startTime": 115862.068965517,
				"changeBPM": false,
				"bpm": 174
			},
			{
				"endTime": 118620.689655172,
				"altAnim": false,
				"mustHitSection": false,
				"lengthInSteps": 16,
				"typeOfSection": 0,
				"sectionNotes": [],
				"startTime": 117241.379310345,
				"changeBPM": false,
				"bpm": 174
			},
			{
				"endTime": 120000,
				"altAnim": false,
				"mustHitSection": false,
				"lengthInSteps": 16,
				"typeOfSection": 0,
				"sectionNotes": [],
				"startTime": 118620.689655172,
				"changeBPM": false,
				"bpm": 174
			},
			{
				"endTime": 121379.310344828,
				"altAnim": false,
				"mustHitSection": false,
				"lengthInSteps": 16,
				"typeOfSection": 0,
				"sectionNotes": [],
				"startTime": 120000,
				"changeBPM": false,
				"bpm": 174
			},
			{
				"endTime": 122758.620689655,
				"altAnim": false,
				"mustHitSection": true,
				"lengthInSteps": 16,
				"typeOfSection": 0,
				"sectionNotes": [],
				"startTime": 121379.310344828,
				"changeBPM": false,
				"bpm": 174
			},
			{
				"endTime": 124137.931034483,
				"altAnim": false,
				"mustHitSection": true,
				"lengthInSteps": 16,
				"typeOfSection": 0,
				"sectionNotes": [],
				"startTime": 122758.620689655,
				"changeBPM": false,
				"bpm": 174
			},
			{
				"endTime": 125517.24137931,
				"altAnim": false,
				"mustHitSection": true,
				"lengthInSteps": 16,
				"typeOfSection": 0,
				"sectionNotes": [],
				"startTime": 124137.931034483,
				"changeBPM": false,
				"bpm": 174
			},
			{
				"endTime": 126896.551724138,
				"altAnim": false,
				"mustHitSection": true,
				"lengthInSteps": 16,
				"typeOfSection": 0,
				"sectionNotes": [],
				"startTime": 125517.24137931,
				"changeBPM": false,
				"bpm": 174
			},
			{
				"endTime": 128275.862068966,
				"altAnim": false,
				"mustHitSection": false,
				"lengthInSteps": 16,
				"typeOfSection": 0,
				"sectionNotes": [],
				"startTime": 126896.551724138,
				"changeBPM": false,
				"bpm": 174
			},
			{
				"endTime": 129655.172413793,
				"altAnim": false,
				"mustHitSection": false,
				"lengthInSteps": 16,
				"typeOfSection": 0,
				"sectionNotes": [],
				"startTime": 128275.862068966,
				"changeBPM": false,
				"bpm": 174
			},
			{
				"endTime": 131034.482758621,
				"altAnim": false,
				"mustHitSection": false,
				"lengthInSteps": 16,
				"typeOfSection": 0,
				"sectionNotes": [],
				"startTime": 129655.172413793,
				"changeBPM": false,
				"bpm": 174
			},
			{
				"endTime": 132413.793103448,
				"altAnim": false,
				"mustHitSection": false,
				"lengthInSteps": 16,
				"typeOfSection": 0,
				"sectionNotes": [],
				"startTime": 131034.482758621,
				"changeBPM": false,
				"bpm": 174
			},
			{
				"endTime": 133793.103448276,
				"altAnim": false,
				"mustHitSection": true,
				"lengthInSteps": 16,
				"typeOfSection": 0,
				"sectionNotes": [],
				"startTime": 132413.793103448,
				"changeBPM": false,
				"bpm": 174
			},
			{
				"endTime": 135172.413793103,
				"altAnim": false,
				"mustHitSection": true,
				"lengthInSteps": 16,
				"typeOfSection": 0,
				"sectionNotes": [],
				"startTime": 133793.103448276,
				"changeBPM": false,
				"bpm": 174
			},
			{
				"endTime": 136551.724137931,
				"altAnim": false,
				"mustHitSection": true,
				"lengthInSteps": 16,
				"typeOfSection": 0,
				"sectionNotes": [],
				"startTime": 135172.413793103,
				"changeBPM": false,
				"bpm": 174
			},
			{
				"endTime": 137931.034482759,
				"altAnim": false,
				"mustHitSection": true,
				"lengthInSteps": 16,
				"typeOfSection": 0,
				"sectionNotes": [],
				"startTime": 136551.724137931,
				"changeBPM": false,
				"bpm": 174
			},
			{
				"endTime": 139310.344827586,
				"altAnim": false,
				"mustHitSection": false,
				"lengthInSteps": 16,
				"typeOfSection": 0,
				"sectionNotes": [],
				"startTime": 137931.034482759,
				"changeBPM": false,
				"bpm": 174
			},
			{
				"endTime": 140689.655172414,
				"altAnim": false,
				"mustHitSection": false,
				"lengthInSteps": 16,
				"typeOfSection": 0,
				"sectionNotes": [],
				"startTime": 139310.344827586,
				"changeBPM": false,
				"bpm": 174
			},
			{
				"endTime": 142068.965517241,
				"altAnim": false,
				"mustHitSection": false,
				"lengthInSteps": 16,
				"typeOfSection": 0,
				"sectionNotes": [],
				"startTime": 140689.655172414,
				"changeBPM": false,
				"bpm": 174
			},
			{
				"endTime": 143448.275862069,
				"altAnim": false,
				"mustHitSection": false,
				"lengthInSteps": 16,
				"typeOfSection": 0,
				"sectionNotes": [],
				"startTime": 142068.965517241,
				"changeBPM": false,
				"bpm": 174
			},
			{
				"endTime": 144827.586206897,
				"altAnim": false,
				"mustHitSection": true,
				"lengthInSteps": 16,
				"typeOfSection": 0,
				"sectionNotes": [],
				"startTime": 143448.275862069,
				"changeBPM": false,
				"bpm": 174
			},
			{
				"endTime": 146206.896551724,
				"altAnim": false,
				"mustHitSection": true,
				"lengthInSteps": 16,
				"typeOfSection": 0,
				"sectionNotes": [],
				"startTime": 144827.586206897,
				"changeBPM": false,
				"bpm": 174
			},
			{
				"endTime": 147586.206896552,
				"altAnim": false,
				"mustHitSection": true,
				"lengthInSteps": 16,
				"typeOfSection": 0,
				"sectionNotes": [],
				"startTime": 146206.896551724,
				"changeBPM": false,
				"bpm": 174
			},
			{
				"endTime": 148965.517241379,
				"altAnim": false,
				"mustHitSection": true,
				"lengthInSteps": 16,
				"typeOfSection": 0,
				"sectionNotes": [],
				"startTime": 147586.206896552,
				"changeBPM": false,
				"bpm": 174
			},
			{
				"endTime": 150344.827586207,
				"altAnim": false,
				"mustHitSection": false,
				"lengthInSteps": 16,
				"typeOfSection": 0,
				"sectionNotes": [],
				"startTime": 148965.517241379,
				"changeBPM": false,
				"bpm": 174
			},
			{
				"endTime": 151724.137931034,
				"altAnim": false,
				"mustHitSection": false,
				"lengthInSteps": 16,
				"typeOfSection": 0,
				"sectionNotes": [],
				"startTime": 150344.827586207,
				"changeBPM": false,
				"bpm": 174
			},
			{
				"endTime": 153103.448275862,
				"altAnim": false,
				"mustHitSection": false,
				"lengthInSteps": 16,
				"typeOfSection": 0,
				"sectionNotes": [],
				"startTime": 151724.137931034,
				"changeBPM": false,
				"bpm": 174
			},
			{
				"endTime": 154482.75862069,
				"altAnim": false,
				"mustHitSection": false,
				"lengthInSteps": 16,
				"typeOfSection": 0,
				"sectionNotes": [],
				"startTime": 153103.448275862,
				"changeBPM": false,
				"bpm": 174
			},
			{
				"endTime": 155862.068965517,
				"altAnim": false,
				"mustHitSection": true,
				"lengthInSteps": 16,
				"typeOfSection": 0,
				"sectionNotes": [],
				"startTime": 154482.75862069,
				"changeBPM": false,
				"bpm": 174
			},
			{
				"endTime": 157241.379310345,
				"altAnim": false,
				"mustHitSection": true,
				"lengthInSteps": 16,
				"typeOfSection": 0,
				"sectionNotes": [],
				"startTime": 155862.068965517,
				"changeBPM": false,
				"bpm": 174
			},
			{
				"endTime": 158620.689655172,
				"altAnim": false,
				"mustHitSection": true,
				"lengthInSteps": 16,
				"typeOfSection": 0,
				"sectionNotes": [],
				"startTime": 157241.379310345,
				"changeBPM": false,
				"bpm": 174
			},
			{
				"endTime": 160000,
				"altAnim": false,
				"mustHitSection": true,
				"lengthInSteps": 16,
				"typeOfSection": 0,
				"sectionNotes": [],
				"startTime": 158620.689655172,
				"changeBPM": false,
				"bpm": 174
			},
			{
				"endTime": 161379.310344828,
				"altAnim": false,
				"mustHitSection": true,
				"lengthInSteps": 16,
				"typeOfSection": 0,
				"sectionNotes": [],
				"startTime": 160000,
				"changeBPM": false,
				"bpm": 174
			},
			{
				"endTime": 162758.620689655,
				"altAnim": false,
				"mustHitSection": true,
				"lengthInSteps": 16,
				"typeOfSection": 0,
				"sectionNotes": [],
				"startTime": 161379.310344828,
				"changeBPM": false,
				"bpm": 174
			},
			{
				"endTime": 164137.931034483,
				"altAnim": false,
				"mustHitSection": true,
				"lengthInSteps": 16,
				"typeOfSection": 0,
				"sectionNotes": [],
				"startTime": 162758.620689655,
				"changeBPM": false,
				"bpm": 174
			},
			{
				"endTime": 165517.24137931,
				"altAnim": false,
				"mustHitSection": true,
				"lengthInSteps": 16,
				"typeOfSection": 0,
				"sectionNotes": [],
				"startTime": 164137.931034483,
				"changeBPM": false,
				"bpm": 174
			},
			{
				"endTime": 166896.551724138,
				"altAnim": false,
				"mustHitSection": false,
				"lengthInSteps": 16,
				"typeOfSection": 0,
				"sectionNotes": [],
				"startTime": 165517.24137931,
				"changeBPM": false,
				"bpm": 174
			},
			{
				"endTime": 168275.862068966,
				"altAnim": false,
				"mustHitSection": false,
				"lengthInSteps": 16,
				"typeOfSection": 0,
				"sectionNotes": [],
				"startTime": 166896.551724138,
				"changeBPM": false,
				"bpm": 174
			},
			{
				"endTime": 169655.172413793,
				"altAnim": false,
				"mustHitSection": false,
				"lengthInSteps": 16,
				"typeOfSection": 0,
				"sectionNotes": [],
				"startTime": 168275.862068966,
				"changeBPM": false,
				"bpm": 174
			},
			{
				"endTime": 171034.482758621,
				"altAnim": false,
				"mustHitSection": false,
				"lengthInSteps": 16,
				"typeOfSection": 0,
				"sectionNotes": [],
				"startTime": 169655.172413793,
				"changeBPM": false,
				"bpm": 174
			},
			{
				"endTime": 172413.793103448,
				"altAnim": false,
				"mustHitSection": false,
				"lengthInSteps": 16,
				"typeOfSection": 0,
				"sectionNotes": [],
				"startTime": 171034.482758621,
				"changeBPM": false,
				"bpm": 174
			},
			{
				"endTime": 173793.103448276,
				"altAnim": false,
				"mustHitSection": false,
				"lengthInSteps": 16,
				"typeOfSection": 0,
				"sectionNotes": [],
				"startTime": 172413.793103448,
				"changeBPM": false,
				"bpm": 174
			},
			{
				"endTime": 175172.413793103,
				"altAnim": false,
				"mustHitSection": false,
				"lengthInSteps": 16,
				"typeOfSection": 0,
				"sectionNotes": [],
				"startTime": 173793.103448276,
				"changeBPM": false,
				"bpm": 174
			},
			{
				"endTime": 176551.724137931,
				"altAnim": false,
				"mustHitSection": false,
				"lengthInSteps": 16,
				"typeOfSection": 0,
				"sectionNotes": [],
				"startTime": 175172.413793103,
				"changeBPM": false,
				"bpm": 174
			},
			{
				"endTime": 177931.034482759,
				"altAnim": false,
				"mustHitSection": true,
				"lengthInSteps": 16,
				"typeOfSection": 0,
				"sectionNotes": [],
				"startTime": 176551.724137931,
				"changeBPM": false,
				"bpm": 174
			},
			{
				"endTime": 179310.344827586,
				"altAnim": false,
				"mustHitSection": true,
				"lengthInSteps": 16,
				"typeOfSection": 0,
				"sectionNotes": [],
				"startTime": 177931.034482759,
				"changeBPM": false,
				"bpm": 174
			},
			{
				"endTime": 180689.655172414,
				"altAnim": false,
				"mustHitSection": true,
				"lengthInSteps": 16,
				"typeOfSection": 0,
				"sectionNotes": [],
				"startTime": 179310.344827586,
				"changeBPM": false,
				"bpm": 174
			},
			{
				"endTime": 182068.965517241,
				"altAnim": false,
				"mustHitSection": true,
				"lengthInSteps": 16,
				"typeOfSection": 0,
				"sectionNotes": [],
				"startTime": 180689.655172414,
				"changeBPM": false,
				"bpm": 174
			},
			{
				"endTime": 183448.275862069,
				"altAnim": false,
				"mustHitSection": false,
				"lengthInSteps": 16,
				"typeOfSection": 0,
				"sectionNotes": [],
				"startTime": 182068.965517241,
				"changeBPM": false,
				"bpm": 174
			},
			{
				"endTime": 184827.586206897,
				"altAnim": false,
				"mustHitSection": false,
				"lengthInSteps": 16,
				"typeOfSection": 0,
				"sectionNotes": [],
				"startTime": 183448.275862069,
				"changeBPM": false,
				"bpm": 174
			},
			{
				"endTime": 186206.896551724,
				"altAnim": false,
				"mustHitSection": false,
				"lengthInSteps": 16,
				"typeOfSection": 0,
				"sectionNotes": [],
				"startTime": 184827.586206897,
				"changeBPM": false,
				"bpm": 174
			},
			{
				"endTime": 187586.206896552,
				"altAnim": false,
				"mustHitSection": false,
				"lengthInSteps": 16,
				"typeOfSection": 0,
				"sectionNotes": [],
				"startTime": 186206.896551724,
				"changeBPM": false,
				"bpm": 174
			},
			{
				"endTime": 188965.517241379,
				"altAnim": false,
				"mustHitSection": false,
				"lengthInSteps": 16,
				"typeOfSection": 0,
				"sectionNotes": [],
				"startTime": 187586.206896552,
				"changeBPM": false,
				"bpm": 174
			},
			{
				"endTime": 190344.827586207,
				"altAnim": false,
				"mustHitSection": false,
				"lengthInSteps": 16,
				"typeOfSection": 0,
				"sectionNotes": [],
				"startTime": 188965.517241379,
				"changeBPM": false,
				"bpm": 174
			},
			{
				"endTime": 191724.137931034,
				"altAnim": false,
				"mustHitSection": true,
				"lengthInSteps": 16,
				"typeOfSection": 0,
				"sectionNotes": [],
				"startTime": 190344.827586207,
				"changeBPM": false,
				"bpm": 174
			},
			{
				"endTime": 193103.448275862,
				"altAnim": false,
				"mustHitSection": true,
				"lengthInSteps": 16,
				"typeOfSection": 0,
				"sectionNotes": [],
				"startTime": 191724.137931034,
				"changeBPM": false,
				"bpm": 174
			},
			{
				"endTime": 194482.75862069,
				"altAnim": false,
				"mustHitSection": false,
				"lengthInSteps": 16,
				"typeOfSection": 0,
				"sectionNotes": [],
				"startTime": 193103.448275862,
				"changeBPM": false,
				"bpm": 174
			},
			{
				"endTime": 195862.068965517,
				"altAnim": false,
				"mustHitSection": false,
				"lengthInSteps": 16,
				"typeOfSection": 0,
				"sectionNotes": [],
				"startTime": 194482.75862069,
				"changeBPM": false,
				"bpm": 174
			},
			{
				"endTime": 197241.379310345,
				"altAnim": false,
				"mustHitSection": true,
				"lengthInSteps": 16,
				"typeOfSection": 0,
				"sectionNotes": [],
				"startTime": 195862.068965517,
				"changeBPM": false,
				"bpm": 174
			},
			{
				"endTime": 198620.689655172,
				"altAnim": false,
				"mustHitSection": true,
				"lengthInSteps": 16,
				"typeOfSection": 0,
				"sectionNotes": [],
				"startTime": 197241.379310345,
				"changeBPM": false,
				"bpm": 174
			},
			{
				"endTime": 200000,
				"altAnim": false,
				"mustHitSection": false,
				"lengthInSteps": 16,
				"typeOfSection": 0,
				"sectionNotes": [],
				"startTime": 198620.689655172,
				"changeBPM": false,
				"bpm": 174
			},
			{
				"endTime": 201379.310344828,
				"altAnim": false,
				"mustHitSection": false,
				"lengthInSteps": 16,
				"typeOfSection": 0,
				"sectionNotes": [],
				"startTime": 200000,
				"changeBPM": false,
				"bpm": 174
			},
			{
				"endTime": 202758.620689655,
				"altAnim": false,
				"mustHitSection": false,
				"lengthInSteps": 16,
				"typeOfSection": 0,
				"sectionNotes": [],
				"startTime": 201379.310344828,
				"changeBPM": false,
				"bpm": 174
			},
			{
				"endTime": 204137.931034483,
				"altAnim": false,
				"mustHitSection": false,
				"lengthInSteps": 16,
				"typeOfSection": 0,
				"sectionNotes": [],
				"startTime": 202758.620689655,
				"changeBPM": false,
				"bpm": 174
			},
			{
				"lengthInSteps": 16,
				"typeOfSection": 0,
				"sectionNotes": [],
				"altAnim": false,
				"gfSection": false,
				"bpm": 174,
				"changeBPM": false,
				"mustHitSection": true
			},
			{
				"sectionNotes": [],
				"typeOfSection": 0,
				"lengthInSteps": 16,
				"gfSection": false,
				"altAnim": false,
				"mustHitSection": true,
				"changeBPM": false,
				"bpm": 174
			},
			{
				"sectionNotes": [],
				"typeOfSection": 0,
				"lengthInSteps": 16,
				"gfSection": false,
				"altAnim": false,
				"mustHitSection": true,
				"changeBPM": false,
				"bpm": 174
			},
			{
				"lengthInSteps": 16,
				"typeOfSection": 0,
				"sectionNotes": [],
				"altAnim": false,
				"gfSection": false,
				"bpm": 174,
				"changeBPM": false,
				"mustHitSection": true
			},
			{
				"lengthInSteps": 16,
				"typeOfSection": 0,
				"sectionNotes": [],
				"altAnim": false,
				"gfSection": false,
				"bpm": 174,
				"changeBPM": false,
				"mustHitSection": true
			},
			{
				"lengthInSteps": 16,
				"typeOfSection": 0,
				"sectionNotes": [],
				"altAnim": false,
				"gfSection": false,
				"bpm": 174,
				"changeBPM": false,
				"mustHitSection": true
			},
			{
				"lengthInSteps": 16,
				"typeOfSection": 0,
				"sectionNotes": [],
				"altAnim": false,
				"gfSection": false,
				"bpm": 174,
				"changeBPM": false,
				"mustHitSection": true
			},
			{
				"lengthInSteps": 16,
				"typeOfSection": 0,
				"sectionNotes": [],
				"altAnim": false,
				"gfSection": false,
				"bpm": 174,
				"changeBPM": false,
				"mustHitSection": true
			},
			{
				"lengthInSteps": 16,
				"typeOfSection": 0,
				"sectionNotes": [],
				"altAnim": false,
				"gfSection": false,
				"bpm": 174,
				"changeBPM": false,
				"mustHitSection": true
			},
			{
				"sectionNotes": [],
				"typeOfSection": 0,
				"lengthInSteps": 16,
				"gfSection": false,
				"altAnim": false,
				"mustHitSection": true,
				"changeBPM": false,
				"bpm": 174
			},
			{
				"sectionNotes": [],
				"typeOfSection": 0,
				"lengthInSteps": 16,
				"gfSection": false,
				"altAnim": false,
				"mustHitSection": true,
				"changeBPM": false,
				"bpm": 174
			},
			{
				"sectionNotes": [],
				"typeOfSection": 0,
				"lengthInSteps": 16,
				"gfSection": false,
				"altAnim": false,
				"mustHitSection": true,
				"changeBPM": false,
				"bpm": 174
			},
			{
				"sectionNotes": [],
				"typeOfSection": 0,
				"lengthInSteps": 16,
				"gfSection": false,
				"altAnim": false,
				"mustHitSection": true,
				"changeBPM": false,
				"bpm": 174
			},
			{
				"sectionNotes": [],
				"typeOfSection": 0,
				"lengthInSteps": 16,
				"gfSection": false,
				"altAnim": false,
				"mustHitSection": true,
				"changeBPM": false,
				"bpm": 174
			},
			{
				"sectionNotes": [],
				"typeOfSection": 0,
				"lengthInSteps": 16,
				"gfSection": false,
				"altAnim": false,
				"mustHitSection": true,
				"changeBPM": false,
				"bpm": 174
			},
			{
				"sectionNotes": [],
				"typeOfSection": 0,
				"lengthInSteps": 16,
				"gfSection": false,
				"altAnim": false,
				"mustHitSection": true,
				"changeBPM": false,
				"bpm": 174
			},
			{
				"sectionNotes": [],
				"typeOfSection": 0,
				"lengthInSteps": 16,
				"gfSection": false,
				"altAnim": false,
				"mustHitSection": true,
				"changeBPM": false,
				"bpm": 174
			},
			{
				"sectionNotes": [],
				"typeOfSection": 0,
				"lengthInSteps": 16,
				"gfSection": false,
				"altAnim": false,
				"mustHitSection": true,
				"changeBPM": false,
				"bpm": 174
			},
			{
				"sectionNotes": [],
				"typeOfSection": 0,
				"lengthInSteps": 16,
				"gfSection": false,
				"altAnim": false,
				"mustHitSection": true,
				"changeBPM": false,
				"bpm": 174
			},
			{
				"sectionNotes": [],
				"typeOfSection": 0,
				"lengthInSteps": 16,
				"gfSection": false,
				"altAnim": false,
				"mustHitSection": true,
				"changeBPM": false,
				"bpm": 174
			},
			{
				"lengthInSteps": 16,
				"typeOfSection": 0,
				"sectionNotes": [],
				"altAnim": false,
				"gfSection": false,
				"bpm": 129,
				"changeBPM": false,
				"mustHitSection": true
			},
			{
				"lengthInSteps": 16,
				"typeOfSection": 0,
				"sectionNotes": [],
				"altAnim": false,
				"gfSection": false,
				"bpm": 129,
				"changeBPM": false,
				"mustHitSection": true
			},
			{
				"lengthInSteps": 16,
				"typeOfSection": 0,
				"sectionNotes": [],
				"altAnim": false,
				"gfSection": false,
				"bpm": 129,
				"changeBPM": false,
				"mustHitSection": true
			},
			{
				"lengthInSteps": 16,
				"typeOfSection": 0,
				"sectionNotes": [],
				"altAnim": false,
				"gfSection": false,
				"bpm": 129,
				"changeBPM": false,
				"mustHitSection": true
			},
			{
				"sectionNotes": [],
				"typeOfSection": 0,
				"lengthInSteps": 16,
				"gfSection": false,
				"altAnim": false,
				"mustHitSection": true,
				"changeBPM": false,
				"bpm": 129
			},
			{
				"sectionNotes": [],
				"typeOfSection": 0,
				"lengthInSteps": 16,
				"gfSection": false,
				"altAnim": false,
				"mustHitSection": true,
				"changeBPM": false,
				"bpm": 129
			},
			{
				"sectionNotes": [],
				"typeOfSection": 0,
				"lengthInSteps": 16,
				"gfSection": false,
				"altAnim": false,
				"mustHitSection": true,
				"changeBPM": false,
				"bpm": 129
			},
			{
				"sectionNotes": [],
				"typeOfSection": 0,
				"lengthInSteps": 16,
				"gfSection": false,
				"altAnim": false,
				"mustHitSection": true,
				"changeBPM": false,
				"bpm": 129
			},
			{
				"sectionNotes": [],
				"typeOfSection": 0,
				"lengthInSteps": 16,
				"gfSection": false,
				"altAnim": false,
				"mustHitSection": true,
				"changeBPM": false,
				"bpm": 129
			},
			{
				"lengthInSteps": 16,
				"typeOfSection": 0,
				"sectionNotes": [],
				"altAnim": false,
				"gfSection": false,
				"bpm": 129,
				"changeBPM": false,
				"mustHitSection": true
			},
			{
				"lengthInSteps": 16,
				"typeOfSection": 0,
				"sectionNotes": [],
				"altAnim": false,
				"gfSection": false,
				"bpm": 129,
				"changeBPM": false,
				"mustHitSection": true
			},
			{
				"lengthInSteps": 16,
				"typeOfSection": 0,
				"sectionNotes": [],
				"altAnim": false,
				"gfSection": false,
				"bpm": 129,
				"changeBPM": false,
				"mustHitSection": true
			},
			{
				"sectionNotes": [],
				"typeOfSection": 0,
				"lengthInSteps": 16,
				"gfSection": false,
				"altAnim": false,
				"mustHitSection": true,
				"changeBPM": false,
				"bpm": 129
			},
			{
				"sectionNotes": [],
				"typeOfSection": 0,
				"lengthInSteps": 16,
				"gfSection": false,
				"altAnim": false,
				"mustHitSection": true,
				"changeBPM": false,
				"bpm": 129
			},
			{
				"sectionNotes": [],
				"typeOfSection": 0,
				"lengthInSteps": 16,
				"gfSection": false,
				"altAnim": false,
				"mustHitSection": true,
				"changeBPM": false,
				"bpm": 129
			},
			{
				"sectionNotes": [],
				"typeOfSection": 0,
				"lengthInSteps": 16,
				"gfSection": false,
				"altAnim": false,
				"mustHitSection": true,
				"changeBPM": false,
				"bpm": 129
			},
			{
				"lengthInSteps": 16,
				"typeOfSection": 0,
				"sectionNotes": [],
				"altAnim": false,
				"gfSection": false,
				"bpm": 129,
				"changeBPM": false,
				"mustHitSection": true
			},
			{
				"lengthInSteps": 16,
				"typeOfSection": 0,
				"sectionNotes": [],
				"altAnim": false,
				"gfSection": false,
				"bpm": 129,
				"changeBPM": false,
				"mustHitSection": true
			},
			{
				"lengthInSteps": 16,
				"typeOfSection": 0,
				"sectionNotes": [],
				"altAnim": false,
				"gfSection": false,
				"bpm": 129,
				"changeBPM": false,
				"mustHitSection": true
			},
			{
				"lengthInSteps": 16,
				"typeOfSection": 0,
				"sectionNotes": [],
				"altAnim": false,
				"gfSection": false,
				"bpm": 129,
				"changeBPM": false,
				"mustHitSection": true
			},
			{
				"sectionNotes": [],
				"typeOfSection": 0,
				"lengthInSteps": 16,
				"gfSection": false,
				"altAnim": false,
				"mustHitSection": true,
				"changeBPM": false,
				"bpm": 129
			},
			{
				"sectionNotes": [],
				"typeOfSection": 0,
				"lengthInSteps": 16,
				"gfSection": false,
				"altAnim": false,
				"mustHitSection": true,
				"changeBPM": false,
				"bpm": 129
			},
			{
				"gfSection": false,
				"lengthInSteps": 16,
				"altAnim": false,
				"typeOfSection": 0,
				"sectionNotes": [],
				"bpm": 129,
				"changeBPM": false,
				"mustHitSection": true
			}
		],
		"gfVersion": "gf",
		"chartVersion": "KE1",
		"eventObjects": [
			{
				"type": "BPM Change",
				"value": 174,
				"position": 0,
				"name": "0SM"
			}
		],
		"song": "Majin",
		"arrowSkin": "",
		"validScore": true,
		"stage": "mazin-mall",
		"needsVoices": true,
		"noteStyle": "normal",
		"speed": 2.8,
		"bpm": 129
	}
}