{
	"song": {
		"sectionLengths": [],
		"player1": "bf",
		"notes": [
			{
				"sectionNotes": [],
				"lengthInSteps": 16,
				"typeOfSection": 0,
				"mustHitSection": true
			},
			{
				"sectionNotes": [],
				"lengthInSteps": 16,
				"typeOfSection": 0,
				"mustHitSection": false
			},
			{
				"sectionNotes": [],
				"lengthInSteps": 16,
				"typeOfSection": 0,
				"mustHitSection": true
			},
			{
				"sectionNotes": [],
				"lengthInSteps": 16,
				"typeOfSection": 0,
				"mustHitSection": false
			},
			{
				"sectionNotes": [
					[
						10578.9473684211,
						7,
						0
					],
					[
						10578.9473684211,
						0,
						0
					],
					[
						10144.7368421053,
						1,
						0
					],
					[
						10144.7368421053,
						6,
						0
					],
					[
						10302.6315789474,
						3,
						0
					],
					[
						10302.6315789474,
						5,
						0
					],
					[
						9696.9696969697,
						2,
						0
					],
					[
						9696.9696969697,
						6,
						0
					],
					[
						9848.48484848485,
						7,
						0
					],
					[
						9848.48484848485,
						0,
						0
					],
					[
						10000,
						3,
						0
					],
					[
						10000,
						4,
						0
					],
					[
						11969.696969697,
						2,
						151.515151515152
					],
					[
						11969.696969697,
						0,
						0
					],
					[
						11818.1818181818,
						3,
						0
					],
					[
						11515.1515151515,
						1,
						0
					],
					[
						11022.7272727273,
						2,
						0
					],
					[
						11325.7575757576,
						3,
						0
					]
				],
				"lengthInSteps": 16,
				"typeOfSection": 0,
				"mustHitSection": false
			},
			{
				"sectionNotes": [
					[
						12710.5263157895,
						3,
						0
					],
					[
						13302.6315789474,
						3,
						0
					],
					[
						12868.4210526316,
						0,
						315.789473684211
					],
					[
						13787.8787878788,
						1,
						0
					],
					[
						13598.4848484848,
						0,
						0
					],
					[
						14242.4242424242,
						3,
						151.515151515152
					],
					[
						12386.3636363636,
						1,
						0
					]
				],
				"lengthInSteps": 16,
				"typeOfSection": 0,
				"mustHitSection": false
			},
			{
				"sectionNotes": [
					[
						16815.7894736842,
						1,
						157.894736842105
					],
					[
						15907.8947368421,
						1,
						0
					],
					[
						14848.4848484848,
						2,
						0
					],
					[
						15151.5151515152,
						0,
						0
					],
					[
						16212.1212121212,
						0,
						0
					],
					[
						16363.6363636364,
						3,
						0
					],
					[
						16628.7878787879,
						0,
						151.515151515152
					],
					[
						15454.5454545455,
						3,
						151.515151515152
					]
				],
				"lengthInSteps": 16,
				"typeOfSection": 0,
				"mustHitSection": false
			},
			{
				"sectionNotes": [
					[
						18469.387755102,
						3,
						0
					],
					[
						17710.5263157895,
						2,
						0
					],
					[
						18197.3684210526,
						2,
						0
					],
					[
						17121.2121212121,
						3,
						0
					],
					[
						17272.7272727273,
						2,
						0
					],
					[
						17537.8787878788,
						0,
						0
					],
					[
						18030.303030303,
						3,
						0
					],
					[
						18636.3636363636,
						0,
						303.030303030303
					],
					[
						19090.9090909091,
						1,
						151.515151515152
					]
				],
				"lengthInSteps": 16,
				"typeOfSection": 0,
				"mustHitSection": false
			},
			{
				"sectionNotes": [
					[
						20789.4736842105,
						6,
						157.894736842105
					],
					[
						20328.947368421,
						3,
						236.842105263158
					],
					[
						19734.8484848485,
						2,
						151.515151515152
					],
					[
						20000,
						0,
						151.515151515152
					],
					[
						21098.4848484848,
						4,
						0
					],
					[
						21250,
						6,
						0
					],
					[
						21401.5151515151,
						6,
						0
					],
					[
						21553.0303030303,
						7,
						0
					],
					[
						21704.5454545455,
						5,
						151.515151515152
					],
					[
						19696.9696969697,
						3,
						0
					]
				],
				"lengthInSteps": 16,
				"typeOfSection": 0,
				"mustHitSection": false
			},
			{
				"sectionNotes": [
					[
						23988.1578947368,
						3,
						157.894736842105
					],
					[
						22159.0909090909,
						2,
						0
					],
					[
						22462.1212121212,
						3,
						0
					],
					[
						22613.6363636364,
						0,
						151.515151515152
					],
					[
						23068.1818181818,
						2,
						151.515151515152
					],
					[
						23371.2121212121,
						0,
						0
					],
					[
						23522.7272727273,
						1,
						151.515151515152
					]
				],
				"lengthInSteps": 16,
				"typeOfSection": 0,
				"mustHitSection": true
			},
			{
				"sectionNotes": [
					[
						25674.2424242424,
						2,
						151.515151515152
					],
					[
						26287.8787878788,
						2,
						0
					],
					[
						26439.3939393939,
						3,
						0
					],
					[
						26590.9090909091,
						0,
						151.515151515152
					],
					[
						25212.1212121212,
						3,
						151.515151515152
					],
					[
						24909.0909090909,
						1,
						0
					],
					[
						24602.2727272727,
						2,
						0
					],
					[
						26136.3636363636,
						2,
						0
					],
					[
						25984.8484848485,
						0,
						0
					]
				],
				"lengthInSteps": 16,
				"typeOfSection": 0,
				"mustHitSection": true
			},
			{
				"sectionNotes": [
					[
						26893.9393939394,
						3,
						0
					],
					[
						27045.4545454545,
						2,
						151.515151515152
					],
					[
						27348.4848484848,
						3,
						0
					],
					[
						27500,
						0,
						0
					],
					[
						27803.0303030303,
						2,
						0
					],
					[
						27954.5454545455,
						1,
						151.515151515152
					],
					[
						28257.5757575758,
						2,
						0
					],
					[
						28863.6363636364,
						0,
						151.515151515152
					],
					[
						28409.0909090909,
						3,
						151.515151515152
					]
				],
				"lengthInSteps": 16,
				"typeOfSection": 0,
				"mustHitSection": true
			},
			{
				"sectionNotes": [
					[
						30394.7368421053,
						2,
						631.578947368421
					],
					[
						31263.1578947368,
						3,
						0
					],
					[
						29469.696969697,
						5,
						0
					],
					[
						29772.7272727273,
						4,
						151.515151515152
					],
					[
						30075.7575757576,
						7,
						151.515151515152
					],
					[
						29772.7272727273,
						1,
						454.545454545455
					],
					[
						29772.7272727273,
						3,
						0
					]
				],
				"lengthInSteps": 16,
				"typeOfSection": 0,
				"mustHitSection": false
			},
			{
				"sectionNotes": [
					[
						33434.2105263158,
						2,
						315.789473684211
					],
					[
						33868.4210526316,
						3,
						0
					],
					[
						31893.9393939394,
						2,
						0
					],
					[
						31590.9090909091,
						1,
						0
					],
					[
						32500,
						3,
						151.515151515152
					],
					[
						32196.9696969697,
						0,
						151.515151515152
					],
					[
						32803.0303030303,
						0,
						454.545454545455
					]
				],
				"lengthInSteps": 16,
				"typeOfSection": 0,
				"mustHitSection": false
			},
			{
				"sectionNotes": [
					[
						34015.1515151515,
						2,
						0
					],
					[
						34318.1818181818,
						0,
						0
					],
					[
						34924.2424242424,
						0,
						0
					],
					[
						34962.1212121212,
						1,
						151.515151515152
					],
					[
						35265.1515151515,
						3,
						0
					],
					[
						35568.1818181818,
						2,
						15
					],
					[
						35719.696969697,
						3,
						0
					],
					[
						35871.2121212121,
						0,
						0
					],
					[
						36174.2424242424,
						2,
						0
					],
					[
						35416.6666666667,
						0,
						0
					]
				],
				"lengthInSteps": 16,
				"typeOfSection": 0,
				"mustHitSection": false
			},
			{
				"sectionNotes": [
					[
						36477.2727272727,
						3,
						0
					],
					[
						36628.7878787879,
						3,
						0
					],
					[
						36780.303030303,
						1,
						0
					],
					[
						37083.3333333333,
						2,
						0
					],
					[
						37386.3636363636,
						0,
						0
					],
					[
						37310.6060606061,
						4,
						151.515151515152
					],
					[
						37689.3939393939,
						5,
						151.515151515152
					],
					[
						38106.0606060606,
						7,
						0
					],
					[
						38295.4545454545,
						6,
						0
					]
				],
				"lengthInSteps": 16,
				"typeOfSection": 0,
				"mustHitSection": true
			},
			{
				"sectionNotes": [
					[
						41052.6315789474,
						2,
						157.894736842105
					],
					[
						38901.5151515151,
						2,
						0
					],
					[
						38901.5151515151,
						0,
						0
					],
					[
						38901.5151515151,
						6,
						0
					],
					[
						38901.5151515151,
						7,
						0
					],
					[
						39318.1818181818,
						3,
						0
					],
					[
						39318.1818181818,
						4,
						0
					],
					[
						39507.5757575758,
						1,
						0
					],
					[
						39507.5757575758,
						7,
						0
					],
					[
						39810.6060606061,
						6,
						0
					],
					[
						40113.6363636364,
						0,
						606.060606060606
					],
					[
						39810.6060606061,
						2,
						0
					]
				],
				"lengthInSteps": 16,
				"typeOfSection": 0,
				"mustHitSection": true
			},
			{
				"sectionNotes": [
					[
						43026.3157894737,
						0,
						0
					],
					[
						41969.696969697,
						1,
						0
					],
					[
						42575.7575757576,
						1,
						303.030303030303
					],
					[
						43181.8181818182,
						2,
						303.030303030303
					],
					[
						41363.6363636364,
						0,
						0
					],
					[
						41666.6666666667,
						3,
						151.515151515152
					],
					[
						42272.7272727273,
						3,
						0
					]
				],
				"lengthInSteps": 16,
				"typeOfSection": 0,
				"mustHitSection": true
			},
			{
				"sectionNotes": [
					[
						45907.8947368421,
						0,
						0
					],
					[
						45606.0606060606,
						2,
						0
					],
					[
						43787.8787878788,
						0,
						0
					],
					[
						44090.9090909091,
						2,
						151.515151515152
					],
					[
						44696.9696969697,
						1,
						0
					],
					[
						45000,
						3,
						0
					],
					[
						45151.5151515151,
						3,
						0
					],
					[
						45303.0303030303,
						1,
						0
					],
					[
						43636.3636363636,
						3,
						0
					]
				],
				"lengthInSteps": 16,
				"typeOfSection": 0,
				"mustHitSection": true
			},
			{
				"sectionNotes": [
					[
						47916.6666666667,
						3,
						0
					],
					[
						48068.1818181818,
						0,
						0
					],
					[
						47462.1212121212,
						3,
						151.515151515152
					],
					[
						46212.1212121212,
						4,
						0
					],
					[
						46363.6363636364,
						7,
						0
					],
					[
						46515.1515151515,
						6,
						151.515151515152
					],
					[
						46666.6666666667,
						4,
						0
					],
					[
						46818.1818181818,
						5,
						0
					],
					[
						47121.2121212121,
						7,
						151.515151515152
					],
					[
						47083.3333333333,
						6,
						0
					],
					[
						47121.2121212121,
						1,
						0
					]
				],
				"lengthInSteps": 16,
				"typeOfSection": 0,
				"mustHitSection": true
			},
			{
				"sectionNotes": [
					[
						48636.3636363636,
						3,
						303.030303030303
					],
					[
						48636.3636363636,
						7,
						303.030303030303
					],
					[
						49583.3333333333,
						6,
						151.515151515152
					],
					[
						49583.3333333333,
						2,
						151.515151515152
					],
					[
						49280.303030303,
						1,
						0
					],
					[
						49280.303030303,
						5,
						0
					],
					[
						49128.7878787879,
						4,
						0
					],
					[
						49128.7878787879,
						0,
						0
					],
					[
						50454.5454545454,
						3,
						151.515151515152
					],
					[
						50151.5151515151,
						1,
						0
					],
					[
						50303.0303030303,
						2,
						0
					],
					[
						50757.5757575758,
						1,
						0
					]
				],
				"lengthInSteps": 16,
				"typeOfSection": 0,
				"mustHitSection": false
			},
			{
				"sectionNotes": [
					[
						53238.1578947369,
						2,
						0
					],
					[
						50909.0909090909,
						3,
						151.515151515152
					],
					[
						51098.4848484848,
						0,
						151.515151515151,
						"Alt Animation"
					],
					[
						51363.6363636364,
						1,
						151.515151515152
					],
					[
						51856.0606060606,
						3,
						0
					],
					[
						51704.5454545454,
						2,
						0
					],
					[
						52007.5757575758,
						0,
						0
					],
					[
						52159.0909090909,
						2,
						0
					],
					[
						52310.6060606061,
						0,
						0
					],
					[
						52613.6363636364,
						1,
						303.030303030303
					],
					[
						52916.6666666667,
						3,
						151.515151515152
					]
				],
				"lengthInSteps": 16,
				"typeOfSection": 0,
				"mustHitSection": false
			},
			{
				"sectionNotes": [
					[
						55037.8787878788,
						5,
						0
					],
					[
						55189.3939393939,
						7,
						0
					],
					[
						55340.9090909091,
						6,
						0
					],
					[
						55643.9393939394,
						5,
						0
					],
					[
						53560.6060606061,
						3,
						303.030303030303
					],
					[
						54015.1515151515,
						1,
						0
					],
					[
						54166.6666666667,
						2,
						0
					],
					[
						54469.696969697,
						1,
						303.030303030303
					]
				],
				"lengthInSteps": 16,
				"typeOfSection": 0,
				"mustHitSection": false
			},
			{
				"sectionNotes": [
					[
						56590.9090909091,
						1,
						0
					],
					[
						56742.4242424242,
						3,
						0
					],
					[
						57348.4848484848,
						3,
						0
					],
					[
						57500,
						1,
						151.515151515152
					],
					[
						56893.9393939394,
						2,
						151.515151515152
					],
					[
						57196.9696969697,
						1,
						0
					],
					[
						58106.0606060606,
						2,
						0
					],
					[
						55821.9696969697,
						3,
						0
					],
					[
						55965.9090909091,
						2,
						151.515151515152
					]
				],
				"lengthInSteps": 16,
				"typeOfSection": 0,
				"mustHitSection": true
			},
			{
				"sectionNotes": [
					[
						58409.0909090909,
						3,
						151.515151515152
					],
					[
						58863.6363636364,
						1,
						0
					],
					[
						59015.1515151515,
						2,
						0
					],
					[
						59318.1818181818,
						0,
						151.515151515152
					],
					[
						59772.7272727273,
						2,
						0
					],
					[
						59772.7272727273,
						6,
						0
					],
					[
						60075.7575757576,
						2,
						0
					],
					[
						60227.2727272727,
						5,
						151.515151515152
					],
					[
						60227.2727272727,
						3,
						0
					],
					[
						60075.7575757576,
						7,
						0
					],
					[
						60530.303030303,
						4,
						0
					],
					[
						60530.303030303,
						2,
						0
					]
				],
				"lengthInSteps": 16,
				"typeOfSection": 0,
				"mustHitSection": true
			},
			{
				"sectionNotes": [
					[
						60719.696969697,
						6,
						151.515151515152
					],
					[
						61098.4848484848,
						5,
						0
					],
					[
						61401.5151515151,
						4,
						0
					],
					[
						61553.0303030303,
						6,
						303.030303030303
					],
					[
						62083.3333333333,
						4,
						0
					],
					[
						62348.4848484848,
						7,
						0
					],
					[
						62500,
						5,
						0
					],
					[
						62954.5454545454,
						4,
						151.515151515152
					],
					[
						60719.696969697,
						2,
						151.515151515152
					],
					[
						61098.4848484848,
						1,
						0
					],
					[
						61553.0303030303,
						2,
						303.030303030303
					],
					[
						62500,
						1,
						0
					],
					[
						62954.5454545454,
						0,
						151.515151515152
					],
					[
						61401.5151515151,
						3,
						0
					],
					[
						62348.4848484848,
						0,
						0
					],
					[
						61969.696969697,
						3,
						0
					]
				],
				"lengthInSteps": 16,
				"typeOfSection": 0,
				"mustHitSection": false
			},
			{
				"sectionNotes": [
					[
						63901.5151515151,
						7,
						151.515151515152
					],
					[
						63901.5151515151,
						2,
						151.515151515152
					],
					[
						64166.6666666667,
						3,
						151.515151515152
					],
					[
						64166.6666666667,
						4,
						151.515151515152
					],
					[
						63560.6060606061,
						1,
						0
					],
					[
						63560.6060606061,
						5,
						0
					],
					[
						64659.0909090909,
						1,
						0
					],
					[
						64659.0909090909,
						5,
						0
					],
					[
						65416.6666666667,
						1,
						0
					],
					[
						65416.6666666667,
						5,
						0
					],
					[
						65113.6363636364,
						4,
						0
					],
					[
						65113.6363636364,
						3,
						0
					],
					[
						64962.1212121212,
						2,
						0
					],
					[
						64962.1212121212,
						6,
						0
					]
				],
				"lengthInSteps": 16,
				"typeOfSection": 0,
				"mustHitSection": true
			},
			{
				"sectionNotes": [
					[
						65568.1818181818,
						7,
						151.515151515152
					],
					[
						65568.1818181818,
						0,
						151.515151515152
					],
					[
						65871.2121212121,
						2,
						0
					],
					[
						66022.7272727273,
						3,
						0
					],
					[
						66742.4242424242,
						3,
						0
					],
					[
						67386.3636363636,
						3,
						303.030303030303
					],
					[
						67234.8484848485,
						0,
						0
					],
					[
						66931.8181818182,
						2,
						151.515151515152
					],
					[
						65871.2121212121,
						4,
						0
					],
					[
						66022.7272727273,
						6,
						0
					],
					[
						66325.7575757576,
						2,
						0
					],
					[
						66477.2727272727,
						1,
						151.515151515152
					],
					[
						66250,
						4,
						151.515151515152
					],
					[
						66477.2727272727,
						7,
						0
					],
					[
						66742.4242424242,
						6,
						0
					],
					[
						67234.8484848485,
						7,
						0
					],
					[
						66931.8181818182,
						5,
						151.515151515152
					],
					[
						67386.3636363636,
						4,
						303.030303030303
					],
					[
						67840.9090909091,
						2,
						151.515151515152
					]
				],
				"lengthInSteps": 16,
				"typeOfSection": 0,
				"mustHitSection": true
			},
			{
				"sectionNotes": [
					[
						69393.9393939394,
						6,
						1666.66666666667
					],
					[
						67878.7878787879,
						2,
						151.515151515152
					],
					[
						68181.8181818182,
						3,
						151.515151515152
					],
					[
						68484.8484848485,
						0,
						0
					],
					[
						68143.9393939394,
						5,
						0
					],
					[
						68446.9696969697,
						7,
						303.030303030303
					],
					[
						69393.9393939394,
						2,
						606.060606060606
					],
					[
						70265.1515151515,
						3,
						0
					]
				],
				"lengthInSteps": 16,
				"typeOfSection": 0,
				"mustHitSection": false
			},
			{
				"sectionNotes": [
					[
						71780.303030303,
						5,
						1818.18181818182
					],
					[
						70909.0909090909,
						1,
						0
					],
					[
						71174.2424242424,
						3,
						0
					],
					[
						71174.2424242424,
						3,
						151.515151515152
					],
					[
						71780.303030303,
						0,
						454.545454545455
					],
					[
						72424.2424242424,
						3,
						151.515151515152
					],
					[
						70568.1818181818,
						0,
						303.030303030303
					],
					[
						71477.2727272727,
						2,
						0
					],
					[
						71174.2424242424,
						7,
						454.545454545455
					]
				],
				"lengthInSteps": 16,
				"typeOfSection": 0,
				"mustHitSection": false
			},
			{
				"sectionNotes": [
					[
						73333.3333333333,
						3,
						0
					],
					[
						72992.4242424243,
						2,
						0
					],
					[
						72840.9090909091,
						0,
						0
					],
					[
						73939.393939394,
						1,
						151.515151515152
					],
					[
						74696.9696969697,
						1,
						151.515151515152
					],
					[
						74545.4545454546,
						2,
						0
					],
					[
						74393.9393939394,
						3,
						0
					],
					[
						74242.4242424243,
						0,
						0
					],
					[
						74848.4848484849,
						3,
						151.515151515152
					]
				],
				"lengthInSteps": 16,
				"typeOfSection": 0,
				"mustHitSection": false
			},
			{
				"sectionNotes": [
					[
						75454.5454545455,
						3,
						0
					],
					[
						75606.0606060606,
						3,
						0
					],
					[
						75757.5757575758,
						1,
						0
					],
					[
						76060.6060606061,
						2,
						0
					],
					[
						76363.6363636364,
						0,
						0
					],
					[
						75151.5151515152,
						6,
						0
					],
					[
						76666.6666666667,
						7,
						0
					],
					[
						77121.2121212121,
						5,
						0
					],
					[
						77272.7272727273,
						6,
						0
					],
					[
						76325.7575757576,
						4,
						151.515151515152,
						"Alt Animation"
					]
				],
				"lengthInSteps": 16,
				"typeOfSection": 0,
				"mustHitSection": true
			},
			{
				"typeOfSection": 0,
				"sectionNotes": [
					[
						79128.7878787879,
						6,
						1666.66666666667
					],
					[
						77878.7878787879,
						0,
						303.030303030304
					],
					[
						77878.7878787879,
						7,
						303.030303030304
					],
					[
						78333.3333333334,
						3,
						0
					],
					[
						78333.3333333334,
						4,
						0
					],
					[
						78484.8484848485,
						6,
						0
					],
					[
						78484.8484848485,
						2,
						0
					],
					[
						78806.8181818182,
						1,
						151.515151515152
					],
					[
						78806.8181818182,
						5,
						151.515151515152
					],
					[
						79128.7878787879,
						2,
						606.060606060606
					]
				],
				"lengthInSteps": 16,
				"bpm": 100,
				"changeBPM": false,
				"mustHitSection": true
			},
			{
				"lengthInSteps": 16,
				"typeOfSection": 0,
				"sectionNotes": [
					[
						81553.0303030303,
						5,
						1818.18181818182
					],
					[
						80946.9696969697,
						4,
						454.545454545455
					],
					[
						81553.0303030303,
						1,
						303.030303030303
					],
					[
						80946.9696969697,
						1,
						0
					],
					[
						80340.9090909091,
						2,
						151.515151515152
					],
					[
						80037.8787878788,
						0,
						151.515151515152
					],
					[
						80643.9393939394,
						0,
						151.515151515152
					],
					[
						81250,
						3,
						151.515151515152
					],
					[
						82007.5757575758,
						2,
						0
					],
					[
						82159.0909090909,
						0,
						303.030303030303
					]
				],
				"altAnim": false,
				"bpm": 100,
				"changeBPM": false,
				"mustHitSection": true
			},
			{
				"lengthInSteps": 16,
				"typeOfSection": 0,
				"sectionNotes": [
					[
						82613.6363636364,
						3,
						0
					],
					[
						82765.1515151515,
						0,
						0
					],
					[
						83068.1818181819,
						2,
						151.515151515152
					],
					[
						83674.2424242425,
						1,
						0
					],
					[
						84147.7272727273,
						3,
						0
					],
					[
						84003.7878787879,
						3,
						0
					],
					[
						84310.6060606061,
						1,
						0
					],
					[
						84609.8484848485,
						2,
						0
					]
				],
				"altAnim": false,
				"bpm": 100,
				"changeBPM": false,
				"mustHitSection": true
			},
			{
				"lengthInSteps": 16,
				"typeOfSection": 0,
				"sectionNotes": [
					[
						84886.3636363637,
						0,
						0
					],
					[
						85189.393939394,
						4,
						0
					],
					[
						85340.9090909091,
						4,
						0
					],
					[
						85492.4242424243,
						7,
						151.515151515152
					],
					[
						85681.8181818182,
						6,
						0
					],
					[
						85833.3333333334,
						5,
						151.515151515152
					],
					[
						86136.3636363637,
						6,
						0
					],
					[
						86098.4848484849,
						0,
						0
					],
					[
						86439.393939394,
						3,
						0
					],
					[
						86893.9393939394,
						3,
						0
					],
					[
						87045.4545454546,
						2,
						0
					]
				],
				"altAnim": false,
				"bpm": 100,
				"changeBPM": false,
				"mustHitSection": true
			},
			{
				"sectionNotes": [
					[
						88106.0606060607,
						4,
						0
					],
					[
						87689.393939394,
						5,
						151.515151515152
					],
					[
						88257.5757575758,
						6,
						0
					],
					[
						88560.6060606061,
						7,
						151.515151515152
					],
					[
						87651.5151515152,
						0,
						0
					],
					[
						88106.0606060607,
						3,
						0
					],
					[
						88257.5757575758,
						1,
						0
					],
					[
						88560.6060606061,
						2,
						151.515151515152
					]
				],
				"typeOfSection": 0,
				"lengthInSteps": 16,
				"altAnim": false,
				"mustHitSection": true,
				"changeBPM": false,
				"bpm": 100
			},
			{
				"sectionNotes": [],
				"typeOfSection": 0,
				"lengthInSteps": 16,
				"altAnim": false,
				"mustHitSection": true,
				"changeBPM": false,
				"bpm": 100
			},
			{
				"sectionNotes": [],
				"typeOfSection": 0,
				"lengthInSteps": 16,
				"altAnim": false,
				"mustHitSection": true,
				"changeBPM": false,
				"bpm": 100
			},
			{
				"lengthInSteps": 16,
				"typeOfSection": 0,
				"sectionNotes": [],
				"altAnim": false,
				"bpm": 100,
				"changeBPM": false,
				"mustHitSection": true
			},
			{
				"sectionNotes": [],
				"typeOfSection": 0,
				"lengthInSteps": 16,
				"altAnim": false,
				"mustHitSection": true,
				"changeBPM": false,
				"bpm": 100
			},
			{
				"sectionNotes": [],
				"typeOfSection": 0,
				"lengthInSteps": 16,
				"altAnim": false,
				"mustHitSection": true,
				"changeBPM": false,
				"bpm": 100
			},
			{
				"lengthInSteps": 16,
				"typeOfSection": 0,
				"sectionNotes": [],
				"altAnim": false,
				"bpm": 100,
				"changeBPM": false,
				"mustHitSection": true
			},
			{
				"lengthInSteps": 16,
				"typeOfSection": 0,
				"sectionNotes": [],
				"altAnim": false,
				"bpm": 100,
				"changeBPM": false,
				"mustHitSection": true
			},
			{
				"lengthInSteps": 16,
				"typeOfSection": 0,
				"sectionNotes": [],
				"altAnim": false,
				"bpm": 100,
				"changeBPM": false,
				"mustHitSection": true
			},
			{
				"lengthInSteps": 16,
				"typeOfSection": 0,
				"sectionNotes": [],
				"altAnim": false,
				"bpm": 100,
				"changeBPM": false,
				"mustHitSection": true
			},
			{
				"lengthInSteps": 16,
				"typeOfSection": 0,
				"sectionNotes": [],
				"altAnim": false,
				"bpm": 100,
				"changeBPM": false,
				"mustHitSection": true
			},
			{
				"lengthInSteps": 16,
				"typeOfSection": 0,
				"sectionNotes": [],
				"altAnim": false,
				"bpm": 100,
				"changeBPM": false,
				"mustHitSection": true
			},
			{
				"lengthInSteps": 16,
				"typeOfSection": 0,
				"sectionNotes": [],
				"altAnim": false,
				"bpm": 100,
				"changeBPM": false,
				"mustHitSection": true
			},
			{
				"sectionNotes": [],
				"typeOfSection": 0,
				"lengthInSteps": 16,
				"altAnim": false,
				"mustHitSection": true,
				"changeBPM": false,
				"bpm": 100
			},
			{
				"lengthInSteps": 16,
				"typeOfSection": 0,
				"sectionNotes": [],
				"altAnim": false,
				"bpm": 100,
				"changeBPM": false,
				"mustHitSection": true
			},
			{
				"sectionNotes": [],
				"typeOfSection": 0,
				"lengthInSteps": 16,
				"altAnim": false,
				"mustHitSection": true,
				"changeBPM": false,
				"bpm": 100
			},
			{
				"lengthInSteps": 16,
				"typeOfSection": 0,
				"sectionNotes": [],
				"altAnim": false,
				"bpm": 100,
				"changeBPM": false,
				"mustHitSection": true
			},
			{
				"sectionNotes": [],
				"typeOfSection": 0,
				"lengthInSteps": 16,
				"altAnim": false,
				"mustHitSection": true,
				"changeBPM": false,
				"bpm": 98
			},
			{
				"lengthInSteps": 16,
				"typeOfSection": 0,
				"sectionNotes": [],
				"altAnim": false,
				"bpm": 98,
				"changeBPM": false,
				"mustHitSection": true
			},
			{
				"lengthInSteps": 16,
				"typeOfSection": 0,
				"sectionNotes": [],
				"altAnim": false,
				"bpm": 98,
				"changeBPM": false,
				"mustHitSection": true
			},
			{
				"lengthInSteps": 16,
				"typeOfSection": 0,
				"sectionNotes": [],
				"altAnim": false,
				"bpm": 98,
				"changeBPM": false,
				"mustHitSection": true
			},
			{
				"lengthInSteps": 16,
				"typeOfSection": 0,
				"sectionNotes": [],
				"altAnim": false,
				"bpm": 98,
				"changeBPM": false,
				"mustHitSection": true
			},
			{
				"sectionBeats": 4,
				"sectionNotes": [],
				"typeOfSection": 0,
				"gfSection": false,
				"altAnim": false,
				"mustHitSection": true,
				"changeBPM": false,
				"bpm": 98
			},
			{
				"sectionBeats": 4,
				"sectionNotes": [],
				"typeOfSection": 0,
				"gfSection": false,
				"altAnim": false,
				"mustHitSection": true,
				"changeBPM": false,
				"bpm": 98
			},
			{
				"sectionBeats": 4,
				"sectionNotes": [],
				"typeOfSection": 0,
				"gfSection": false,
				"altAnim": false,
				"mustHitSection": true,
				"changeBPM": false,
				"bpm": 98
			},
			{
				"sectionBeats": 4,
				"sectionNotes": [],
				"typeOfSection": 0,
				"gfSection": false,
				"altAnim": false,
				"mustHitSection": true,
				"changeBPM": false,
				"bpm": 98
			},
			{
				"sectionBeats": 4,
				"sectionNotes": [],
				"typeOfSection": 0,
				"gfSection": false,
				"altAnim": false,
				"mustHitSection": true,
				"changeBPM": false,
				"bpm": 98
			},
			{
				"sectionBeats": 4,
				"sectionNotes": [],
				"typeOfSection": 0,
				"gfSection": false,
				"altAnim": false,
				"mustHitSection": true,
				"changeBPM": false,
				"bpm": 98
			},
			{
				"sectionBeats": 4,
				"sectionNotes": [],
				"typeOfSection": 0,
				"gfSection": false,
				"altAnim": false,
				"mustHitSection": true,
				"changeBPM": false,
				"bpm": 98
			},
			{
				"sectionBeats": 4,
				"sectionNotes": [],
				"typeOfSection": 0,
				"gfSection": false,
				"altAnim": false,
				"mustHitSection": true,
				"changeBPM": false,
				"bpm": 98
			},
			{
				"sectionBeats": 4,
				"sectionNotes": [],
				"typeOfSection": 0,
				"gfSection": false,
				"altAnim": false,
				"mustHitSection": true,
				"changeBPM": false,
				"bpm": 98
			},
			{
				"typeOfSection": 0,
				"sectionNotes": [],
				"sectionBeats": 4,
				"altAnim": false,
				"gfSection": false,
				"bpm": 98,
				"changeBPM": false,
				"mustHitSection": true
			},
			{
				"typeOfSection": 0,
				"sectionNotes": [],
				"sectionBeats": 4,
				"altAnim": false,
				"gfSection": false,
				"bpm": 95,
				"changeBPM": false,
				"mustHitSection": true
			},
			{
				"typeOfSection": 0,
				"sectionNotes": [],
				"sectionBeats": 4,
				"altAnim": false,
				"gfSection": false,
				"bpm": 95,
				"changeBPM": false,
				"mustHitSection": true
			},
			{
				"typeOfSection": 0,
				"sectionNotes": [],
				"sectionBeats": 4,
				"altAnim": false,
				"gfSection": false,
				"bpm": 95,
				"changeBPM": false,
				"mustHitSection": true
			},
			{
				"typeOfSection": 0,
				"sectionNotes": [],
				"sectionBeats": 4,
				"altAnim": false,
				"gfSection": false,
				"bpm": 95,
				"changeBPM": false,
				"mustHitSection": true
			},
			{
				"typeOfSection": 0,
				"sectionNotes": [],
				"sectionBeats": 4,
				"altAnim": false,
				"gfSection": false,
				"bpm": 95,
				"changeBPM": false,
				"mustHitSection": true
			},
			{
				"typeOfSection": 0,
				"sectionNotes": [],
				"sectionBeats": 4,
				"altAnim": false,
				"gfSection": false,
				"bpm": 95,
				"changeBPM": false,
				"mustHitSection": true
			},
			{
				"typeOfSection": 0,
				"sectionNotes": [],
				"sectionBeats": 4,
				"altAnim": false,
				"gfSection": false,
				"bpm": 95,
				"changeBPM": false,
				"mustHitSection": true
			},
			{
				"typeOfSection": 0,
				"sectionNotes": [],
				"sectionBeats": 4,
				"altAnim": false,
				"gfSection": false,
				"bpm": 95,
				"changeBPM": false,
				"mustHitSection": true
			},
			{
				"typeOfSection": 0,
				"sectionNotes": [],
				"sectionBeats": 4,
				"altAnim": false,
				"gfSection": false,
				"bpm": 95,
				"changeBPM": false,
				"mustHitSection": true
			},
			{
				"typeOfSection": 0,
				"sectionNotes": [],
				"sectionBeats": 4,
				"altAnim": false,
				"gfSection": false,
				"bpm": 95,
				"changeBPM": false,
				"mustHitSection": true
			},
			{
				"typeOfSection": 0,
				"sectionNotes": [],
				"sectionBeats": 4,
				"altAnim": false,
				"gfSection": false,
				"bpm": 95,
				"changeBPM": false,
				"mustHitSection": true
			},
			{
				"typeOfSection": 0,
				"sectionNotes": [],
				"sectionBeats": 4,
				"altAnim": false,
				"gfSection": false,
				"bpm": 95,
				"changeBPM": false,
				"mustHitSection": true
			},
			{
				"typeOfSection": 0,
				"sectionNotes": [],
				"sectionBeats": 4,
				"altAnim": false,
				"gfSection": false,
				"bpm": 95,
				"changeBPM": false,
				"mustHitSection": true
			},
			{
				"typeOfSection": 0,
				"sectionNotes": [],
				"sectionBeats": 4,
				"altAnim": false,
				"gfSection": false,
				"bpm": 95,
				"changeBPM": false,
				"mustHitSection": true
			},
			{
				"typeOfSection": 0,
				"sectionNotes": [],
				"sectionBeats": 4,
				"altAnim": false,
				"gfSection": false,
				"bpm": 95,
				"changeBPM": false,
				"mustHitSection": true
			},
			{
				"typeOfSection": 0,
				"sectionNotes": [],
				"sectionBeats": 4,
				"altAnim": false,
				"gfSection": false,
				"bpm": 95,
				"changeBPM": false,
				"mustHitSection": true
			},
			{
				"typeOfSection": 0,
				"sectionNotes": [],
				"sectionBeats": 4,
				"altAnim": false,
				"gfSection": false,
				"bpm": 95,
				"changeBPM": false,
				"mustHitSection": true
			},
			{
				"typeOfSection": 0,
				"sectionNotes": [],
				"sectionBeats": 4,
				"altAnim": false,
				"gfSection": false,
				"bpm": 95,
				"changeBPM": false,
				"mustHitSection": true
			},
			{
				"typeOfSection": 0,
				"sectionNotes": [],
				"sectionBeats": 4,
				"altAnim": false,
				"gfSection": false,
				"bpm": 95,
				"changeBPM": false,
				"mustHitSection": true
			},
			{
				"typeOfSection": 0,
				"sectionNotes": [],
				"sectionBeats": 4,
				"altAnim": false,
				"gfSection": false,
				"bpm": 95,
				"changeBPM": false,
				"mustHitSection": true
			},
			{
				"typeOfSection": 0,
				"sectionNotes": [],
				"sectionBeats": 4,
				"altAnim": false,
				"gfSection": false,
				"bpm": 95,
				"changeBPM": false,
				"mustHitSection": true
			},
			{
				"typeOfSection": 0,
				"sectionNotes": [],
				"sectionBeats": 4,
				"altAnim": false,
				"gfSection": false,
				"bpm": 95,
				"changeBPM": false,
				"mustHitSection": true
			},
			{
				"typeOfSection": 0,
				"sectionNotes": [],
				"sectionBeats": 4,
				"altAnim": false,
				"gfSection": false,
				"bpm": 95,
				"changeBPM": false,
				"mustHitSection": true
			},
			{
				"typeOfSection": 0,
				"sectionNotes": [],
				"sectionBeats": 4,
				"altAnim": false,
				"gfSection": false,
				"bpm": 95,
				"changeBPM": false,
				"mustHitSection": true
			},
			{
				"typeOfSection": 0,
				"sectionNotes": [],
				"sectionBeats": 4,
				"altAnim": false,
				"gfSection": false,
				"bpm": 95,
				"changeBPM": false,
				"mustHitSection": true
			},
			{
				"typeOfSection": 0,
				"sectionNotes": [],
				"sectionBeats": 4,
				"altAnim": false,
				"gfSection": false,
				"bpm": 95,
				"changeBPM": false,
				"mustHitSection": true
			},
			{
				"typeOfSection": 0,
				"sectionNotes": [],
				"sectionBeats": 4,
				"altAnim": false,
				"gfSection": false,
				"bpm": 95,
				"changeBPM": false,
				"mustHitSection": true
			},
			{
				"sectionBeats": 4,
				"sectionNotes": [],
				"typeOfSection": 0,
				"gfSection": false,
				"altAnim": false,
				"mustHitSection": true,
				"changeBPM": false,
				"bpm": 95
			},
			{
				"sectionBeats": 4,
				"sectionNotes": [],
				"typeOfSection": 0,
				"gfSection": false,
				"altAnim": false,
				"mustHitSection": true,
				"changeBPM": false,
				"bpm": 95
			},
			{
				"typeOfSection": 0,
				"sectionNotes": [],
				"sectionBeats": 4,
				"altAnim": false,
				"gfSection": false,
				"bpm": 95,
				"changeBPM": false,
				"mustHitSection": true
			},
			{
				"typeOfSection": 0,
				"sectionNotes": [],
				"sectionBeats": 4,
				"altAnim": false,
				"gfSection": false,
				"bpm": 95,
				"changeBPM": false,
				"mustHitSection": true
			},
			{
				"typeOfSection": 0,
				"sectionNotes": [],
				"sectionBeats": 4,
				"altAnim": false,
				"gfSection": false,
				"bpm": 95,
				"changeBPM": false,
				"mustHitSection": true
			},
			{
				"sectionBeats": 4,
				"sectionNotes": [],
				"typeOfSection": 0,
				"gfSection": false,
				"altAnim": false,
				"mustHitSection": true,
				"changeBPM": false,
				"bpm": 95
			},
			{
				"sectionBeats": 4,
				"sectionNotes": [],
				"typeOfSection": 0,
				"gfSection": false,
				"altAnim": false,
				"mustHitSection": true,
				"changeBPM": false,
				"bpm": 95
			},
			{
				"sectionBeats": 4,
				"sectionNotes": [],
				"typeOfSection": 0,
				"gfSection": false,
				"altAnim": false,
				"mustHitSection": true,
				"changeBPM": false,
				"bpm": 95
			},
			{
				"sectionBeats": 4,
				"sectionNotes": [],
				"typeOfSection": 0,
				"gfSection": false,
				"altAnim": false,
				"mustHitSection": true,
				"changeBPM": false,
				"bpm": 95
			},
			{
				"sectionBeats": 4,
				"sectionNotes": [],
				"typeOfSection": 0,
				"gfSection": false,
				"altAnim": false,
				"mustHitSection": true,
				"changeBPM": false,
				"bpm": 95
			},
			{
				"typeOfSection": 0,
				"sectionNotes": [],
				"sectionBeats": 4,
				"altAnim": false,
				"gfSection": false,
				"bpm": 95,
				"changeBPM": false,
				"mustHitSection": true
			},
			{
				"typeOfSection": 0,
				"sectionNotes": [],
				"sectionBeats": 4,
				"altAnim": false,
				"gfSection": false,
				"bpm": 95,
				"changeBPM": false,
				"mustHitSection": true
			},
			{
				"sectionBeats": 4,
				"sectionNotes": [],
				"typeOfSection": 0,
				"gfSection": false,
				"altAnim": false,
				"mustHitSection": true,
				"changeBPM": false,
				"bpm": 95
			},
			{
				"typeOfSection": 0,
				"sectionNotes": [],
				"sectionBeats": 4,
				"altAnim": false,
				"gfSection": false,
				"bpm": 95,
				"changeBPM": false,
				"mustHitSection": true
			},
			{
				"typeOfSection": 0,
				"sectionNotes": [],
				"sectionBeats": 4,
				"altAnim": false,
				"gfSection": false,
				"bpm": 95,
				"changeBPM": false,
				"mustHitSection": true
			},
			{
				"sectionBeats": 4,
				"sectionNotes": [],
				"typeOfSection": 0,
				"gfSection": false,
				"altAnim": false,
				"mustHitSection": true,
				"changeBPM": false,
				"bpm": 95
			},
			{
				"typeOfSection": 0,
				"sectionNotes": [],
				"sectionBeats": 4,
				"altAnim": false,
				"gfSection": false,
				"bpm": 95,
				"changeBPM": false,
				"mustHitSection": true
			},
			{
				"typeOfSection": 0,
				"sectionNotes": [],
				"sectionBeats": 4,
				"altAnim": false,
				"gfSection": false,
				"bpm": 95,
				"changeBPM": false,
				"mustHitSection": true
			},
			{
				"typeOfSection": 0,
				"sectionNotes": [],
				"sectionBeats": 4,
				"altAnim": false,
				"gfSection": false,
				"bpm": 95,
				"changeBPM": false,
				"mustHitSection": true
			},
			{
				"typeOfSection": 0,
				"sectionNotes": [],
				"sectionBeats": 4,
				"altAnim": false,
				"gfSection": false,
				"bpm": 95,
				"changeBPM": false,
				"mustHitSection": true
			},
			{
				"sectionBeats": 4,
				"sectionNotes": [],
				"typeOfSection": 0,
				"gfSection": false,
				"altAnim": false,
				"mustHitSection": true,
				"changeBPM": false,
				"bpm": 95
			},
			{
				"sectionBeats": 4,
				"sectionNotes": [],
				"typeOfSection": 0,
				"gfSection": false,
				"altAnim": false,
				"mustHitSection": true,
				"changeBPM": false,
				"bpm": 99
			},
			{
				"sectionBeats": 4,
				"sectionNotes": [],
				"typeOfSection": 0,
				"gfSection": false,
				"altAnim": false,
				"mustHitSection": true,
				"changeBPM": false,
				"bpm": 99
			},
			{
				"sectionBeats": 4,
				"sectionNotes": [],
				"typeOfSection": 0,
				"gfSection": false,
				"altAnim": false,
				"mustHitSection": true,
				"changeBPM": false,
				"bpm": 99
			},
			{
				"sectionBeats": 4,
				"sectionNotes": [],
				"typeOfSection": 0,
				"gfSection": false,
				"altAnim": false,
				"mustHitSection": true,
				"changeBPM": false,
				"bpm": 99
			},
			{
				"sectionBeats": 4,
				"sectionNotes": [],
				"typeOfSection": 0,
				"gfSection": false,
				"altAnim": false,
				"mustHitSection": true,
				"changeBPM": false,
				"bpm": 99
			},
			{
				"sectionBeats": 4,
				"sectionNotes": [],
				"typeOfSection": 0,
				"gfSection": false,
				"altAnim": false,
				"mustHitSection": true,
				"changeBPM": false,
				"bpm": 99
			},
			{
				"typeOfSection": 0,
				"sectionNotes": [],
				"sectionBeats": 4,
				"altAnim": false,
				"gfSection": false,
				"bpm": 99,
				"changeBPM": false,
				"mustHitSection": true
			},
			{
				"typeOfSection": 0,
				"sectionNotes": [],
				"sectionBeats": 4,
				"altAnim": false,
				"gfSection": false,
				"bpm": 99,
				"changeBPM": false,
				"mustHitSection": true
			},
			{
				"typeOfSection": 0,
				"sectionNotes": [],
				"sectionBeats": 4,
				"altAnim": false,
				"gfSection": false,
				"bpm": 99,
				"changeBPM": false,
				"mustHitSection": true
			},
			{
				"sectionBeats": 4,
				"sectionNotes": [],
				"typeOfSection": 0,
				"gfSection": false,
				"altAnim": false,
				"mustHitSection": true,
				"changeBPM": false,
				"bpm": 99
			},
			{
				"sectionBeats": 4,
				"sectionNotes": [],
				"typeOfSection": 0,
				"gfSection": false,
				"altAnim": false,
				"mustHitSection": true,
				"changeBPM": false,
				"bpm": 99
			},
			{
				"gfSection": false,
				"altAnim": false,
				"typeOfSection": 0,
				"sectionNotes": [],
				"bpm": 99,
				"sectionBeats": 4,
				"changeBPM": false,
				"mustHitSection": true
			},
			{
				"gfSection": false,
				"altAnim": false,
				"typeOfSection": 0,
				"sectionNotes": [],
				"bpm": 99,
				"sectionBeats": 4,
				"changeBPM": false,
				"mustHitSection": true
			},
			{
				"gfSection": false,
				"altAnim": false,
				"typeOfSection": 0,
				"sectionNotes": [],
				"bpm": 99,
				"sectionBeats": 4,
				"changeBPM": false,
				"mustHitSection": true
			},
			{
				"gfSection": false,
				"altAnim": false,
				"typeOfSection": 0,
				"sectionNotes": [],
				"bpm": 99,
				"sectionBeats": 4,
				"changeBPM": false,
				"mustHitSection": true
			},
			{
				"gfSection": false,
				"altAnim": false,
				"typeOfSection": 0,
				"sectionNotes": [],
				"bpm": 99,
				"sectionBeats": 4,
				"changeBPM": false,
				"mustHitSection": true
			},
			{
				"gfSection": false,
				"altAnim": false,
				"typeOfSection": 0,
				"sectionNotes": [],
				"bpm": 99,
				"sectionBeats": 4,
				"changeBPM": false,
				"mustHitSection": true
			},
			{
				"gfSection": false,
				"altAnim": false,
				"typeOfSection": 0,
				"sectionNotes": [],
				"bpm": 99,
				"sectionBeats": 4,
				"changeBPM": false,
				"mustHitSection": true
			},
			{
				"gfSection": false,
				"altAnim": false,
				"typeOfSection": 0,
				"sectionNotes": [],
				"bpm": 99,
				"sectionBeats": 4,
				"changeBPM": false,
				"mustHitSection": true
			},
			{
				"gfSection": false,
				"altAnim": false,
				"typeOfSection": 0,
				"sectionNotes": [],
				"bpm": 99,
				"sectionBeats": 4,
				"changeBPM": false,
				"mustHitSection": true
			},
			{
				"gfSection": false,
				"altAnim": false,
				"typeOfSection": 0,
				"sectionNotes": [],
				"bpm": 99,
				"sectionBeats": 4,
				"changeBPM": false,
				"mustHitSection": true
			},
			{
				"gfSection": false,
				"altAnim": false,
				"typeOfSection": 0,
				"sectionNotes": [],
				"bpm": 99,
				"sectionBeats": 4,
				"changeBPM": false,
				"mustHitSection": true
			},
			{
				"gfSection": false,
				"altAnim": false,
				"typeOfSection": 0,
				"sectionNotes": [],
				"bpm": 99,
				"sectionBeats": 4,
				"changeBPM": false,
				"mustHitSection": true
			},
			{
				"gfSection": false,
				"altAnim": false,
				"typeOfSection": 0,
				"sectionNotes": [],
				"bpm": 99,
				"sectionBeats": 4,
				"changeBPM": false,
				"mustHitSection": true
			},
			{
				"gfSection": false,
				"altAnim": false,
				"typeOfSection": 0,
				"sectionNotes": [],
				"bpm": 99,
				"sectionBeats": 4,
				"changeBPM": false,
				"mustHitSection": true
			},
			{
				"gfSection": false,
				"altAnim": false,
				"typeOfSection": 0,
				"sectionNotes": [],
				"bpm": 99,
				"sectionBeats": 4,
				"changeBPM": false,
				"mustHitSection": true
			},
			{
				"gfSection": false,
				"altAnim": false,
				"typeOfSection": 0,
				"sectionNotes": [],
				"bpm": 99,
				"sectionBeats": 4,
				"changeBPM": false,
				"mustHitSection": true
			},
			{
				"gfSection": false,
				"altAnim": false,
				"typeOfSection": 0,
				"sectionNotes": [],
				"bpm": 99,
				"sectionBeats": 4,
				"changeBPM": false,
				"mustHitSection": true
			},
			{
				"gfSection": false,
				"altAnim": false,
				"typeOfSection": 0,
				"sectionNotes": [],
				"bpm": 99,
				"sectionBeats": 4,
				"changeBPM": false,
				"mustHitSection": true
			},
			{
				"gfSection": false,
				"altAnim": false,
				"typeOfSection": 0,
				"sectionNotes": [],
				"bpm": 99,
				"sectionBeats": 4,
				"changeBPM": false,
				"mustHitSection": true
			},
			{
				"gfSection": false,
				"altAnim": false,
				"typeOfSection": 0,
				"sectionNotes": [],
				"bpm": 99,
				"sectionBeats": 4,
				"changeBPM": false,
				"mustHitSection": true
			},
			{
				"gfSection": false,
				"altAnim": false,
				"typeOfSection": 0,
				"sectionNotes": [],
				"bpm": 99,
				"sectionBeats": 4,
				"changeBPM": false,
				"mustHitSection": true
			},
			{
				"gfSection": false,
				"altAnim": false,
				"typeOfSection": 0,
				"sectionNotes": [],
				"bpm": 99,
				"sectionBeats": 4,
				"changeBPM": false,
				"mustHitSection": true
			},
			{
				"gfSection": false,
				"altAnim": false,
				"typeOfSection": 0,
				"sectionNotes": [],
				"bpm": 99,
				"sectionBeats": 4,
				"changeBPM": false,
				"mustHitSection": true
			},
			{
				"gfSection": false,
				"altAnim": false,
				"typeOfSection": 0,
				"sectionNotes": [],
				"bpm": 99,
				"sectionBeats": 4,
				"changeBPM": false,
				"mustHitSection": true
			},
			{
				"gfSection": false,
				"altAnim": false,
				"typeOfSection": 0,
				"sectionNotes": [],
				"bpm": 99,
				"sectionBeats": 4,
				"changeBPM": false,
				"mustHitSection": true
			}
		],
		"player2": "charliegreenRE",
		"gfVersion": "gf",
		"events": [
			[
				151.515151515152,
				[
					[
						"Set Cam Zoom",
						"0.85",
						"1.62"
					]
				]
			],
			[
				1212.12121212121,
				[
					[
						"Set Cam Zoom",
						"1.2",
						"8.79"
					]
				]
			],
			[
				8939.39393939394,
				[
					[
						"Set song speed",
						"2",
						"0.56"
					]
				]
			],
			[
				9696.9696969697,
				[
					[
						"Set Cam Zoom",
						"1",
						""
					],
					[
						"Add Camera Zoom",
						"0.046",
						""
					],
					[
						"CamaraFunctions",
						"target",
						"gf"
					]
				]
			],
			[
				9848.48484848485,
				[
					[
						"Add Camera Zoom",
						"0.045",
						""
					]
				]
			],
			[
				10000,
				[
					[
						"Add Camera Zoom",
						"0.045",
						""
					]
				]
			],
			[
				10151.5151515152,
				[
					[
						"Add Camera Zoom",
						"0.045",
						""
					]
				]
			],
			[
				10303.0303030303,
				[
					[
						"Add Camera Zoom",
						"0.045",
						""
					]
				]
			],
			[
				10568.1818181818,
				[
					[
						"Add Camera Zoom",
						"0.045",
						""
					]
				]
			],
			[
				10736.8421052632,
				[
					[
						"Set song speed",
						"1.5",
						"0.37"
					]
				]
			],
			[
				11022.7272727273,
				[
					[
						"CamaraFunctions",
						"target",
						"dad"
					],
					[
						"Set Cam Zoom",
						"0.9",
						""
					]
				]
			],
			[
				20757.5757575758,
				[
					[
						"CamaraFunctions",
						"target",
						"bf"
					]
				]
			],
			[
				30303.0303030303,
				[
					[
						"CamaraFunctions",
						"target",
						"dad"
					]
				]
			],
			[
				31515.1515151515,
				[
					[
						"CamaraFunctions",
						"target",
						"off"
					]
				]
			],
			[
				37310.6060606061,
				[
					[
						"CamaraFunctions",
						"target",
						"dad"
					]
				]
			],
			[
				40113.6363636364,
				[
					[
						"CamaraFunctions",
						"target",
						"bf"
					]
				]
			],
			[
				46212.1212121212,
				[
					[
						"CamaraFunctions",
						"target",
						"dad"
					]
				]
			],
			[
				47121.2121212121,
				[
					[
						"CamaraFunctions",
						"target",
						"bf"
					]
				]
			],
			[
				48333.3333333333,
				[
					[
						"CamaraFunctions",
						"target",
						"off"
					]
				]
			],
			[
				55037.8787878788,
				[
					[
						"CamaraFunctions",
						"target",
						"bf"
					]
				]
			],
			[
				59772.7272727273,
				[
					[
						"CamaraFunctions",
						"target",
						"dad"
					]
				]
			],
			[
				62954.5454545454,
				[
					[
						"CamaraFunctions",
						"target",
						"bf"
					]
				]
			],
			[
				67878.7878787879,
				[
					[
						"CamaraFunctions",
						"target",
						"dad"
					]
				]
			],
			[
				69393.9393939394,
				[
					[
						"CamaraFunctions",
						"target",
						"off"
					]
				]
			]
		],
		"player3": null,
		"song": "Gimme-A-Break",
		"sections": 0,
		"validScore": true,
		"needsVoices": true,
		"stage": "recordroom",
		"speed": 2.6,
		"bpm": 99
	}
}