{
    "size":75,
    "cameraX":200,
    "cameraY":80,
    "x":-375,
    "y":-90,
    "animations":{
        "idle":{"frames":"14"},
        "up":{"frames":"14"},
        "down":{"frames":"14"},
        "left":{"frames":"14"},
        "right":{"frames":"14"},
        "seconds per frame":0.025
    },
    "offsets":{
        "idle":{"x":0,"y":0},
        "up":{"x":0,"y":0},
        "down":{"x":0,"y":0},
        "left":{"x":0,"y":0},
        "right":{"x":0,"y":0}
    },
    "healthColor":"#1218f0"
}