{
    "size":75,
    "cameraX":-50,
    "cameraY":80,
    "x":100,
    "y":-100,
    "animations":{
        "idle":{"frames":"10"},
        "up":{"frames":"4"},
        "down":{"frames":"4"},
        "left":{"frames":"4"},
        "right":{"frames":"4"},
        "seconds per frame":0.025
    },
    "offsets":{
        "idle":{"x":0,"y":0},
        "up":{"x":20,"y":30},
        "down":{"x":0,"y":-60},
        "left":{"x":-60,"y":0},
        "right":{"x":110,"y":0}
    },
    "healthColor":"#df2d2d"
}