{
	"song": {
		"player1": "bf-lobotomy",
		"events": [
			[
				28642.723880597,
				[
					[
						"Set Cam Zoom",
						"0.5",
						"0.0001"
					]
				]
			],
			[
				28648.3208955224,
				[
					[
						"Cam Boom Speed",
						"1",
						"1.5"
					]
				]
			],
			[
				28653.9179104478,
				[
					[
						"Flash",
						"1",
						""
					]
				]
			],
			[
				42985.0746268657,
				[
					[
						"setEffect",
						"brightness",
						"-100"
					]
				]
			],
			[
				44478.0433768657,
				[
					[
						"Set Cam Zoom",
						"1",
						"12"
					]
				]
			],
			[
				44482.7308768657,
				[
					[
						"Flash",
						"1",
						""
					]
				]
			],
			[
				44485.0746268657,
				[
					[
						"setEffect",
						"brightness",
						"100"
					]
				]
			],
			[
				50485.0746268657,
				[
					[
						"Cam Boom Speed",
						"2",
						"1"
					]
				]
			],
			[
				56110.0746268657,
				[
					[
						"Move Character",
						{"main":true,"characterName":"enemy"},
						{"x":99999,"y":99999}
					],
					[
						"Move Character",
						{"main":false,"characterName":"red"},
						{"x":-100,"y":90}
					],
					[
						"Change Singer",
						1,
						"red"
					]
				]
			],
			[
				56471.0121268657,
				[
					[
						"Set Cam Zoom",
						"0.5",
						"0.001"
					]
				]
			],
			[
				56478.0433768657,
				[
					[
						"Flash",
						"1",
						""
					]
				]
			],
			[
				56485.0746268657,
				[
					[
						"Cam Boom Speed",
						"1",
						"2"
					]
				]
			],
			[
				67828.8246268657,
				[
					[
						"Flash",
						"0.5",
						""
					]
				]
			],
			[
				68110.0746268657,
				[
					[
						"Flash",
						"0.5",
						""
					]
				]
			],
			[
				68203.8246268657,
				[
					[
						"Flash",
						"0.5",
						""
					]
				]
			],
			[
				68297.5746268657,
				[
					[
						"Flash",
						"0.5",
						""
					]
				]
			],
			[
				68391.3246268657,
				[
					[
						"Flash",
						"0.5",
						""
					]
				]
			],
			[
				68485.0746268657,
				[
					[
						"Flash",
						"1",
						""
					]
				]
			],
			[
				73970.7889125799,
				[
					[
						"Flash",
						"1",
						""
					]
				]
			],
			[
				76713.6460554371,
				[
					[
						"Flash",
						"1",
						""
					]
				]
			],
			[
				78085.0746268656,
				[
					[
						"Flash",
						"1",
						""
					]
				]
			],
			[
				78770.7889125799,
				[
					[
						"Flash",
						"1",
						""
					]
				]
			],
			[
				79113.6460554371,
				[
					[
						"Flash",
						"1",
						""
					]
				]
			],
			[
				79285.0746268656,
				[
					[
						"Flash",
						"1",
						""
					]
				]
			],
			[
				79443.6460554371,
				[
					[
						"Flash",
						"1",
						""
					]
				]
			],
			[
				79454.3603411513,
				[
					[
						"Cam Boom Speed",
						"4",
						"1"
					]
				]
			],
			[
				82831.5031982942,
				[
					[
						"Move Character",
						{"main":true,"characterName":"enemy"},
						{"x":-100,"y":70}
					],
					[
						"Move Character",
						{"main":false,"characterName":"red"},
						{"x":99999,"y":999999}
					],
					[
						"Change Singer",
						1,
						""
					]
				]
			],
			[
				92038.592750533,
				[
					[
						"Fade Screen",
						"2",
						"0"
					]
				]
			]
		],
		"gfVersion": "fire",
		"notes": [
			{
				"sectionNotes": [
					[
						0,
						0,
						0
					],
					[
						223.880597014925,
						2,
						0
					],
					[
						335.820895522388,
						3,
						0
					],
					[
						447.761194029851,
						0,
						0
					],
					[
						671.641791044776,
						2,
						0
					],
					[
						447.761194029851,
						1,
						0
					],
					[
						895.522388059701,
						3,
						0
					],
					[
						1007.46268656716,
						0,
						0
					],
					[
						1119.40298507463,
						2,
						0
					],
					[
						1231.34328358209,
						3,
						0
					],
					[
						1343.28358208955,
						2,
						112
					],
					[
						1567.16417910448,
						0,
						0
					]
				],
				"lengthInSteps": 16,
				"mustHitSection": false
			},
			{
				"sectionNotes": [
					[
						1791.0447761194,
						1,
						0
					],
					[
						1902.98507462687,
						0,
						0
					],
					[
						2014.92537313433,
						3,
						0
					],
					[
						2126.86567164179,
						0,
						0
					],
					[
						2238.80597014925,
						2,
						112
					],
					[
						2462.68656716418,
						3,
						0
					],
					[
						2686.5671641791,
						1,
						0
					],
					[
						2798.50746268657,
						0,
						0
					],
					[
						2910.44776119403,
						3,
						0
					],
					[
						3022.38805970149,
						2,
						0
					],
					[
						3134.32835820896,
						0,
						0
					],
					[
						3358.20895522388,
						2,
						0
					]
				],
				"lengthInSteps": 16,
				"mustHitSection": false
			},
			{
				"sectionNotes": [
					[
						3582.08955223881,
						3,
						0
					],
					[
						3805.97014925373,
						2,
						0
					],
					[
						4029.85074626866,
						3,
						0
					],
					[
						4253.73134328358,
						0,
						0
					],
					[
						4477.61194029851,
						2,
						0
					],
					[
						4477.61194029851,
						3,
						225
					],
					[
						4925.37313432836,
						2,
						224
					]
				],
				"lengthInSteps": 16,
				"mustHitSection": false
			},
			{
				"sectionNotes": [
					[
						5373.13432835821,
						0,
						0
					],
					[
						5597.01492537313,
						1,
						0
					],
					[
						5820.89552238806,
						3,
						0
					],
					[
						6044.77611940299,
						2,
						0
					],
					[
						6268.65671641791,
						2,
						338
					],
					[
						6716.41791044776,
						0,
						224
					]
				],
				"lengthInSteps": 16,
				"mustHitSection": false
			},
			{
				"sectionNotes": [
					[
						7164.17910447761,
						6,
						225
					],
					[
						7388.05970149254,
						3,
						0
					],
					[
						7500,
						0,
						0
					],
					[
						7611.94029850746,
						1,
						113
					],
					[
						7835.82089552239,
						2,
						0
					],
					[
						8059.70149253731,
						3,
						0
					],
					[
						8283.58208955224,
						3,
						0
					],
					[
						8171.64179104478,
						1,
						0
					],
					[
						8395.5223880597,
						2,
						0
					],
					[
						8507.46268656716,
						1,
						112
					],
					[
						8731.34328358209,
						0,
						0
					]
				],
				"lengthInSteps": 16,
				"mustHitSection": true
			},
			{
				"sectionNotes": [
					[
						9179.10447761194,
						3,
						0
					],
					[
						8955.22388059702,
						2,
						0
					],
					[
						9402.98507462687,
						0,
						0
					],
					[
						9626.86567164179,
						1,
						0
					],
					[
						9850.74626865672,
						3,
						0
					],
					[
						10298.5074626866,
						1,
						0
					],
					[
						10298.5074626866,
						3,
						0
					],
					[
						10522.3880597015,
						0,
						0
					],
					[
						9850.74626865672,
						2,
						224
					]
				],
				"lengthInSteps": 16,
				"mustHitSection": true
			},
			{
				"sectionNotes": [
					[
						10746.2686567164,
						3,
						0
					],
					[
						10970.1492537313,
						1,
						0
					],
					[
						11082.0895522388,
						0,
						0
					],
					[
						11194.0298507463,
						3,
						0
					],
					[
						11417.9104477612,
						1,
						0
					],
					[
						11641.7910447761,
						2,
						0
					],
					[
						11753.7313432836,
						0,
						0
					],
					[
						11865.671641791,
						3,
						0
					],
					[
						11977.6119402985,
						2,
						0
					],
					[
						12089.552238806,
						3,
						0
					],
					[
						12313.4328358209,
						2,
						0
					]
				],
				"lengthInSteps": 16,
				"mustHitSection": true
			},
			{
				"sectionNotes": [
					[
						12537.3134328358,
						1,
						0
					],
					[
						12537.3134328358,
						0,
						0
					],
					[
						12761.1940298507,
						3,
						0
					],
					[
						12985.0746268657,
						3,
						0
					],
					[
						13208.9552238806,
						0,
						0
					],
					[
						13432.8358208955,
						1,
						0
					],
					[
						13656.7164179104,
						0,
						0
					],
					[
						13768.6567164179,
						2,
						0
					],
					[
						13880.5970149254,
						1,
						112
					],
					[
						14104.4776119403,
						0,
						112
					]
				],
				"lengthInSteps": 16,
				"mustHitSection": true
			},
			{
				"sectionNotes": [
					[
						14328.3582089552,
						4,
						0
					],
					[
						14552.2388059701,
						0,
						0
					],
					[
						14664.1791044776,
						3,
						0
					],
					[
						14776.1194029851,
						1,
						0
					],
					[
						15000,
						2,
						0
					],
					[
						15223.8805970149,
						3,
						0
					],
					[
						15335.8208955224,
						2,
						0
					],
					[
						15447.7611940299,
						0,
						0
					],
					[
						15559.7014925373,
						3,
						0
					],
					[
						15671.6417910448,
						2,
						0
					],
					[
						15895.5223880597,
						0,
						0
					],
					[
						14328.3582089552,
						6,
						336
					]
				],
				"lengthInSteps": 16,
				"mustHitSection": false
			},
			{
				"sectionNotes": [
					[
						16119.4029850746,
						3,
						0
					],
					[
						16455.223880597,
						2,
						112
					],
					[
						16455.223880597,
						0,
						0
					],
					[
						16791.0447761194,
						2,
						224
					],
					[
						17350.7462686567,
						0,
						0
					],
					[
						17462.6865671642,
						3,
						0
					],
					[
						17238.8059701493,
						2,
						0
					],
					[
						17686.5671641791,
						2,
						0
					]
				],
				"lengthInSteps": 16,
				"mustHitSection": false
			},
			{
				"sectionNotes": [
					[
						17910.447761194,
						2,
						0
					],
					[
						18134.328358209,
						0,
						0
					],
					[
						18358.2089552239,
						2,
						0
					],
					[
						18470.1492537313,
						3,
						0
					],
					[
						18582.0895522388,
						2,
						0
					],
					[
						18582.0895522388,
						1,
						0
					],
					[
						18805.9701492537,
						0,
						0
					],
					[
						18917.9104477612,
						1,
						0
					],
					[
						19029.8507462687,
						3,
						0
					],
					[
						19141.7910447761,
						2,
						0
					],
					[
						19253.7313432836,
						2,
						112
					],
					[
						19477.6119402985,
						0,
						0
					]
				],
				"lengthInSteps": 16,
				"mustHitSection": false
			},
			{
				"sectionNotes": [
					[
						19701.4925373134,
						2,
						0
					],
					[
						19925.3731343284,
						3,
						0
					],
					[
						20149.2537313433,
						0,
						0
					],
					[
						20373.1343283582,
						3,
						0
					],
					[
						20597.0149253731,
						2,
						0
					],
					[
						20597.0149253731,
						3,
						0
					],
					[
						20820.8955223881,
						0,
						0
					],
					[
						21044.776119403,
						1,
						225
					]
				],
				"lengthInSteps": 16,
				"mustHitSection": false
			},
			{
				"sectionNotes": [
					[
						21492.5373134328,
						7,
						224
					],
					[
						21716.4179104478,
						0,
						0
					],
					[
						21828.3582089552,
						3,
						0
					],
					[
						21940.2985074627,
						1,
						112
					],
					[
						22164.1791044776,
						2,
						0
					],
					[
						22388.0597014925,
						3,
						0
					],
					[
						22500,
						1,
						0
					],
					[
						22611.9402985075,
						3,
						0
					],
					[
						22723.8805970149,
						0,
						0
					],
					[
						22835.8208955224,
						3,
						0
					],
					[
						23059.7014925373,
						0,
						0
					]
				],
				"lengthInSteps": 16,
				"mustHitSection": true
			},
			{
				"sectionNotes": [
					[
						23283.5820895522,
						2,
						0
					],
					[
						23283.5820895522,
						3,
						0
					],
					[
						23507.4626865672,
						0,
						0
					],
					[
						23731.3432835821,
						2,
						0
					],
					[
						23843.2835820896,
						3,
						0
					],
					[
						24067.1641791045,
						2,
						225
					],
					[
						24402.9850746269,
						0,
						0
					],
					[
						24514.9253731343,
						3,
						0
					],
					[
						24626.8656716418,
						1,
						0
					],
					[
						24850.7462686567,
						3,
						0
					]
				],
				"lengthInSteps": 16,
				"mustHitSection": true
			},
			{
				"sectionNotes": [
					[
						25074.6268656716,
						3,
						112
					],
					[
						25298.5074626866,
						1,
						0
					],
					[
						25746.2686567164,
						1,
						0
					],
					[
						25522.3880597015,
						0,
						112
					],
					[
						25858.2089552239,
						0,
						0
					],
					[
						25970.1492537313,
						2,
						112
					],
					[
						26194.0298507463,
						3,
						0
					],
					[
						26417.9104477612,
						2,
						0
					],
					[
						26641.7910447761,
						2,
						0
					]
				],
				"lengthInSteps": 16,
				"mustHitSection": true
			},
			{
				"sectionNotes": [
					[
						26865.6716417911,
						1,
						224
					],
					[
						27313.4328358209,
						1,
						0
					],
					[
						27537.3134328358,
						1,
						0
					],
					[
						27649.2537313433,
						2,
						0
					],
					[
						27985.0746268657,
						1,
						112
					],
					[
						27761.1940298508,
						1,
						0
					],
					[
						27873.1343283582,
						0,
						0
					],
					[
						28208.9552238806,
						2,
						0
					],
					[
						28320.8955223881,
						3,
						0
					],
					[
						28432.8358208955,
						2,
						113
					]
				],
				"lengthInSteps": 16,
				"mustHitSection": true
			},
			{
				"sectionNotes": [
					[
						28656.7164179105,
						0,
						0
					],
					[
						29104.4776119403,
						2,
						0
					],
					[
						29328.3582089552,
						3,
						0
					],
					[
						28992.5373134328,
						0,
						0
					],
					[
						28880.5970149254,
						1,
						0
					],
					[
						29552.2388059702,
						2,
						0
					],
					[
						29608.2089552239,
						0,
						0
					],
					[
						29888.0597014925,
						3,
						0
					],
					[
						30223.8805970149,
						2,
						0
					],
					[
						29664.1791044776,
						3,
						0
					],
					[
						29776.1194029851,
						1,
						0
					],
					[
						30000,
						0,
						0
					]
				],
				"lengthInSteps": 16,
				"mustHitSection": false
			},
			{
				"sectionNotes": [
					[
						30447.7611940299,
						3,
						112
					],
					[
						30671.6417910448,
						1,
						0
					],
					[
						30783.5820895523,
						3,
						0
					],
					[
						30951.4925373134,
						3,
						0
					],
					[
						31007.4626865672,
						0,
						0
					],
					[
						31119.4029850746,
						2,
						0
					],
					[
						31231.3432835821,
						3,
						112
					],
					[
						31455.223880597,
						2,
						0
					],
					[
						31679.104477612,
						2,
						0
					],
					[
						31567.1641791045,
						0,
						0
					],
					[
						31791.0447761194,
						3,
						112
					],
					[
						32014.9253731343,
						2,
						0
					],
					[
						30895.5223880597,
						2,
						0
					]
				],
				"lengthInSteps": 16,
				"mustHitSection": false
			},
			{
				"sectionNotes": [
					[
						32238.8059701493,
						0,
						112
					],
					[
						32462.6865671642,
						2,
						0
					],
					[
						32686.5671641791,
						3,
						0
					],
					[
						32742.5373134329,
						2,
						0
					],
					[
						32798.5074626866,
						0,
						0
					],
					[
						32910.447761194,
						3,
						0
					],
					[
						33078.3582089552,
						2,
						0
					],
					[
						33022.3880597015,
						0,
						0
					],
					[
						33134.328358209,
						3,
						0
					],
					[
						33246.2686567164,
						0,
						0
					],
					[
						33358.2089552239,
						2,
						0
					],
					[
						33470.1492537314,
						3,
						0
					],
					[
						33582.0895522388,
						2,
						0
					],
					[
						33805.9701492537,
						1,
						0
					]
				],
				"lengthInSteps": 16,
				"mustHitSection": false
			},
			{
				"sectionNotes": [
					[
						34029.8507462687,
						2,
						224
					],
					[
						34477.6119402985,
						3,
						0
					],
					[
						34589.552238806,
						1,
						0
					],
					[
						34701.4925373134,
						2,
						0
					],
					[
						34925.3731343284,
						0,
						0
					],
					[
						35037.3134328358,
						1,
						0
					],
					[
						35149.2537313433,
						3,
						0
					],
					[
						35261.1940298508,
						2,
						0
					],
					[
						35373.1343283582,
						2,
						1
					],
					[
						35597.0149253731,
						1,
						112
					]
				],
				"lengthInSteps": 16,
				"mustHitSection": false
			},
			{
				"sectionNotes": [
					[
						35820.8955223881,
						4,
						224
					],
					[
						35820.8955223881,
						2,
						0
					],
					[
						36044.776119403,
						3,
						0
					],
					[
						36156.7164179105,
						2,
						0
					],
					[
						36268.6567164179,
						0,
						0
					],
					[
						36492.5373134328,
						3,
						0
					],
					[
						36716.4179104478,
						3,
						0
					],
					[
						36772.3880597015,
						0,
						0
					],
					[
						36828.3582089552,
						1,
						0
					],
					[
						36940.2985074627,
						3,
						0
					],
					[
						37052.2388059702,
						2,
						0
					],
					[
						37164.1791044776,
						0,
						0
					],
					[
						37388.0597014925,
						1,
						0
					]
				],
				"lengthInSteps": 16,
				"mustHitSection": true
			},
			{
				"sectionNotes": [
					[
						37611.9402985075,
						3,
						0
					],
					[
						37835.8208955224,
						2,
						0
					],
					[
						38059.7014925373,
						3,
						0
					],
					[
						38115.6716417911,
						2,
						0
					],
					[
						38171.6417910448,
						0,
						0
					],
					[
						37947.7611940299,
						0,
						0
					],
					[
						38283.5820895522,
						3,
						0
					],
					[
						38395.5223880597,
						1,
						113
					],
					[
						38619.4029850746,
						3,
						0
					],
					[
						38731.3432835821,
						2,
						0
					],
					[
						38843.2835820896,
						3,
						0
					],
					[
						38955.223880597,
						1,
						112
					],
					[
						39179.1044776119,
						0,
						112
					]
				],
				"lengthInSteps": 16,
				"mustHitSection": true
			},
			{
				"sectionNotes": [
					[
						39402.9850746269,
						3,
						112
					],
					[
						39626.8656716418,
						2,
						0
					],
					[
						39850.7462686567,
						2,
						0
					],
					[
						39906.7164179105,
						3,
						0
					],
					[
						39962.6865671642,
						0,
						0
					],
					[
						40074.6268656716,
						2,
						0
					],
					[
						40186.5671641791,
						0,
						0
					],
					[
						40242.5373134328,
						3,
						0
					],
					[
						40298.5074626866,
						2,
						0
					],
					[
						40410.447761194,
						0,
						0
					],
					[
						40522.3880597015,
						2,
						0
					],
					[
						40634.328358209,
						3,
						0
					],
					[
						40746.2686567164,
						2,
						0
					],
					[
						40970.1492537313,
						3,
						0
					]
				],
				"lengthInSteps": 16,
				"mustHitSection": true
			},
			{
				"sectionNotes": [
					[
						41194.0298507463,
						2,
						224
					],
					[
						41641.7910447761,
						1,
						0
					],
					[
						41753.7313432836,
						0,
						0
					],
					[
						41865.6716417911,
						3,
						112
					],
					[
						42089.552238806,
						1,
						0
					],
					[
						42201.4925373134,
						3,
						0
					],
					[
						42313.4328358209,
						1,
						0
					],
					[
						42425.3731343284,
						2,
						0
					],
					[
						42537.3134328358,
						1,
						112
					],
					[
						42761.1940298507,
						0,
						112
					],
					[
						41753.7313432836,
						3,
						0
					]
				],
				"lengthInSteps": 16,
				"mustHitSection": true
			},
			{
				"sectionNotes": [],
				"lengthInSteps": 16,
				"bpm": 160,
				"changeBPM": true,
				"mustHitSection": false
			},
			{
				"sectionNotes": [
					[
						44485.0746268657,
						0,
						0
					],
					[
						44672.5746268657,
						2,
						0
					],
					[
						44766.3246268657,
						3,
						0
					],
					[
						44860.0746268657,
						2,
						0
					],
					[
						45047.5746268657,
						0,
						0
					],
					[
						45235.0746268657,
						1,
						94
					],
					[
						45422.5746268657,
						3,
						94
					],
					[
						45610.0746268657,
						2,
						94
					],
					[
						45797.5746268657,
						0,
						0
					]
				],
				"lengthInSteps": 16,
				"mustHitSection": false
			},
			{
				"sectionNotes": [
					[
						45985.0746268657,
						1,
						188
					],
					[
						46360.0746268657,
						0,
						0
					],
					[
						46547.5746268657,
						1,
						0
					],
					[
						46735.0746268657,
						3,
						0
					],
					[
						46922.5746268657,
						2,
						0
					],
					[
						47110.0746268657,
						2,
						282
					]
				],
				"lengthInSteps": 16,
				"mustHitSection": false
			},
			{
				"sectionNotes": [
					[
						47485.0746268657,
						2,
						0
					],
					[
						47672.5746268657,
						0,
						0
					],
					[
						47766.3246268657,
						3,
						0
					],
					[
						47860.0746268657,
						2,
						0
					],
					[
						48047.5746268657,
						0,
						282
					],
					[
						48422.5746268657,
						1,
						0
					],
					[
						48516.3246268657,
						0,
						0
					],
					[
						48610.0746268657,
						2,
						94
					],
					[
						48797.5746268657,
						3,
						0
					]
				],
				"lengthInSteps": 16,
				"mustHitSection": true
			},
			{
				"sectionNotes": [
					[
						49172.5746268657,
						3,
						0
					],
					[
						49266.3246268657,
						0,
						0
					],
					[
						48985.0746268657,
						0,
						0
					],
					[
						49360.0746268657,
						3,
						0
					],
					[
						49547.5746268657,
						2,
						188
					],
					[
						49922.5746268657,
						3,
						0
					],
					[
						50110.0746268657,
						2,
						282
					],
					[
						50110.0746268657,
						0,
						0
					]
				],
				"lengthInSteps": 16,
				"mustHitSection": true
			},
			{
				"sectionNotes": [
					[
						50485.0746268657,
						0,
						188
					],
					[
						50860.0746268657,
						1,
						95
					],
					[
						51235.0746268657,
						3,
						0
					],
					[
						51422.5746268657,
						2,
						0
					],
					[
						51610.0746268657,
						1,
						0
					],
					[
						51797.5746268657,
						3,
						0
					],
					[
						51891.3246268657,
						1,
						0
					]
				],
				"lengthInSteps": 16,
				"mustHitSection": false
			},
			{
				"sectionNotes": [
					[
						51985.0746268657,
						3,
						0
					],
					[
						52172.5746268657,
						0,
						0
					],
					[
						52360.0746268657,
						1,
						0
					],
					[
						52547.5746268657,
						2,
						189
					],
					[
						52922.5746268657,
						0,
						0
					],
					[
						53110.0746268657,
						2,
						282
					]
				],
				"lengthInSteps": 16,
				"mustHitSection": false
			},
			{
				"sectionNotes": [
					[
						53485.0746268657,
						3,
						0
					],
					[
						53672.5746268657,
						1,
						0
					],
					[
						53766.3246268657,
						0,
						0
					],
					[
						53860.0746268657,
						3,
						0
					],
					[
						54047.5746268657,
						3,
						282
					],
					[
						54422.5746268657,
						0,
						0
					],
					[
						54610.0746268657,
						2,
						282
					],
					[
						54610.0746268657,
						3,
						0
					]
				],
				"lengthInSteps": 16,
				"mustHitSection": true
			},
			{
				"sectionNotes": [
					[
						54985.0746268657,
						2,
						0
					],
					[
						55172.5746268657,
						3,
						94
					],
					[
						55547.5746268657,
						0,
						0
					],
					[
						55641.3246268657,
						1,
						0
					],
					[
						55735.0746268657,
						3,
						0
					],
					[
						55922.5746268657,
						2,
						0
					],
					[
						56110.0746268657,
						3,
						0
					],
					[
						56297.5746268657,
						0,
						0
					]
				],
				"lengthInSteps": 16,
				"mustHitSection": true
			},
			{
				"sectionNotes": [
					[
						56485.0746268657,
						2,
						0
					],
					[
						56672.5746268657,
						0,
						0
					],
					[
						56719.4496268657,
						3,
						0
					],
					[
						56766.3246268657,
						1,
						0
					],
					[
						56860.0746268657,
						2,
						94
					],
					[
						57047.5746268657,
						3,
						0
					],
					[
						57235.0746268657,
						0,
						0
					],
					[
						57328.8246268657,
						3,
						0
					],
					[
						57422.5746268657,
						2,
						0
					],
					[
						57469.4496268657,
						0,
						0
					],
					[
						57516.3246268657,
						1,
						0
					],
					[
						57563.1996268657,
						3,
						0
					],
					[
						57610.0746268657,
						2,
						0
					],
					[
						57797.5746268657,
						3,
						0
					]
				],
				"lengthInSteps": 16,
				"mustHitSection": false
			},
			{
				"sectionNotes": [
					[
						57985.0746268657,
						1,
						0
					],
					[
						58172.5746268657,
						2,
						0
					],
					[
						58360.0746268657,
						1,
						0
					],
					[
						58547.5746268657,
						0,
						0
					],
					[
						58735.0746268657,
						2,
						0
					],
					[
						58735.0746268657,
						3,
						0
					],
					[
						58922.5746268657,
						3,
						0
					],
					[
						58969.4496268657,
						0,
						0
					],
					[
						59016.3246268657,
						1,
						0
					],
					[
						59110.0746268657,
						3,
						0
					],
					[
						59297.5746268657,
						1,
						0
					]
				],
				"lengthInSteps": 16,
				"mustHitSection": false
			},
			{
				"sectionNotes": [
					[
						59485.0746268657,
						2,
						0
					],
					[
						59672.5746268657,
						3,
						0
					],
					[
						59766.3246268657,
						0,
						0
					],
					[
						59860.0746268657,
						2,
						0
					],
					[
						60047.5746268657,
						3,
						0
					],
					[
						60235.0746268657,
						0,
						0
					],
					[
						60422.5746268657,
						1,
						0
					],
					[
						60610.0746268657,
						3,
						0
					],
					[
						60797.5746268657,
						2,
						0
					]
				],
				"lengthInSteps": 16,
				"mustHitSection": false
			},
			{
				"sectionNotes": [
					[
						60985.0746268657,
						2,
						188
					],
					[
						61360.0746268657,
						3,
						0
					],
					[
						61453.8246268657,
						0,
						0
					],
					[
						61547.5746268657,
						1,
						0
					],
					[
						61641.3246268657,
						2,
						0
					],
					[
						61735.0746268657,
						3,
						0
					],
					[
						61922.5746268657,
						0,
						0
					],
					[
						62110.0746268657,
						2,
						0
					],
					[
						62297.5746268657,
						1,
						0
					]
				],
				"lengthInSteps": 16,
				"mustHitSection": false
			},
			{
				"sectionNotes": [
					[
						62485.0746268657,
						6,
						282
					],
					[
						62485.0746268657,
						1,
						0
					],
					[
						62531.9496268657,
						2,
						0
					],
					[
						62672.5746268657,
						3,
						0
					],
					[
						62766.3246268657,
						0,
						0
					],
					[
						62860.0746268657,
						2,
						0
					],
					[
						62906.9496268657,
						3,
						0
					],
					[
						62953.8246268657,
						0,
						0
					],
					[
						63047.5746268657,
						1,
						0
					],
					[
						63235.0746268657,
						3,
						0
					],
					[
						63328.8246268657,
						0,
						0
					],
					[
						63422.5746268657,
						1,
						0
					],
					[
						63516.3246268657,
						2,
						0
					],
					[
						63610.0746268657,
						1,
						94
					],
					[
						63797.5746268657,
						2,
						0
					],
					[
						63797.5746268657,
						3,
						0
					]
				],
				"lengthInSteps": 16,
				"mustHitSection": true
			},
			{
				"sectionNotes": [
					[
						63985.0746268657,
						1,
						0
					],
					[
						64078.8246268657,
						0,
						0
					],
					[
						64172.5746268657,
						1,
						0
					],
					[
						64266.3246268657,
						3,
						0
					],
					[
						64360.0746268657,
						1,
						0
					],
					[
						64453.8246268657,
						0,
						0
					],
					[
						64547.5746268657,
						1,
						0
					],
					[
						64641.3246268657,
						3,
						0
					],
					[
						64735.0746268657,
						2,
						94
					],
					[
						64922.5746268657,
						0,
						0
					],
					[
						65110.0746268657,
						1,
						94
					],
					[
						65297.5746268657,
						3,
						94
					]
				],
				"lengthInSteps": 16,
				"mustHitSection": true
			},
			{
				"sectionNotes": [
					[
						65485.0746268657,
						1,
						0
					],
					[
						65485.0746268657,
						3,
						0
					],
					[
						65860.0746268657,
						1,
						282
					],
					[
						66235.0746268657,
						2,
						0
					],
					[
						66422.5746268657,
						1,
						0
					],
					[
						66610.0746268657,
						0,
						94
					],
					[
						66797.5746268657,
						3,
						94
					],
					[
						65485.0746268657,
						4,
						0
					],
					[
						65860.0746268657,
						5,
						0
					],
					[
						66235.0746268657,
						7,
						0
					],
					[
						66422.5746268657,
						6,
						0
					],
					[
						66610.0746268657,
						6,
						282
					]
				],
				"lengthInSteps": 16,
				"mustHitSection": true
			},
			{
				"sectionNotes": [
					[
						66985.0746268657,
						1,
						94
					],
					[
						67172.5746268657,
						0,
						0
					],
					[
						67360.0746268657,
						1,
						94
					],
					[
						67547.5746268657,
						2,
						188
					],
					[
						67735.0746268657,
						0,
						283
					],
					[
						68110.0746268657,
						2,
						282
					],
					[
						66985.0746268657,
						4,
						0
					],
					[
						67360.0746268657,
						5,
						0
					],
					[
						67735.0746268657,
						7,
						0
					],
					[
						67922.5746268657,
						6,
						0
					],
					[
						68110.0746268657,
						6,
						282
					]
				],
				"lengthInSteps": 16,
				"mustHitSection": true
			},
			{
				"sectionNotes": [
					[
						68485.0746268657,
						0,
						86
					],
					[
						68656.5031982942,
						2,
						0
					],
					[
						68742.2174840085,
						3,
						0
					],
					[
						68827.9317697228,
						0,
						0
					],
					[
						68999.3603411514,
						3,
						86
					],
					[
						69170.78891258,
						1,
						0
					],
					[
						69342.2174840085,
						2,
						0
					],
					[
						69513.6460554371,
						0,
						0
					],
					[
						69513.6460554371,
						1,
						0
					],
					[
						69685.0746268657,
						1,
						0
					],
					[
						68485.0746268657,
						5,
						172
					],
					[
						68999.3603411514,
						5,
						173
					],
					[
						69513.6460554371,
						5,
						0
					],
					[
						69685.0746268657,
						5,
						0
					],
					[
						69770.78891258,
						4,
						0
					]
				],
				"lengthInSteps": 16,
				"bpm": 175,
				"changeBPM": true,
				"mustHitSection": false
			},
			{
				"sectionNotes": [
					[
						69856.5031982942,
						3,
						0
					],
					[
						69942.2174840085,
						0,
						0
					],
					[
						70027.9317697228,
						3,
						0
					],
					[
						70113.6460554371,
						1,
						0
					],
					[
						70199.3603411514,
						2,
						0
					],
					[
						70370.78891258,
						0,
						0
					],
					[
						70542.2174840085,
						3,
						0
					],
					[
						70713.6460554371,
						1,
						0
					],
					[
						70885.0746268657,
						2,
						0
					],
					[
						71056.5031982942,
						0,
						0
					],
					[
						69856.5031982942,
						5,
						173
					],
					[
						70370.78891258,
						5,
						172
					],
					[
						70885.0746268657,
						5,
						0
					],
					[
						71056.5031982942,
						4,
						0
					],
					[
						71142.2174840085,
						5,
						0
					]
				],
				"lengthInSteps": 16,
				"mustHitSection": false
			},
			{
				"sectionNotes": [
					[
						71227.9317697228,
						2,
						0
					],
					[
						71399.3603411514,
						3,
						0
					],
					[
						71485.0746268657,
						2,
						0
					],
					[
						71570.78891258,
						0,
						0
					],
					[
						71742.2174840085,
						1,
						0
					],
					[
						71827.9317697228,
						3,
						0
					],
					[
						71913.6460554371,
						2,
						0
					],
					[
						72085.0746268657,
						0,
						0
					],
					[
						72256.5031982942,
						3,
						0
					],
					[
						72427.9317697228,
						1,
						0
					],
					[
						71227.9317697228,
						7,
						172
					],
					[
						71742.2174840085,
						7,
						173
					],
					[
						72256.5031982942,
						7,
						0
					],
					[
						72427.9317697228,
						6,
						0
					],
					[
						72513.6460554371,
						5,
						0
					]
				],
				"lengthInSteps": 16,
				"mustHitSection": false
			},
			{
				"sectionNotes": [
					[
						72599.3603411514,
						0,
						86
					],
					[
						72770.7889125799,
						3,
						0
					],
					[
						72942.2174840085,
						2,
						0
					],
					[
						73027.9317697228,
						3,
						0
					],
					[
						73113.6460554371,
						0,
						0
					],
					[
						73199.3603411514,
						1,
						0
					],
					[
						73285.0746268657,
						2,
						0
					],
					[
						73370.7889125799,
						3,
						0
					],
					[
						73456.5031982942,
						0,
						0
					],
					[
						73542.2174840085,
						3,
						0
					],
					[
						73627.9317697228,
						1,
						0
					],
					[
						73799.3603411514,
						0,
						86
					],
					[
						72942.2174840085,
						7,
						172
					],
					[
						72599.3603411514,
						4,
						172
					],
					[
						73285.0746268657,
						5,
						602
					]
				],
				"lengthInSteps": 16,
				"mustHitSection": false
			},
			{
				"sectionNotes": [
					[
						73970.7889125799,
						6,
						172
					],
					[
						74313.6460554371,
						7,
						172
					],
					[
						73970.7889125799,
						0,
						0
					],
					[
						74142.2174840085,
						1,
						0
					],
					[
						74227.9317697228,
						0,
						0
					],
					[
						74313.6460554371,
						2,
						0
					],
					[
						74485.0746268657,
						1,
						0
					],
					[
						74656.5031982942,
						3,
						0
					],
					[
						74827.9317697228,
						2,
						0
					],
					[
						74999.3603411514,
						1,
						0
					],
					[
						74999.3603411514,
						3,
						86
					],
					[
						75170.7889125799,
						0,
						0
					]
				],
				"lengthInSteps": 16,
				"mustHitSection": true
			},
			{
				"sectionNotes": [
					[
						75342.2174840085,
						1,
						0
					],
					[
						75427.9317697228,
						0,
						0
					],
					[
						75513.6460554371,
						1,
						0
					],
					[
						75599.3603411514,
						2,
						0
					],
					[
						75685.0746268657,
						3,
						86
					],
					[
						75856.5031982942,
						1,
						0
					],
					[
						76027.9317697228,
						0,
						0
					],
					[
						76199.3603411514,
						2,
						0
					],
					[
						76370.7889125799,
						3,
						0
					],
					[
						76542.2174840085,
						0,
						0
					]
				],
				"lengthInSteps": 16,
				"mustHitSection": true
			},
			{
				"sectionNotes": [
					[
						76713.6460554371,
						3,
						0
					],
					[
						76970.7889125799,
						0,
						0
					],
					[
						77056.5031982942,
						3,
						0
					],
					[
						76885.0746268656,
						2,
						0
					],
					[
						77227.9317697228,
						3,
						0
					],
					[
						77313.6460554371,
						0,
						0
					],
					[
						77399.3603411514,
						3,
						86
					],
					[
						77570.7889125799,
						0,
						0
					],
					[
						77742.2174840085,
						3,
						86
					],
					[
						77913.6460554371,
						1,
						0
					]
				],
				"lengthInSteps": 16,
				"mustHitSection": true
			},
			{
				"sectionNotes": [
					[
						78085.0746268656,
						0,
						2
					],
					[
						78256.5031982942,
						2,
						0
					],
					[
						78427.9317697228,
						3,
						0
					],
					[
						78513.6460554371,
						2,
						0
					],
					[
						78599.3603411513,
						1,
						0
					],
					[
						78685.0746268656,
						3,
						0
					],
					[
						78770.7889125799,
						1,
						0
					],
					[
						78856.5031982942,
						0,
						0
					],
					[
						78942.2174840085,
						3,
						0
					],
					[
						78985.0746268656,
						2,
						0
					],
					[
						79027.9317697228,
						0,
						0
					],
					[
						79113.6460554371,
						1,
						0
					],
					[
						79285.0746268656,
						3,
						0
					]
				],
				"lengthInSteps": 16,
				"mustHitSection": true
			},
			{
				"sectionNotes": [
					[
						79456.5031982942,
						3,
						282
					],
					[
						79831.5031982942,
						1,
						188
					],
					[
						80206.5031982942,
						2,
						0
					],
					[
						80394.0031982942,
						2,
						0
					],
					[
						80487.7531982942,
						3,
						0
					],
					[
						80581.5031982942,
						1,
						94
					],
					[
						80769.0031982942,
						0,
						94
					]
				],
				"lengthInSteps": 16,
				"bpm": 160,
				"changeBPM": true,
				"mustHitSection": true
			},
			{
				"sectionNotes": [
					[
						80956.5031982942,
						3,
						188
					],
					[
						81144.0031982942,
						1,
						94
					],
					[
						81331.5031982942,
						2,
						0
					],
					[
						81519.0031982942,
						3,
						282
					],
					[
						81894.0031982942,
						2,
						0
					],
					[
						81987.7531982942,
						3,
						0
					],
					[
						82081.5031982942,
						0,
						0
					],
					[
						82269.0031982942,
						3,
						0
					]
				],
				"lengthInSteps": 16,
				"mustHitSection": true
			},
			{
				"sectionNotes": [
					[
						82456.5031982942,
						0,
						0
					],
					[
						82644.0031982942,
						1,
						0
					],
					[
						82831.5031982942,
						1,
						0
					],
					[
						82925.2531982942,
						0,
						0
					],
					[
						83019.0031982942,
						2,
						0
					],
					[
						83019.0031982942,
						3,
						284
					],
					[
						83394.0031982942,
						0,
						0
					],
					[
						83581.5031982942,
						1,
						94
					],
					[
						83769.0031982942,
						3,
						0
					]
				],
				"lengthInSteps": 16,
				"mustHitSection": true
			},
			{
				"sectionNotes": [
					[
						83956.5031982942,
						3,
						95
					],
					[
						84144.0031982942,
						2,
						0
					],
					[
						84331.5031982942,
						2,
						0
					],
					[
						84519.0031982942,
						0,
						282
					],
					[
						84894.0031982942,
						3,
						0
					],
					[
						84987.7531982942,
						0,
						0
					],
					[
						85081.5031982942,
						1,
						0
					],
					[
						85269.0031982942,
						3,
						0
					]
				],
				"lengthInSteps": 16,
				"mustHitSection": true
			},
			{
				"sectionNotes": [
					[
						85456.5031982942,
						5,
						282
					],
					[
						85456.5031982942,
						2,
						188
					],
					[
						85831.5031982942,
						3,
						188
					],
					[
						86206.5031982942,
						0,
						0
					],
					[
						86394.0031982942,
						3,
						0
					],
					[
						86487.7531982942,
						1,
						0
					],
					[
						86581.5031982942,
						2,
						0
					],
					[
						86769.0031982942,
						3,
						0
					]
				],
				"lengthInSteps": 16,
				"mustHitSection": false
			},
			{
				"sectionNotes": [
					[
						86956.5031982942,
						1,
						0
					],
					[
						86956.5031982942,
						0,
						188
					],
					[
						87144.0031982942,
						1,
						0
					],
					[
						87331.5031982942,
						3,
						0
					],
					[
						87519.0031982942,
						2,
						188
					],
					[
						87894.0031982942,
						3,
						0
					],
					[
						87987.7531982942,
						0,
						0
					],
					[
						88081.5031982942,
						2,
						0
					],
					[
						88269.0031982942,
						3,
						0
					]
				],
				"lengthInSteps": 16,
				"mustHitSection": false
			},
			{
				"sectionNotes": [
					[
						88456.5031982942,
						1,
						0
					],
					[
						88687.2724290634,
						2,
						117
					],
					[
						88918.0416598327,
						3,
						0
					],
					[
						89033.4262752173,
						0,
						0
					],
					[
						89148.8108906019,
						2,
						117
					],
					[
						89575.9061833688,
						3,
						0
					],
					[
						89799.7867803838,
						0,
						1
					],
					[
						90023.6673773987,
						2,
						0
					]
				],
				"lengthInSteps": 16,
				"bpm": 134,
				"changeBPM": true,
				"mustHitSection": false
			},
			{
				"sectionNotes": [
					[
						90247.5479744136,
						3,
						113
					],
					[
						90471.4285714285,
						1,
						112
					],
					[
						90695.3091684435,
						2,
						0
					],
					[
						90919.1897654584,
						0,
						226
					],
					[
						91366.9509594882,
						1,
						0
					],
					[
						91478.8912579957,
						3,
						0
					],
					[
						91590.8315565032,
						2,
						112
					],
					[
						91814.7121535181,
						0,
						0
					],
					[
						90247.5479744136,
						5,
						112
					],
					[
						90471.4285714285,
						6,
						0
					],
					[
						90695.3091684435,
						7,
						0
					],
					[
						90807.2494669509,
						4,
						0
					],
					[
						90919.1897654584,
						5,
						336
					],
					[
						91366.9509594882,
						7,
						0
					],
					[
						91478.8912579957,
						4,
						0
					],
					[
						91590.8315565032,
						5,
						112
					],
					[
						91814.7121535181,
						7,
						0
					]
				],
				"lengthInSteps": 16,
				"mustHitSection": false
			},
			{
				"sectionNotes": [
					[
						92038.592750533,
						5,
						336
					],
					[
						92038.592750533,
						2,
						336
					]
				],
				"lengthInSteps": 16,
				"mustHitSection": false
			},
			{
				"sectionNotes": [],
				"lengthInSteps": 16,
				"mustHitSection": true
			},
			{
				"sectionNotes": [],
				"lengthInSteps": 16,
				"mustHitSection": true
			},
			{
				"sectionNotes": [],
				"lengthInSteps": 16,
				"mustHitSection": false
			},
			{
				"sectionNotes": [],
				"lengthInSteps": 16,
				"mustHitSection": false
			},
			{
				"sectionNotes": [],
				"lengthInSteps": 16,
				"mustHitSection": true
			},
			{
				"sectionNotes": [],
				"lengthInSteps": 16,
				"mustHitSection": true
			}
		],
		"player2": "gren",
		"player3": null,
		"song": "lobotomy",
		"stage": "lobotomy",
		"needsVoices": true,
		"bpm": 134,
		"speed": 2.9
	}
}