{
    "size":75,
    "cameraX":-50,
    "cameraY":80,
    "x":100,
    "y":-100,
    "animations":{
        "idle":{"frames":"28"},
        "up":{"frames":"4"},
        "down":{"frames":"9"},
        "left":{"frames":"5"},
        "right":{"frames":"5"},
        "seconds per frame":0.025
    },
    "offsets":{
        "idle":{"x":0,"y":0},
        "up":{"x":50,"y":50},
        "down":{"x":-25,"y":-80},
        "left":{"x":-60,"y":-20},
        "right":{"x":40,"y":-10}
    },
    "healthColor":"#852424"
}