{
    "size":75,
    "cameraX":-120,
    "cameraY":120,
    "x":150,
    "y":-120,
    "animations":{
        "idle":{"frames":"14"},
        "up":{"frames":"3"},
        "down":{"frames":"4"},
        "left":{"frames":"3"},
        "right":{"frames":"4"},
        "seconds per frame":0.025
    },
    "offsets":{
        "idle":{"x":0,"y":0},
        "up":{"x":25,"y":5},
        "down":{"x":-100,"y":-168},
        "left":{"x":-75,"y":-25},
        "right":{"x":25,"y":-25}
    },
    "healthColor":"#ff006e"
}