{
    "song": {
        "player1": "bf",
        "notes": [
            {
                "sectionNotes": [],
                "lengthInSteps": 16,
                "mustHitSection": true
            },
            {
                "sectionNotes": [],
                "lengthInSteps": 16,
                "mustHitSection": true
            },
            {
                "sectionNotes": [],
                "lengthInSteps": 16,
                "mustHitSection": true
            },
            {
                "sectionNotes": [],
                "lengthInSteps": 16,
                "mustHitSection": true
            },
            {
                "sectionNotes": [
                    [
                        6400,
                        0,
                        0
                    ],
                    [
                        6599.99951,
                        1,
                        0
                    ],
                    [
                        6799.99951,
                        3,
                        0
                    ],
                    [
                        7199.99951,
                        3,
                        0
                    ],
                    [
                        7599.99951,
                        2,
                        0
                    ],
                    [
                        7799.99951,
                        3,
                        0
                    ]
                ],
                "lengthInSteps": 16,
                "mustHitSection": false
            },
            {
                "sectionNotes": [
                    [
                        7999.99951,
                        1,
                        0
                    ],
                    [
                        8200,
                        3,
                        0
                    ],
                    [
                        8400,
                        3,
                        0
                    ],
                    [
                        8800,
                        2,
                        0
                    ],
                    [
                        9200,
                        0,
                        0
                    ],
                    [
                        9400,
                        3,
                        0
                    ]
                ],
                "lengthInSteps": 16,
                "mustHitSection": false
            },
            {
                "sectionNotes": [
                    [
                        9600,
                        0,
                        0
                    ],
                    [
                        9800,
                        1,
                        0
                    ],
                    [
                        10000,
                        3,
                        0
                    ],
                    [
                        10400,
                        3,
                        0
                    ],
                    [
                        10800,
                        2,
                        0
                    ],
                    [
                        11000,
                        3,
                        0
                    ]
                ],
                "lengthInSteps": 16,
                "mustHitSection": true
            },
            {
                "sectionNotes": [
                    [
                        11200,
                        1,
                        0
                    ],
                    [
                        11400,
                        3,
                        0
                    ],
                    [
                        11600,
                        3,
                        0
                    ],
                    [
                        12000,
                        2,
                        0
                    ],
                    [
                        12400,
                        0,
                        0
                    ],
                    [
                        12600,
                        3,
                        0
                    ]
                ],
                "lengthInSteps": 16,
                "mustHitSection": true
            },
            {
                "sectionNotes": [
                    [
                        12800,
                        2,
                        0
                    ],
                    [
                        12999.999,
                        3,
                        0
                    ],
                    [
                        13099.999,
                        1,
                        0
                    ],
                    [
                        13199.999,
                        0,
                        0
                    ],
                    [
                        13399.999,
                        0,
                        0
                    ],
                    [
                        13599.999,
                        2,
                        0
                    ],
                    [
                        13799.999,
                        3,
                        0
                    ],
                    [
                        13999.999,
                        1,
                        0
                    ]
                ],
                "lengthInSteps": 16,
                "mustHitSection": false
            },
            {
                "sectionNotes": [
                    [
                        14399.999,
                        1,
                        0
                    ],
                    [
                        14599.999,
                        0,
                        0
                    ],
                    [
                        14699.999,
                        1,
                        0
                    ],
                    [
                        14799.999,
                        3,
                        0
                    ],
                    [
                        14999.999,
                        3,
                        0
                    ],
                    [
                        15199.999,
                        0,
                        0
                    ],
                    [
                        15399.999,
                        0,
                        0
                    ],
                    [
                        15600,
                        2,
                        0,
                        2
                    ]
                ],
                "lengthInSteps": 16,
                "mustHitSection": false
            },
            {
                "sectionNotes": [
                    [
                        15999.999,
                        2,
                        0
                    ],
                    [
                        16199.999,
                        3,
                        0
                    ],
                    [
                        16299.999,
                        1,
                        0
                    ],
                    [
                        16400,
                        0,
                        0
                    ],
                    [
                        16600,
                        0,
                        0
                    ],
                    [
                        16800,
                        2,
                        0
                    ],
                    [
                        17000,
                        3,
                        0
                    ],
                    [
                        17200,
                        1,
                        0
                    ]
                ],
                "lengthInSteps": 16,
                "mustHitSection": true
            },
            {
                "sectionNotes": [
                    [
                        17600,
                        1,
                        0
                    ],
                    [
                        17800,
                        0,
                        0
                    ],
                    [
                        17900,
                        1,
                        0
                    ],
                    [
                        18000,
                        3,
                        0
                    ],
                    [
                        18200,
                        3,
                        0
                    ],
                    [
                        18400,
                        0,
                        0
                    ],
                    [
                        18600,
                        0,
                        0
                    ],
                    [
                        18800,
                        4,
                        0
                    ],
                    [
                        19000,
                        7,
                        0
                    ],
                    [
                        18800,
                        2,
                        0,
                        2
                    ]
                ],
                "lengthInSteps": 16,
                "mustHitSection": true
            },
            {
                "sectionNotes": [
                    [
                        19200,
                        2,
                        0
                    ],
                    [
                        19400,
                        3,
                        0
                    ],
                    [
                        19500,
                        1,
                        0
                    ],
                    [
                        19600,
                        3,
                        0
                    ],
                    [
                        20000,
                        3,
                        0
                    ],
                    [
                        20300,
                        3,
                        0
                    ],
                    [
                        20600,
                        3,
                        0
                    ]
                ],
                "lengthInSteps": 16,
                "mustHitSection": false
            },
            {
                "sectionNotes": [
                    [
                        20800,
                        2,
                        0
                    ],
                    [
                        21000,
                        0,
                        0
                    ],
                    [
                        21100,
                        1,
                        0
                    ],
                    [
                        21200,
                        3,
                        0
                    ],
                    [
                        21600,
                        3,
                        0
                    ],
                    [
                        21900,
                        1,
                        0
                    ],
                    [
                        22000,
                        3,
                        0
                    ],
                    [
                        22200,
                        3,
                        0
                    ]
                ],
                "lengthInSteps": 16,
                "mustHitSection": false
            },
            {
                "sectionNotes": [
                    [
                        22400,
                        2,
                        0
                    ],
                    [
                        22600,
                        3,
                        0
                    ],
                    [
                        22700,
                        1,
                        0
                    ],
                    [
                        22800,
                        3,
                        0
                    ],
                    [
                        23200,
                        3,
                        0
                    ],
                    [
                        23500,
                        3,
                        0
                    ],
                    [
                        23800,
                        3,
                        0
                    ]
                ],
                "lengthInSteps": 16,
                "mustHitSection": false
            },
            {
                "sectionNotes": [
                    [
                        24000,
                        2,
                        0
                    ],
                    [
                        24200,
                        0,
                        0
                    ],
                    [
                        24300,
                        1,
                        0
                    ],
                    [
                        24400,
                        3,
                        0
                    ],
                    [
                        24800,
                        1,
                        0
                    ],
                    [
                        25200,
                        2,
                        0
                    ],
                    [
                        25200,
                        4,
                        0
                    ],
                    [
                        25400,
                        2,
                        0
                    ],
                    [
                        25400,
                        7,
                        0
                    ]
                ],
                "lengthInSteps": 16,
                "mustHitSection": false
            },
            {
                "sectionNotes": [
                    [
                        25600,
                        2,
                        0
                    ],
                    [
                        25799.998,
                        3,
                        0
                    ],
                    [
                        25899.998,
                        1,
                        0
                    ],
                    [
                        25999.998,
                        3,
                        0
                    ],
                    [
                        26399.998,
                        3,
                        0
                    ],
                    [
                        26699.998,
                        3,
                        0
                    ],
                    [
                        26999.998,
                        3,
                        0
                    ]
                ],
                "lengthInSteps": 16,
                "mustHitSection": true
            },
            {
                "sectionNotes": [
                    [
                        27199.998,
                        2,
                        0
                    ],
                    [
                        27399.998,
                        0,
                        0
                    ],
                    [
                        27499.998,
                        1,
                        0
                    ],
                    [
                        27599.998,
                        3,
                        0
                    ],
                    [
                        27999.998,
                        3,
                        0
                    ],
                    [
                        28299.998,
                        1,
                        0
                    ],
                    [
                        28399.998,
                        3,
                        0
                    ],
                    [
                        28599.998,
                        3,
                        0
                    ]
                ],
                "lengthInSteps": 16,
                "mustHitSection": true
            },
            {
                "sectionNotes": [
                    [
                        28799.998,
                        2,
                        0
                    ],
                    [
                        28999.998,
                        3,
                        0
                    ],
                    [
                        29099.998,
                        1,
                        0
                    ],
                    [
                        29199.998,
                        3,
                        0
                    ],
                    [
                        29599.998,
                        3,
                        0
                    ],
                    [
                        29899.998,
                        3,
                        0
                    ],
                    [
                        30199.998,
                        3,
                        0
                    ]
                ],
                "lengthInSteps": 16,
                "mustHitSection": true
            },
            {
                "sectionNotes": [
                    [
                        30399.998,
                        2,
                        0
                    ],
                    [
                        30599.998,
                        0,
                        0
                    ],
                    [
                        30699.998,
                        1,
                        0
                    ],
                    [
                        30799.998,
                        3,
                        0
                    ],
                    [
                        31199.998,
                        1,
                        0
                    ],
                    [
                        31599.998,
                        2,
                        0
                    ],
                    [
                        31599.998,
                        7,
                        0
                    ],
                    [
                        31799.998,
                        2,
                        0
                    ],
                    [
                        31799.998,
                        5,
                        0
                    ]
                ],
                "lengthInSteps": 16,
                "mustHitSection": true
            },
            {
                "sectionNotes": [
                    [
                        31999.998,
                        0,
                        0
                    ],
                    [
                        32199.998,
                        1,
                        0
                    ],
                    [
                        32399.998,
                        3,
                        0
                    ],
                    [
                        32800,
                        3,
                        0
                    ],
                    [
                        33200,
                        2,
                        0
                    ],
                    [
                        33400,
                        3,
                        0
                    ]
                ],
                "lengthInSteps": 16,
                "mustHitSection": false
            },
            {
                "sectionNotes": [
                    [
                        33600,
                        1,
                        0
                    ],
                    [
                        33800,
                        3,
                        0
                    ],
                    [
                        34000,
                        3,
                        0
                    ],
                    [
                        34400,
                        2,
                        0
                    ],
                    [
                        34800,
                        0,
                        0
                    ],
                    [
                        35000,
                        3,
                        0
                    ]
                ],
                "lengthInSteps": 16,
                "mustHitSection": false
            },
            {
                "sectionNotes": [
                    [
                        35200,
                        0,
                        0
                    ],
                    [
                        35400,
                        1,
                        0
                    ],
                    [
                        35600,
                        3,
                        0
                    ],
                    [
                        36000,
                        3,
                        0
                    ],
                    [
                        36400,
                        2,
                        0
                    ],
                    [
                        36600,
                        3,
                        0
                    ]
                ],
                "lengthInSteps": 16,
                "mustHitSection": true
            },
            {
                "sectionNotes": [
                    [
                        36800,
                        1,
                        0
                    ],
                    [
                        37000,
                        3,
                        0
                    ],
                    [
                        37200,
                        3,
                        0
                    ],
                    [
                        37600,
                        2,
                        0
                    ],
                    [
                        38000,
                        0,
                        0
                    ],
                    [
                        38200,
                        3,
                        0
                    ]
                ],
                "lengthInSteps": 16,
                "mustHitSection": true
            },
            {
                "sectionNotes": [
                    [
                        38400,
                        2,
                        0
                    ],
                    [
                        38600,
                        3,
                        0
                    ],
                    [
                        38700,
                        1,
                        0
                    ],
                    [
                        38800,
                        0,
                        0
                    ],
                    [
                        39000,
                        0,
                        0
                    ],
                    [
                        39200,
                        2,
                        0
                    ],
                    [
                        39400,
                        3,
                        0
                    ],
                    [
                        39600,
                        1,
                        0
                    ]
                ],
                "lengthInSteps": 16,
                "mustHitSection": false
            },
            {
                "sectionNotes": [
                    [
                        40000,
                        1,
                        0
                    ],
                    [
                        40200,
                        0,
                        0
                    ],
                    [
                        40300,
                        1,
                        0
                    ],
                    [
                        40400,
                        3,
                        0
                    ],
                    [
                        40600,
                        3,
                        0
                    ],
                    [
                        40800,
                        0,
                        0
                    ],
                    [
                        41000,
                        0,
                        0
                    ],
                    [
                        41200,
                        2,
                        0,
                        2
                    ]
                ],
                "lengthInSteps": 16,
                "mustHitSection": false
            },
            {
                "sectionNotes": [
                    [
                        41600,
                        2,
                        0
                    ],
                    [
                        41800,
                        3,
                        0
                    ],
                    [
                        41900,
                        1,
                        0
                    ],
                    [
                        42000,
                        0,
                        0
                    ],
                    [
                        42200,
                        0,
                        0
                    ],
                    [
                        42400,
                        2,
                        0
                    ],
                    [
                        42600,
                        3,
                        0
                    ],
                    [
                        42800,
                        1,
                        0
                    ]
                ],
                "lengthInSteps": 16,
                "mustHitSection": true
            },
            {
                "sectionNotes": [
                    [
                        43200,
                        1,
                        0
                    ],
                    [
                        43400,
                        0,
                        0
                    ],
                    [
                        43500,
                        1,
                        0
                    ],
                    [
                        43600,
                        3,
                        0
                    ],
                    [
                        43800,
                        3,
                        0
                    ],
                    [
                        44000,
                        0,
                        0
                    ],
                    [
                        44200,
                        0,
                        0
                    ],
                    [
                        44400,
                        4,
                        0
                    ],
                    [
                        44600,
                        7,
                        0
                    ],
                    [
                        44400,
                        2,
                        0,
                        2
                    ]
                ],
                "lengthInSteps": 16,
                "mustHitSection": true
            },
            {
                "sectionNotes": [
                    [
                        44800,
                        2,
                        0
                    ],
                    [
                        45000,
                        3,
                        0
                    ],
                    [
                        45100,
                        1,
                        0
                    ],
                    [
                        45200,
                        3,
                        0
                    ],
                    [
                        45500,
                        3,
                        0
                    ],
                    [
                        45600,
                        3,
                        0
                    ],
                    [
                        45900,
                        3,
                        0
                    ],
                    [
                        46200,
                        3,
                        0
                    ]
                ],
                "lengthInSteps": 16,
                "mustHitSection": false
            },
            {
                "sectionNotes": [
                    [
                        46400,
                        2,
                        0
                    ],
                    [
                        46600,
                        0,
                        0
                    ],
                    [
                        46700,
                        1,
                        0
                    ],
                    [
                        46800,
                        3,
                        0
                    ],
                    [
                        47100,
                        3,
                        0
                    ],
                    [
                        47200,
                        1,
                        0
                    ],
                    [
                        47400,
                        0,
                        0
                    ],
                    [
                        47500,
                        2,
                        0
                    ],
                    [
                        47600,
                        3,
                        0
                    ],
                    [
                        47800,
                        3,
                        0
                    ],
                    [
                        47900,
                        1,
                        0
                    ]
                ],
                "lengthInSteps": 16,
                "mustHitSection": false
            },
            {
                "sectionNotes": [
                    [
                        48000,
                        2,
                        0
                    ],
                    [
                        48200,
                        3,
                        0
                    ],
                    [
                        48300,
                        1,
                        0
                    ],
                    [
                        48400,
                        3,
                        0
                    ],
                    [
                        48800,
                        3,
                        0
                    ],
                    [
                        49100,
                        3,
                        0
                    ],
                    [
                        49400,
                        3,
                        0
                    ]
                ],
                "lengthInSteps": 16,
                "mustHitSection": false
            },
            {
                "sectionNotes": [
                    [
                        49600,
                        2,
                        0
                    ],
                    [
                        49800,
                        0,
                        0
                    ],
                    [
                        49900,
                        1,
                        0
                    ],
                    [
                        50000,
                        3,
                        0
                    ],
                    [
                        50400,
                        3,
                        0
                    ],
                    [
                        50800,
                        4,
                        0
                    ],
                    [
                        51000,
                        7,
                        0
                    ]
                ],
                "lengthInSteps": 16,
                "mustHitSection": false
            },
            {
                "sectionNotes": [
                    [
                        51200,
                        2,
                        0
                    ],
                    [
                        51399.9961,
                        3,
                        0
                    ],
                    [
                        51499.9961,
                        1,
                        0
                    ],
                    [
                        51599.9961,
                        3,
                        0
                    ],
                    [
                        51899.9961,
                        3,
                        0
                    ],
                    [
                        51999.9961,
                        3,
                        0
                    ],
                    [
                        52299.9961,
                        3,
                        0
                    ],
                    [
                        52599.9961,
                        3,
                        0
                    ]
                ],
                "lengthInSteps": 16,
                "mustHitSection": true
            },
            {
                "sectionNotes": [
                    [
                        52799.9961,
                        2,
                        0
                    ],
                    [
                        52999.9961,
                        0,
                        0
                    ],
                    [
                        53099.9961,
                        1,
                        0
                    ],
                    [
                        53199.9961,
                        3,
                        0
                    ],
                    [
                        53499.9961,
                        3,
                        0
                    ],
                    [
                        53599.9961,
                        1,
                        0
                    ],
                    [
                        53799.9961,
                        0,
                        0
                    ],
                    [
                        53899.9961,
                        2,
                        0
                    ],
                    [
                        53999.9961,
                        3,
                        0
                    ],
                    [
                        54199.9961,
                        3,
                        0
                    ],
                    [
                        54299.9961,
                        1,
                        0
                    ]
                ],
                "lengthInSteps": 16,
                "mustHitSection": true
            },
            {
                "sectionNotes": [
                    [
                        54399.9961,
                        2,
                        0
                    ],
                    [
                        54599.9961,
                        3,
                        0
                    ],
                    [
                        54699.9961,
                        1,
                        0
                    ],
                    [
                        54799.9961,
                        3,
                        0
                    ],
                    [
                        55199.9961,
                        3,
                        0
                    ],
                    [
                        55499.9961,
                        3,
                        0
                    ],
                    [
                        55799.9961,
                        3,
                        0
                    ]
                ],
                "lengthInSteps": 16,
                "mustHitSection": true
            },
            {
                "sectionNotes": [
                    [
                        55999.9961,
                        2,
                        0
                    ],
                    [
                        56199.9961,
                        0,
                        0
                    ],
                    [
                        56299.9961,
                        1,
                        0
                    ],
                    [
                        56399.9961,
                        3,
                        0
                    ],
                    [
                        56799.9961,
                        3,
                        0
                    ]
                ],
                "lengthInSteps": 16,
                "mustHitSection": true
            },
            {
                "sectionNotes": [
                    [
                        57599.9961,
                        2,
                        300
                    ],
                    [
                        57999.9961,
                        3,
                        300
                    ],
                    [
                        58399.9961,
                        1,
                        300
                    ],
                    [
                        58799.9961,
                        2,
                        300
                    ]
                ],
                "lengthInSteps": 16,
                "mustHitSection": false
            },
            {
                "sectionNotes": [
                    [
                        59199.9961,
                        2,
                        100
                    ],
                    [
                        59399.9961,
                        3,
                        100
                    ],
                    [
                        59599.9961,
                        0,
                        300
                    ],
                    [
                        59999.9961,
                        1,
                        300
                    ],
                    [
                        60399.9961,
                        2,
                        300
                    ]
                ],
                "lengthInSteps": 16,
                "mustHitSection": false
            },
            {
                "sectionNotes": [
                    [
                        60799.9961,
                        1,
                        0
                    ],
                    [
                        61199.9961,
                        1,
                        0
                    ],
                    [
                        61399.9961,
                        3,
                        0
                    ],
                    [
                        61799.9961,
                        3,
                        0
                    ],
                    [
                        61999.9961,
                        0,
                        0
                    ],
                    [
                        62199.9961,
                        3,
                        0
                    ]
                ],
                "lengthInSteps": 16,
                "mustHitSection": false
            },
            {
                "sectionNotes": [
                    [
                        62399.9961,
                        1,
                        0
                    ],
                    [
                        62799.9961,
                        1,
                        0
                    ],
                    [
                        62999.9961,
                        3,
                        0
                    ],
                    [
                        63399.9961,
                        3,
                        0
                    ],
                    [
                        63599.9961,
                        0,
                        0
                    ],
                    [
                        63799.9961,
                        3,
                        0
                    ]
                ],
                "lengthInSteps": 16,
                "mustHitSection": false
            },
            {
                "sectionNotes": [
                    [
                        63999.9961,
                        2,
                        300
                    ],
                    [
                        64399.9961,
                        3,
                        300
                    ],
                    [
                        64799.9961,
                        1,
                        300
                    ],
                    [
                        65199.9961,
                        2,
                        300
                    ]
                ],
                "lengthInSteps": 16,
                "mustHitSection": true
            },
            {
                "sectionNotes": [
                    [
                        65600,
                        2,
                        100
                    ],
                    [
                        65800,
                        3,
                        100
                    ],
                    [
                        66000,
                        0,
                        300
                    ],
                    [
                        66400,
                        1,
                        300
                    ],
                    [
                        66800,
                        2,
                        300
                    ]
                ],
                "lengthInSteps": 16,
                "mustHitSection": true
            },
            {
                "sectionNotes": [
                    [
                        67200,
                        1,
                        0
                    ],
                    [
                        67600,
                        1,
                        0
                    ],
                    [
                        67800,
                        3,
                        0
                    ],
                    [
                        68200,
                        3,
                        0
                    ],
                    [
                        68400,
                        0,
                        0
                    ],
                    [
                        68600,
                        3,
                        0
                    ]
                ],
                "lengthInSteps": 16,
                "mustHitSection": true
            },
            {
                "sectionNotes": [
                    [
                        68800,
                        4,
                        300
                    ],
                    [
                        68800,
                        1,
                        0
                    ],
                    [
                        69200,
                        5,
                        300
                    ],
                    [
                        69200,
                        1,
                        0
                    ],
                    [
                        69400,
                        3,
                        0
                    ],
                    [
                        69600,
                        7,
                        300
                    ],
                    [
                        69800,
                        3,
                        0
                    ],
                    [
                        70000,
                        5,
                        300
                    ],
                    [
                        70000,
                        0,
                        0
                    ],
                    [
                        70200,
                        3,
                        0
                    ]
                ],
                "lengthInSteps": 16,
                "mustHitSection": true
            },
            {
                "sectionNotes": [
                    [
                        70400,
                        2,
                        0
                    ],
                    [
                        70600,
                        2,
                        0
                    ],
                    [
                        70800,
                        3,
                        0
                    ],
                    [
                        71000,
                        2,
                        0
                    ],
                    [
                        71400,
                        3,
                        0
                    ],
                    [
                        71600,
                        1,
                        0
                    ],
                    [
                        71800,
                        3,
                        0
                    ]
                ],
                "lengthInSteps": 16,
                "mustHitSection": false
            },
            {
                "sectionNotes": [
                    [
                        72000,
                        2,
                        0
                    ],
                    [
                        72200,
                        2,
                        0
                    ],
                    [
                        72400,
                        3,
                        0
                    ],
                    [
                        72600,
                        2,
                        0
                    ],
                    [
                        73000,
                        3,
                        0
                    ],
                    [
                        73200,
                        1,
                        0
                    ]
                ],
                "lengthInSteps": 16,
                "mustHitSection": false
            },
            {
                "sectionNotes": [
                    [
                        73600,
                        2,
                        0
                    ],
                    [
                        73800,
                        2,
                        0
                    ],
                    [
                        74000,
                        3,
                        0
                    ],
                    [
                        74200,
                        2,
                        0
                    ],
                    [
                        74600,
                        3,
                        0
                    ],
                    [
                        74800,
                        1,
                        0
                    ],
                    [
                        75000,
                        3,
                        0
                    ]
                ],
                "lengthInSteps": 16,
                "mustHitSection": false
            },
            {
                "sectionNotes": [
                    [
                        75200,
                        2,
                        0
                    ],
                    [
                        75200,
                        4,
                        300
                    ],
                    [
                        75400,
                        2,
                        0
                    ],
                    [
                        75600,
                        3,
                        0
                    ],
                    [
                        75600,
                        5,
                        300
                    ],
                    [
                        75800,
                        2,
                        0
                    ],
                    [
                        76000,
                        7,
                        300
                    ],
                    [
                        76200,
                        3,
                        0
                    ],
                    [
                        76400,
                        1,
                        0
                    ],
                    [
                        76400,
                        5,
                        300
                    ]
                ],
                "lengthInSteps": 16,
                "mustHitSection": false
            },
            {
                "sectionNotes": [
                    [
                        76800,
                        2,
                        0
                    ],
                    [
                        77000,
                        2,
                        0
                    ],
                    [
                        77200,
                        3,
                        0
                    ],
                    [
                        77400,
                        2,
                        0
                    ],
                    [
                        77800,
                        3,
                        0
                    ],
                    [
                        78000,
                        1,
                        0
                    ],
                    [
                        78200,
                        3,
                        0
                    ]
                ],
                "lengthInSteps": 16,
                "mustHitSection": true
            },
            {
                "sectionNotes": [
                    [
                        78400,
                        2,
                        0
                    ],
                    [
                        78600,
                        2,
                        0
                    ],
                    [
                        78800,
                        3,
                        0
                    ],
                    [
                        79000,
                        2,
                        0
                    ],
                    [
                        79400,
                        3,
                        0
                    ],
                    [
                        79600,
                        1,
                        0
                    ]
                ],
                "lengthInSteps": 16,
                "mustHitSection": true
            },
            {
                "sectionNotes": [
                    [
                        80000,
                        2,
                        0
                    ],
                    [
                        80200,
                        2,
                        0
                    ],
                    [
                        80400,
                        3,
                        0
                    ],
                    [
                        80600,
                        2,
                        0
                    ],
                    [
                        81000,
                        3,
                        0
                    ],
                    [
                        81200,
                        1,
                        0
                    ],
                    [
                        81400,
                        3,
                        0
                    ]
                ],
                "lengthInSteps": 16,
                "mustHitSection": true
            },
            {
                "sectionNotes": [
                    [
                        81600,
                        2,
                        0
                    ],
                    [
                        81600,
                        4,
                        300
                    ],
                    [
                        81800,
                        2,
                        0
                    ],
                    [
                        82000,
                        3,
                        0
                    ],
                    [
                        82000,
                        5,
                        300
                    ],
                    [
                        82200,
                        2,
                        0
                    ],
                    [
                        82400,
                        7,
                        300
                    ],
                    [
                        82600,
                        3,
                        0
                    ],
                    [
                        82800,
                        1,
                        0
                    ],
                    [
                        82800,
                        5,
                        300
                    ]
                ],
                "lengthInSteps": 16,
                "mustHitSection": true
            },
            {
                "sectionNotes": [
                    [
                        83200,
                        2,
                        0
                    ],
                    [
                        83400,
                        2,
                        0
                    ],
                    [
                        83600,
                        3,
                        0
                    ],
                    [
                        83800,
                        2,
                        0
                    ],
                    [
                        84200,
                        3,
                        0
                    ],
                    [
                        84400,
                        1,
                        0
                    ],
                    [
                        84600,
                        3,
                        0
                    ]
                ],
                "lengthInSteps": 16,
                "mustHitSection": false
            },
            {
                "sectionNotes": [
                    [
                        84800,
                        2,
                        0
                    ],
                    [
                        85000,
                        2,
                        0
                    ],
                    [
                        85200,
                        3,
                        0
                    ],
                    [
                        85400,
                        2,
                        0
                    ],
                    [
                        85800,
                        3,
                        0
                    ],
                    [
                        86000,
                        1,
                        0
                    ]
                ],
                "lengthInSteps": 16,
                "mustHitSection": false
            },
            {
                "sectionNotes": [
                    [
                        86400,
                        2,
                        0
                    ],
                    [
                        86600,
                        2,
                        0
                    ],
                    [
                        86800,
                        3,
                        0
                    ],
                    [
                        87000,
                        2,
                        0
                    ],
                    [
                        87400,
                        3,
                        0
                    ],
                    [
                        87600,
                        1,
                        0
                    ],
                    [
                        87800,
                        3,
                        0
                    ]
                ],
                "lengthInSteps": 16,
                "mustHitSection": false
            },
            {
                "sectionNotes": [
                    [
                        88000,
                        2,
                        0
                    ],
                    [
                        88000,
                        4,
                        300
                    ],
                    [
                        88200,
                        2,
                        0
                    ],
                    [
                        88400,
                        3,
                        0
                    ],
                    [
                        88400,
                        5,
                        300
                    ],
                    [
                        88600,
                        2,
                        0
                    ],
                    [
                        88800,
                        7,
                        300
                    ],
                    [
                        89000,
                        3,
                        0
                    ],
                    [
                        89200,
                        1,
                        0
                    ],
                    [
                        89200,
                        5,
                        300
                    ]
                ],
                "lengthInSteps": 16,
                "mustHitSection": false
            },
            {
                "sectionNotes": [
                    [
                        89600,
                        2,
                        0
                    ],
                    [
                        89800,
                        2,
                        0
                    ],
                    [
                        90000,
                        3,
                        0
                    ],
                    [
                        90200,
                        2,
                        0
                    ],
                    [
                        90600,
                        3,
                        0
                    ],
                    [
                        90800,
                        1,
                        0
                    ],
                    [
                        91000,
                        3,
                        0
                    ]
                ],
                "lengthInSteps": 16,
                "mustHitSection": true
            },
            {
                "sectionNotes": [
                    [
                        91200,
                        2,
                        0
                    ],
                    [
                        91400,
                        2,
                        0
                    ],
                    [
                        91600,
                        3,
                        0
                    ],
                    [
                        91800,
                        2,
                        0
                    ],
                    [
                        92200,
                        3,
                        0
                    ],
                    [
                        92400,
                        1,
                        0
                    ]
                ],
                "lengthInSteps": 16,
                "mustHitSection": true
            },
            {
                "sectionNotes": [
                    [
                        92800,
                        2,
                        0
                    ],
                    [
                        93000,
                        2,
                        0
                    ],
                    [
                        93200,
                        3,
                        0
                    ],
                    [
                        93400,
                        2,
                        0
                    ],
                    [
                        93800,
                        3,
                        0
                    ],
                    [
                        94000,
                        1,
                        0
                    ],
                    [
                        94200,
                        3,
                        0
                    ]
                ],
                "lengthInSteps": 16,
                "mustHitSection": true
            },
            {
                "sectionNotes": [
                    [
                        94400,
                        2,
                        0
                    ],
                    [
                        94600,
                        2,
                        0
                    ],
                    [
                        94800,
                        3,
                        0
                    ],
                    [
                        95000,
                        2,
                        0
                    ],
                    [
                        95400,
                        3,
                        0
                    ],
                    [
                        95600,
                        1,
                        0
                    ]
                ],
                "lengthInSteps": 16,
                "mustHitSection": true
            },
            {
                "sectionNotes": [],
                "lengthInSteps": 16,
                "mustHitSection": true
            },
            {
                "sectionNotes": [],
                "lengthInSteps": 16,
                "mustHitSection": true
            },
            {
                "lengthInSteps": 16,
                "altAnim": false,
                "typeOfSection": 0,
                "sectionNotes": [],
                "bpm": 150,
                "changeBPM": false,
                "mustHitSection": true
            }
        ],
        "player2": "spooky",
        "song": "Spookeez",
        "validScore": true,
        "needsVoices": true,
        "speed": 2.4,
        "bpm": 150,
        "events": [
			[
				0,
				[
					[
						"Set Cam Zoom",
						"1.2",
						""
					]
				]
			]
        ]
    }
}