{
	"song": {
		"player1": "skarlet-playable",
		"player2": "whitty",
		"notes": [
			{
				"lengthInSteps": 16,
				"sectionNotes": [
					[
						344.827586206897,
						0,
						0
					],
					[
						431.034482758621,
						1,
						0
					],
					[
						1206.89655172414,
						0,
						0
					],
					[
						862.068965517242,
						3,
						0
					],
					[
						517.241379310345,
						2,
						0
					],
					[
						0,
						2,
						0
					],
					[
						1243.53448275862,
						2,
						175
					]
				],
				"mustHitSection": false
			},
			{
				"lengthInSteps": 16,
				"sectionNotes": [
					[
						1551.72413793103,
						1,
						0
					],
					[
						1724.13793103448,
						3,
						0
					],
					[
						1896.55172413793,
						1,
						0
					],
					[
						2068.96551724138,
						0,
						0
					],
					[
						2241.37931034483,
						2,
						0
					],
					[
						2413.79310344828,
						1,
						0
					],
					[
						2586.20689655172,
						3,
						0
					]
				],
				"mustHitSection": false
			},
			{
				"lengthInSteps": 16,
				"sectionNotes": [
					[
						2931.03448275862,
						0,
						0
					],
					[
						3017.24137931035,
						1,
						0
					],
					[
						3103.44827586207,
						2,
						0
					],
					[
						3275.86206896552,
						3,
						0
					],
					[
						3448.27586206897,
						0,
						0
					],
					[
						3620.68965517241,
						2,
						0
					],
					[
						3793.10344827586,
						1,
						0
					],
					[
						3965.51724137931,
						3,
						0
					]
				],
				"mustHitSection": false
			},
			{
				"lengthInSteps": 16,
				"sectionNotes": [
					[
						4137.93103448276,
						0,
						0
					],
					[
						4482.75862068966,
						2,
						0
					],
					[
						4827.58620689655,
						1,
						0
					],
					[
						4913.79310344828,
						0,
						0
					],
					[
						5000,
						3,
						0
					],
					[
						5172.41379310345,
						1,
						0
					],
					[
						5344.8275862069,
						2,
						0
					]
				],
				"mustHitSection": false
			},
			{
				"lengthInSteps": 16,
				"sectionNotes": [
					[
						5862.06896551724,
						3,
						0
					],
					[
						5948.27586206897,
						2,
						0
					],
					[
						6724.13793103448,
						3,
						0
					],
					[
						6379.31034482759,
						0,
						0
					],
					[
						6034.48275862069,
						1,
						0
					],
					[
						5517.24137931035,
						1,
						0
					],
					[
						6767.24137931035,
						2,
						174
					]
				],
				"mustHitSection": true
			},
			{
				"lengthInSteps": 16,
				"sectionNotes": [
					[
						7068.96551724138,
						1,
						0
					],
					[
						7241.37931034483,
						3,
						0
					],
					[
						7931.03448275862,
						3,
						0
					],
					[
						7413.79310344828,
						0,
						0
					],
					[
						7586.20689655172,
						2,
						0
					],
					[
						7758.62068965517,
						1,
						0
					],
					[
						8103.44827586207,
						1,
						0
					]
				],
				"mustHitSection": true
			},
			{
				"lengthInSteps": 16,
				"sectionNotes": [
					[
						8448.27586206897,
						3,
						0
					],
					[
						8534.48275862069,
						2,
						0
					],
					[
						8620.68965517241,
						1,
						0
					],
					[
						8793.10344827586,
						0,
						0
					],
					[
						8965.51724137931,
						3,
						0
					],
					[
						9137.93103448276,
						1,
						0
					],
					[
						9310.34482758621,
						2,
						0
					],
					[
						9482.75862068966,
						0,
						0
					]
				],
				"mustHitSection": true
			},
			{
				"lengthInSteps": 16,
				"sectionNotes": [
					[
						9655.17241379311,
						3,
						0
					],
					[
						10000,
						3,
						0
					],
					[
						10344.8275862069,
						1,
						261
					],
					[
						10689.6551724138,
						4,
						0
					],
					[
						10862.0689655172,
						7,
						0
					]
				],
				"mustHitSection": true
			},
			{
				"lengthInSteps": 16,
				"sectionNotes": [
					[
						11034.4827586207,
						1,
						261
					],
					[
						11034.4827586207,
						0,
						0
					],
					[
						11379.3103448276,
						2,
						0
					],
					[
						11551.724137931,
						3,
						0
					],
					[
						11896.5517241379,
						3,
						0
					],
					[
						12241.3793103448,
						3,
						0
					],
					[
						12068.9655172414,
						2,
						0
					],
					[
						12114.224137931,
						0,
						0
					]
				],
				"mustHitSection": false
			},
			{
				"lengthInSteps": 16,
				"sectionNotes": [
					[
						12586.2068965517,
						2,
						0
					],
					[
						12672.4137931035,
						1,
						0
					],
					[
						12758.6206896552,
						0,
						0
					],
					[
						12931.0344827586,
						3,
						0
					],
					[
						13103.4482758621,
						1,
						0
					],
					[
						13275.8620689655,
						3,
						0
					],
					[
						13448.275862069,
						2,
						0
					],
					[
						13620.6896551724,
						0,
						0
					]
				],
				"mustHitSection": false
			},
			{
				"lengthInSteps": 16,
				"sectionNotes": [
					[
						13793.1034482759,
						1,
						261
					],
					[
						14137.9310344828,
						2,
						0
					],
					[
						14310.3448275862,
						2,
						261
					],
					[
						14827.5862068966,
						0,
						88
					]
				],
				"mustHitSection": false
			},
			{
				"lengthInSteps": 16,
				"sectionNotes": [
					[
						15172.4137931035,
						1,
						0
					],
					[
						15344.8275862069,
						3,
						0
					],
					[
						15517.2413793103,
						0,
						0
					],
					[
						15689.6551724138,
						2,
						174
					],
					[
						16034.4827586207,
						1,
						0
					],
					[
						16206.8965517241,
						0,
						261
					],
					[
						16206.8965517241,
						4,
						0
					],
					[
						16379.3103448276,
						7,
						0
					]
				],
				"mustHitSection": false
			},
			{
				"lengthInSteps": 16,
				"sectionNotes": [
					[
						16551.724137931,
						1,
						261
					],
					[
						16896.5517241379,
						2,
						0
					],
					[
						17068.9655172414,
						0,
						0
					],
					[
						17413.7931034483,
						2,
						0
					],
					[
						17586.2068965517,
						3,
						0
					],
					[
						17620.6896551724,
						0,
						0
					],
					[
						17758.6206896552,
						2,
						0
					]
				],
				"mustHitSection": true
			},
			{
				"lengthInSteps": 16,
				"sectionNotes": [
					[
						18189.6551724138,
						1,
						0
					],
					[
						18275.8620689655,
						0,
						0
					],
					[
						18448.275862069,
						3,
						0
					],
					[
						18620.6896551724,
						1,
						0
					],
					[
						18793.1034482759,
						3,
						0
					],
					[
						18965.5172413793,
						2,
						0
					],
					[
						19137.9310344828,
						0,
						0
					],
					[
						18103.4482758621,
						3,
						0
					]
				],
				"mustHitSection": true
			},
			{
				"lengthInSteps": 16,
				"sectionNotes": [
					[
						19310.3448275862,
						2,
						261
					],
					[
						19655.1724137931,
						1,
						0
					],
					[
						19827.5862068966,
						1,
						261
					],
					[
						20344.8275862069,
						1,
						174
					]
				],
				"mustHitSection": true
			},
			{
				"lengthInSteps": 16,
				"sectionNotes": [
					[
						20689.6551724138,
						2,
						0
					],
					[
						21379.3103448276,
						1,
						0
					],
					[
						21896.5517241379,
						1,
						0
					],
					[
						20862.0689655173,
						1,
						0
					],
					[
						21034.4827586207,
						2,
						0
					],
					[
						21206.8965517241,
						0,
						0
					],
					[
						21551.724137931,
						2,
						0
					],
					[
						21724.1379310345,
						3,
						0
					]
				],
				"mustHitSection": true
			},
			{
				"lengthInSteps": 16,
				"sectionNotes": [
					[
						22068.9655172414,
						4,
						0
					],
					[
						22241.3793103448,
						6,
						0
					],
					[
						22586.2068965517,
						5,
						261
					],
					[
						22931.0344827586,
						4,
						0
					],
					[
						23103.4482758621,
						5,
						0
					],
					[
						22068.9655172414,
						1,
						0
					],
					[
						22241.3793103448,
						0,
						0
					],
					[
						22327.5862068966,
						3,
						0
					],
					[
						22413.7931034483,
						2,
						88
					],
					[
						22758.6206896552,
						1,
						0
					],
					[
						22931.0344827586,
						2,
						262
					],
					[
						23275.8620689655,
						0,
						0
					]
				],
				"mustHitSection": false
			},
			{
				"lengthInSteps": 16,
				"sectionNotes": [
					[
						23448.275862069,
						7,
						0
					],
					[
						23793.1034482759,
						5,
						0
					],
					[
						24137.9310344828,
						6,
						261
					],
					[
						23448.275862069,
						1,
						0
					],
					[
						23620.6896551724,
						3,
						0
					],
					[
						23793.1034482759,
						0,
						0
					],
					[
						23965.5172413793,
						1,
						0
					],
					[
						24137.9310344828,
						2,
						0
					],
					[
						24310.3448275862,
						0,
						0
					],
					[
						24482.7586206897,
						2,
						0
					],
					[
						24655.1724137931,
						1,
						0
					]
				],
				"mustHitSection": false
			},
			{
				"lengthInSteps": 16,
				"sectionNotes": [
					[
						24827.5862068966,
						3,
						0
					],
					[
						25000,
						0,
						0
					],
					[
						25172.4137931035,
						2,
						0
					],
					[
						25344.8275862069,
						1,
						0
					],
					[
						25517.2413793104,
						3,
						0
					],
					[
						25603.4482758621,
						0,
						0
					],
					[
						25689.6551724138,
						2,
						0
					],
					[
						25862.0689655173,
						1,
						0
					],
					[
						26034.4827586207,
						2,
						0
					]
				],
				"mustHitSection": false
			},
			{
				"lengthInSteps": 16,
				"sectionNotes": [
					[
						26206.8965517241,
						0,
						0
					],
					[
						26379.3103448276,
						3,
						0
					],
					[
						26551.724137931,
						1,
						0
					],
					[
						26724.1379310345,
						2,
						0
					],
					[
						26810.3448275862,
						3,
						0
					],
					[
						26896.5517241379,
						0,
						87
					],
					[
						27068.9655172414,
						1,
						0
					],
					[
						27241.3793103448,
						3,
						0
					],
					[
						27413.7931034483,
						2,
						0
					]
				],
				"mustHitSection": false
			},
			{
				"lengthInSteps": 16,
				"sectionNotes": [
					[
						27586.2068965517,
						4,
						0
					],
					[
						27758.6206896552,
						6,
						0
					],
					[
						28103.4482758621,
						5,
						261
					],
					[
						28448.275862069,
						4,
						0
					],
					[
						28620.6896551724,
						5,
						0
					],
					[
						27586.2068965517,
						1,
						0
					],
					[
						27758.6206896552,
						0,
						0
					],
					[
						27844.8275862069,
						3,
						0
					],
					[
						27931.0344827586,
						2,
						88
					],
					[
						28275.8620689655,
						1,
						0
					],
					[
						28448.275862069,
						2,
						262
					],
					[
						28793.1034482759,
						0,
						0
					]
				],
				"mustHitSection": true
			},
			{
				"lengthInSteps": 16,
				"sectionNotes": [
					[
						28965.5172413793,
						7,
						0
					],
					[
						29310.3448275862,
						5,
						0
					],
					[
						29655.1724137931,
						6,
						261
					],
					[
						28965.5172413793,
						1,
						0
					],
					[
						29137.9310344828,
						3,
						0
					],
					[
						29310.3448275862,
						0,
						0
					],
					[
						29482.7586206897,
						1,
						0
					],
					[
						29655.1724137931,
						2,
						0
					],
					[
						29827.5862068966,
						0,
						0
					],
					[
						30000,
						2,
						0
					],
					[
						30172.4137931035,
						1,
						0
					]
				],
				"mustHitSection": true
			},
			{
				"lengthInSteps": 16,
				"sectionNotes": [
					[
						30344.8275862069,
						3,
						0
					],
					[
						30517.2413793104,
						0,
						0
					],
					[
						30689.6551724138,
						2,
						0
					],
					[
						30862.0689655173,
						1,
						0
					],
					[
						31034.4827586207,
						3,
						0
					],
					[
						31379.3103448276,
						1,
						0
					],
					[
						31551.724137931,
						2,
						0
					],
					[
						31465.5172413793,
						3,
						0
					],
					[
						31206.8965517242,
						0,
						0
					]
				],
				"mustHitSection": true
			},
			{
				"lengthInSteps": 16,
				"sectionNotes": [
					[
						31724.1379310345,
						0,
						0
					],
					[
						31896.5517241379,
						3,
						0
					],
					[
						32068.9655172414,
						1,
						0
					],
					[
						32241.3793103448,
						2,
						0
					],
					[
						32327.5862068966,
						3,
						0
					],
					[
						32413.7931034483,
						0,
						87
					],
					[
						32586.2068965517,
						1,
						0
					],
					[
						32758.6206896552,
						2,
						174
					]
				],
				"mustHitSection": true
			},
			{
				"lengthInSteps": 16,
				"sectionNotes": [
					[
						33448.275862069,
						0,
						0
					],
					[
						33103.4482758621,
						2,
						174
					],
					[
						33620.6896551724,
						1,
						261
					],
					[
						33965.5172413793,
						3,
						0
					],
					[
						34051.724137931,
						0,
						0
					],
					[
						34137.9310344828,
						1,
						0
					],
					[
						34310.3448275862,
						1,
						0
					]
				],
				"mustHitSection": false
			},
			{
				"lengthInSteps": 16,
				"sectionNotes": [
					[
						34655.1724137931,
						1,
						0
					],
					[
						34827.5862068966,
						2,
						0
					],
					[
						35000,
						3,
						0
					],
					[
						35172.4137931035,
						1,
						0
					],
					[
						35344.8275862069,
						3,
						0
					],
					[
						35517.2413793104,
						0,
						0
					],
					[
						35689.6551724138,
						1,
						0
					]
				],
				"mustHitSection": false
			},
			{
				"lengthInSteps": 16,
				"sectionNotes": [
					[
						35862.0689655173,
						3,
						0
					],
					[
						36206.8965517242,
						2,
						261
					],
					[
						36724.1379310345,
						1,
						0
					],
					[
						37068.9655172414,
						0,
						0
					]
				],
				"mustHitSection": false
			},
			{
				"lengthInSteps": 16,
				"sectionNotes": [
					[
						37241.3793103448,
						3,
						0
					],
					[
						37413.7931034483,
						1,
						0
					],
					[
						37586.2068965517,
						2,
						0
					],
					[
						37758.6206896552,
						0,
						0
					],
					[
						37931.0344827586,
						3,
						0
					],
					[
						38103.4482758621,
						3,
						0
					],
					[
						38275.8620689655,
						3,
						175
					]
				],
				"mustHitSection": false
			},
			{
				"lengthInSteps": 16,
				"sectionNotes": [
					[
						38620.6896551724,
						6,
						435
					],
					[
						38620.6896551724,
						2,
						261
					],
					[
						38965.5172413793,
						3,
						0
					],
					[
						39137.9310344828,
						1,
						261
					],
					[
						39482.7586206897,
						0,
						0
					],
					[
						39568.9655172414,
						3,
						0
					],
					[
						39655.1724137931,
						1,
						261
					]
				],
				"mustHitSection": true
			},
			{
				"lengthInSteps": 16,
				"sectionNotes": [
					[
						40172.4137931035,
						1,
						0
					],
					[
						40344.8275862069,
						0,
						0
					],
					[
						40517.2413793104,
						2,
						0
					],
					[
						40689.6551724138,
						3,
						0
					],
					[
						40862.0689655173,
						0,
						0
					],
					[
						41206.8965517242,
						3,
						0
					],
					[
						41034.4827586207,
						1,
						0
					]
				],
				"mustHitSection": true
			},
			{
				"lengthInSteps": 16,
				"sectionNotes": [
					[
						41379.3103448276,
						1,
						261
					],
					[
						41896.5517241379,
						0,
						261
					],
					[
						42413.7931034483,
						2,
						261
					]
				],
				"mustHitSection": true
			},
			{
				"lengthInSteps": 16,
				"sectionNotes": [
					[
						42931.0344827586,
						1,
						0
					],
					[
						43103.4482758621,
						3,
						0
					],
					[
						43275.8620689655,
						1,
						0
					],
					[
						43448.275862069,
						2,
						0
					],
					[
						43620.6896551724,
						0,
						0
					],
					[
						43793.1034482759,
						3,
						261
					]
				],
				"mustHitSection": true
			},
			{
				"lengthInSteps": 16,
				"sectionNotes": [
					[
						44137.9310344828,
						1,
						0
					],
					[
						44310.3448275862,
						0,
						0
					],
					[
						44482.7586206897,
						3,
						0
					],
					[
						44655.1724137931,
						1,
						0
					],
					[
						44827.5862068966,
						1,
						0
					],
					[
						45000,
						0,
						0
					],
					[
						45086.2068965517,
						3,
						0
					],
					[
						45172.4137931035,
						1,
						0
					],
					[
						45344.8275862069,
						2,
						0
					],
					[
						44137.9310344828,
						6,
						261
					],
					[
						44482.7586206897,
						5,
						0
					],
					[
						44655.1724137931,
						4,
						0
					],
					[
						44827.5862068966,
						7,
						0
					],
					[
						45000,
						6,
						0
					],
					[
						45172.4137931035,
						5,
						0
					],
					[
						45344.8275862069,
						7,
						0
					]
				],
				"mustHitSection": false
			},
			{
				"lengthInSteps": 16,
				"sectionNotes": [
					[
						45517.2413793104,
						0,
						0
					],
					[
						45689.6551724138,
						1,
						0
					],
					[
						45862.0689655173,
						3,
						0
					],
					[
						46034.4827586207,
						0,
						0
					],
					[
						46120.6896551724,
						1,
						0
					],
					[
						46206.8965517242,
						3,
						0
					],
					[
						46379.3103448276,
						0,
						0
					],
					[
						46551.7241379311,
						2,
						0
					],
					[
						46724.1379310345,
						1,
						0
					],
					[
						45517.2413793104,
						6,
						261
					],
					[
						45862.0689655173,
						5,
						0
					],
					[
						46034.4827586207,
						4,
						0
					],
					[
						46206.8965517242,
						7,
						0
					],
					[
						46379.3103448276,
						6,
						0
					],
					[
						46551.7241379311,
						5,
						0
					],
					[
						46724.1379310345,
						6,
						0
					]
				],
				"mustHitSection": false
			},
			{
				"lengthInSteps": 16,
				"sectionNotes": [
					[
						46896.5517241379,
						3,
						0
					],
					[
						47068.9655172414,
						0,
						0
					],
					[
						47241.3793103448,
						1,
						0
					],
					[
						47758.6206896552,
						3,
						0
					],
					[
						47931.0344827586,
						2,
						0
					],
					[
						48103.4482758621,
						1,
						0
					],
					[
						46896.5517241379,
						4,
						0
					],
					[
						47068.9655172414,
						7,
						0
					],
					[
						47241.3793103448,
						6,
						0
					],
					[
						47413.7931034483,
						5,
						0
					],
					[
						47586.2068965517,
						4,
						0
					],
					[
						47758.6206896552,
						7,
						0
					],
					[
						47931.0344827586,
						4,
						0
					],
					[
						48103.4482758621,
						5,
						0
					]
				],
				"mustHitSection": false
			},
			{
				"lengthInSteps": 16,
				"sectionNotes": [
					[
						48275.8620689655,
						0,
						0
					],
					[
						48448.275862069,
						1,
						0
					],
					[
						48793.1034482759,
						1,
						0
					],
					[
						48620.6896551724,
						3,
						0
					],
					[
						48965.5172413793,
						2,
						0
					],
					[
						49137.9310344828,
						2,
						0
					],
					[
						49310.3448275862,
						2,
						174
					],
					[
						48965.5172413793,
						5,
						0
					],
					[
						49310.3448275862,
						5,
						0
					],
					[
						48275.8620689655,
						6,
						0
					],
					[
						48620.6896551724,
						6,
						0
					]
				],
				"mustHitSection": false
			},
			{
				"lengthInSteps": 16,
				"sectionNotes": [
					[
						49655.1724137931,
						1,
						0
					],
					[
						49827.5862068966,
						0,
						0
					],
					[
						50000.0000000001,
						3,
						0
					],
					[
						50517.2413793103,
						0,
						0
					],
					[
						50603.4482758621,
						3,
						0
					],
					[
						50689.6551724138,
						1,
						0
					],
					[
						50862.0689655172,
						2,
						0
					],
					[
						50344.8275862069,
						7,
						0
					],
					[
						50862.0689655172,
						7,
						0
					],
					[
						50172.4137931035,
						1,
						261
					],
					[
						49655.1724137931,
						7,
						261
					],
					[
						50517.2413793104,
						4,
						261
					],
					[
						50000,
						6,
						0
					],
					[
						50172.4137931035,
						5,
						0
					]
				],
				"mustHitSection": true
			},
			{
				"lengthInSteps": 16,
				"sectionNotes": [
					[
						51034.4827586207,
						0,
						0
					],
					[
						51206.8965517241,
						1,
						0
					],
					[
						51379.3103448276,
						3,
						0
					],
					[
						51551.7241379311,
						0,
						0
					],
					[
						51637.9310344827,
						1,
						0
					],
					[
						51724.1379310346,
						3,
						0
					],
					[
						51896.5517241379,
						0,
						0
					],
					[
						52068.9655172414,
						2,
						0
					],
					[
						52241.3793103448,
						1,
						0
					],
					[
						51034.4827586207,
						6,
						261
					],
					[
						51379.3103448276,
						5,
						0
					],
					[
						51551.7241379311,
						4,
						0
					],
					[
						51724.1379310346,
						7,
						0
					],
					[
						51896.5517241379,
						4,
						261
					],
					[
						52241.3793103448,
						6,
						0
					]
				],
				"mustHitSection": true
			},
			{
				"lengthInSteps": 16,
				"sectionNotes": [
					[
						52413.7931034482,
						3,
						0
					],
					[
						52586.2068965517,
						0,
						0
					],
					[
						53448.2758620689,
						2,
						0
					],
					[
						53620.6896551724,
						1,
						0
					],
					[
						52586.2068965517,
						7,
						0
					],
					[
						52758.6206896551,
						6,
						0
					],
					[
						52931.0344827586,
						5,
						0
					],
					[
						53103.4482758621,
						4,
						0
					],
					[
						53275.8620689656,
						7,
						0
					],
					[
						53448.2758620689,
						4,
						0
					],
					[
						53620.6896551724,
						5,
						0
					],
					[
						52758.6206896552,
						2,
						263
					],
					[
						53275.8620689655,
						1,
						0
					],
					[
						52413.7931034483,
						5,
						0
					]
				],
				"mustHitSection": true
			},
			{
				"lengthInSteps": 16,
				"sectionNotes": [
					[
						53793.1034482758,
						0,
						0
					],
					[
						53965.5172413793,
						1,
						0
					],
					[
						54137.9310344827,
						3,
						0
					],
					[
						54482.7586206896,
						2,
						0
					],
					[
						54655.1724137931,
						2,
						0
					],
					[
						54827.5862068966,
						2,
						174
					],
					[
						54482.7586206896,
						5,
						0
					],
					[
						54827.5862068966,
						5,
						174
					],
					[
						53793.1034482758,
						6,
						0
					],
					[
						54137.9310344827,
						6,
						0
					],
					[
						54310.3448275862,
						0,
						0
					],
					[
						54655.1724137931,
						5,
						0
					],
					[
						54310.3448275862,
						6,
						0
					]
				],
				"mustHitSection": true
			},
			{
				"lengthInSteps": 16,
				"sectionNotes": [
					[
						55517.2413793104,
						0,
						0
					],
					[
						55603.4482758621,
						2,
						0
					],
					[
						55689.6551724138,
						3,
						0
					],
					[
						55862.0689655173,
						1,
						0
					],
					[
						56034.4827586207,
						0,
						0
					],
					[
						56120.6896551724,
						2,
						0
					],
					[
						56206.8965517242,
						3,
						0
					],
					[
						56379.3103448276,
						0,
						0
					]
				],
				"mustHitSection": false
			},
			{
				"lengthInSteps": 16,
				"sectionNotes": [
					[
						56551.7241379311,
						0,
						0
					],
					[
						56724.1379310345,
						0,
						0
					],
					[
						56896.551724138,
						1,
						0
					],
					[
						56982.7586206897,
						2,
						0
					],
					[
						57068.9655172414,
						3,
						0
					],
					[
						57241.3793103448,
						2,
						0
					],
					[
						57586.2068965517,
						3,
						0
					],
					[
						57758.6206896552,
						2,
						0
					],
					[
						57413.7931034483,
						0,
						0
					]
				],
				"mustHitSection": false
			},
			{
				"typeOfSection": 0,
				"sectionNotes": [
					[
						57931.0344827586,
						1,
						0
					],
					[
						58017.2413793104,
						0,
						0
					],
					[
						58103.4482758621,
						3,
						0
					],
					[
						58189.6551724138,
						1,
						0
					],
					[
						58275.8620689655,
						2,
						0
					],
					[
						58362.0689655173,
						0,
						0
					],
					[
						58448.275862069,
						3,
						0
					],
					[
						58620.6896551724,
						2,
						0
					],
					[
						58793.1034482759,
						0,
						0
					],
					[
						58879.3103448276,
						1,
						0
					],
					[
						58965.5172413793,
						3,
						0
					],
					[
						59137.9310344828,
						2,
						0
					]
				],
				"lengthInSteps": 16,
				"altAnim": false,
				"gfSection": false,
				"bpm": 133,
				"changeBPM": false,
				"mustHitSection": false
			},
			{
				"typeOfSection": 0,
				"sectionNotes": [
					[
						59310.3448275862,
						0,
						0
					],
					[
						59568.9655172414,
						0,
						0
					],
					[
						59655.1724137931,
						2,
						0
					],
					[
						59741.3793103449,
						1,
						0
					],
					[
						59827.5862068966,
						3,
						0
					],
					[
						60000,
						0,
						0
					],
					[
						60172.4137931035,
						2,
						0
					],
					[
						60344.8275862069,
						3,
						175
					],
					[
						59396.551724138,
						3,
						0
					],
					[
						59482.7586206897,
						1,
						0
					]
				],
				"lengthInSteps": 16,
				"altAnim": false,
				"gfSection": false,
				"bpm": 133,
				"changeBPM": false,
				"mustHitSection": false
			},
			{
				"typeOfSection": 0,
				"sectionNotes": [
					[
						60689.6551724138,
						4,
						261
					],
					[
						61034.4827586207,
						0,
						0
					],
					[
						61120.6896551724,
						2,
						0
					],
					[
						61206.8965517242,
						3,
						0
					],
					[
						61379.3103448276,
						1,
						0
					],
					[
						61551.7241379311,
						0,
						0
					],
					[
						61637.9310344828,
						2,
						0
					],
					[
						61724.1379310345,
						3,
						0
					],
					[
						61896.551724138,
						0,
						0
					]
				],
				"lengthInSteps": 16,
				"altAnim": false,
				"gfSection": false,
				"bpm": 133,
				"changeBPM": false,
				"mustHitSection": true
			},
			{
				"typeOfSection": 0,
				"sectionNotes": [
					[
						62241.3793103449,
						0,
						0
					],
					[
						62413.7931034483,
						1,
						0
					],
					[
						62500,
						2,
						0
					],
					[
						62586.2068965518,
						3,
						0
					],
					[
						62758.6206896552,
						2,
						0
					],
					[
						63103.4482758621,
						3,
						0
					],
					[
						63275.8620689655,
						2,
						0
					],
					[
						62931.0344827586,
						0,
						0
					],
					[
						62068.9655172414,
						2,
						0
					]
				],
				"lengthInSteps": 16,
				"altAnim": false,
				"gfSection": false,
				"bpm": 133,
				"changeBPM": false,
				"mustHitSection": true
			},
			{
				"typeOfSection": 0,
				"sectionNotes": [
					[
						63448.275862069,
						1,
						0
					],
					[
						63534.4827586207,
						0,
						0
					],
					[
						63620.6896551724,
						3,
						0
					],
					[
						63706.8965517242,
						1,
						0
					],
					[
						63793.1034482759,
						2,
						0
					],
					[
						63879.3103448276,
						0,
						0
					],
					[
						63965.5172413793,
						3,
						0
					],
					[
						64137.9310344828,
						2,
						0
					],
					[
						64310.3448275862,
						0,
						0
					],
					[
						64396.551724138,
						1,
						0
					],
					[
						64482.7586206897,
						3,
						0
					],
					[
						64655.1724137931,
						2,
						0
					]
				],
				"lengthInSteps": 16,
				"altAnim": false,
				"gfSection": false,
				"bpm": 133,
				"changeBPM": false,
				"mustHitSection": true
			},
			{
				"typeOfSection": 0,
				"sectionNotes": [
					[
						64827.5862068966,
						0,
						0
					],
					[
						65086.2068965518,
						0,
						0
					],
					[
						65172.4137931035,
						2,
						0
					],
					[
						65258.6206896552,
						1,
						0
					],
					[
						65344.8275862069,
						3,
						0
					],
					[
						65517.2413793104,
						0,
						0
					],
					[
						65689.6551724138,
						2,
						0
					],
					[
						65862.0689655173,
						3,
						175
					],
					[
						65862.0689655173,
						6,
						0
					],
					[
						66034.4827586207,
						7,
						0
					],
					[
						65000,
						1,
						0
					],
					[
						64913.7931034483,
						3,
						0
					]
				],
				"lengthInSteps": 16,
				"altAnim": false,
				"gfSection": false,
				"bpm": 151,
				"changeBPM": false,
				"mustHitSection": true
			},
			{
				"typeOfSection": 0,
				"sectionNotes": [
					[
						66206.8965517241,
						1,
						261
					],
					[
						66206.8965517241,
						0,
						0
					],
					[
						66551.724137931,
						2,
						0
					],
					[
						66724.1379310344,
						3,
						0
					],
					[
						67068.9655172413,
						3,
						0
					],
					[
						67413.7931034482,
						3,
						0
					],
					[
						67241.3793103449,
						2,
						0
					],
					[
						67286.6379310344,
						0,
						0
					]
				],
				"lengthInSteps": 16,
				"altAnim": false,
				"gfSection": false,
				"bpm": 133,
				"changeBPM": false,
				"mustHitSection": false
			},
			{
				"lengthInSteps": 16,
				"sectionNotes": [
					[
						67758.6206896551,
						2,
						0
					],
					[
						67844.827586207,
						1,
						0
					],
					[
						67931.0344827587,
						0,
						0
					],
					[
						68103.448275862,
						3,
						0
					],
					[
						68275.8620689656,
						1,
						0
					],
					[
						68448.275862069,
						3,
						0
					],
					[
						68620.6896551724,
						2,
						0
					],
					[
						68793.1034482759,
						0,
						0
					]
				],
				"typeOfSection": 0,
				"gfSection": false,
				"altAnim": false,
				"mustHitSection": false,
				"changeBPM": false,
				"bpm": 174
			},
			{
				"lengthInSteps": 16,
				"sectionNotes": [
					[
						68965.5172413793,
						1,
						261
					],
					[
						69310.3448275862,
						2,
						0
					],
					[
						69482.7586206897,
						2,
						261
					],
					[
						70000,
						0,
						88
					]
				],
				"typeOfSection": 0,
				"gfSection": false,
				"altAnim": false,
				"mustHitSection": false,
				"changeBPM": false,
				"bpm": 174
			},
			{
				"lengthInSteps": 16,
				"sectionNotes": [
					[
						70344.827586207,
						1,
						0
					],
					[
						70517.2413793103,
						3,
						0
					],
					[
						70689.6551724138,
						0,
						0
					],
					[
						70862.0689655172,
						2,
						174
					],
					[
						71206.8965517241,
						1,
						0
					],
					[
						71379.3103448276,
						0,
						261
					],
					[
						71379.3103448276,
						4,
						0
					],
					[
						71551.724137931,
						7,
						0
					]
				],
				"typeOfSection": 0,
				"gfSection": false,
				"altAnim": false,
				"mustHitSection": false,
				"changeBPM": false,
				"bpm": 174
			},
			{
				"lengthInSteps": 16,
				"sectionNotes": [
					[
						71724.1379310344,
						1,
						261
					],
					[
						72068.9655172413,
						2,
						0
					],
					[
						72241.3793103448,
						0,
						0
					],
					[
						72586.2068965518,
						2,
						0
					],
					[
						72758.6206896551,
						3,
						0
					],
					[
						72793.1034482759,
						0,
						0
					],
					[
						72931.0344827587,
						2,
						0
					]
				],
				"typeOfSection": 0,
				"gfSection": false,
				"altAnim": false,
				"mustHitSection": true,
				"changeBPM": false,
				"bpm": 174
			},
			{
				"lengthInSteps": 16,
				"sectionNotes": [
					[
						73362.0689655172,
						1,
						0
					],
					[
						73448.275862069,
						0,
						0
					],
					[
						73620.6896551724,
						3,
						0
					],
					[
						73793.1034482759,
						1,
						0
					],
					[
						73965.5172413793,
						3,
						0
					],
					[
						74137.9310344828,
						2,
						0
					],
					[
						74310.3448275862,
						0,
						0
					],
					[
						73275.8620689656,
						3,
						0
					]
				],
				"typeOfSection": 0,
				"gfSection": false,
				"altAnim": false,
				"mustHitSection": true,
				"changeBPM": false,
				"bpm": 174
			},
			{
				"lengthInSteps": 16,
				"sectionNotes": [
					[
						74482.7586206897,
						2,
						261
					],
					[
						74827.5862068966,
						1,
						0
					],
					[
						75000.0000000001,
						1,
						261
					],
					[
						75517.2413793103,
						1,
						174
					]
				],
				"typeOfSection": 0,
				"gfSection": false,
				"altAnim": false,
				"mustHitSection": true,
				"changeBPM": false,
				"bpm": 174
			},
			{
				"lengthInSteps": 16,
				"sectionNotes": [
					[
						75862.0689655172,
						2,
						0
					],
					[
						76551.724137931,
						1,
						0
					],
					[
						76034.4827586208,
						1,
						0
					],
					[
						76206.8965517241,
						2,
						0
					],
					[
						76379.3103448276,
						0,
						0
					],
					[
						76724.1379310344,
						2,
						0
					],
					[
						76896.5517241379,
						3,
						0
					],
					[
						77068.9655172414,
						0,
						0
					]
				],
				"typeOfSection": 0,
				"gfSection": false,
				"altAnim": false,
				"mustHitSection": true,
				"changeBPM": false,
				"bpm": 174
			},
			{
				"lengthInSteps": 16,
				"sectionNotes": [
					[
						77241.3793103448,
						1,
						261
					],
					[
						77586.2068965517,
						2,
						0
					],
					[
						77758.6206896551,
						1,
						261
					],
					[
						78275.8620689655,
						0,
						0
					],
					[
						78448.2758620689,
						1,
						0
					]
				],
				"typeOfSection": 0,
				"gfSection": false,
				"altAnim": false,
				"mustHitSection": true,
				"changeBPM": false,
				"bpm": 174
			},
			{
				"lengthInSteps": 16,
				"sectionNotes": [
					[
						78620.6896551724,
						1,
						261
					],
					[
						78965.5172413793,
						2,
						0
					],
					[
						79137.9310344827,
						1,
						261
					],
					[
						79655.1724137931,
						0,
						0
					],
					[
						79827.5862068965,
						1,
						0
					]
				],
				"typeOfSection": 0,
				"gfSection": false,
				"altAnim": false,
				"mustHitSection": true,
				"changeBPM": false,
				"bpm": 174
			},
			{
				"lengthInSteps": 16,
				"sectionNotes": [
					[
						80000,
						2,
						348
					],
					[
						80517.2413793103,
						3,
						348
					],
					[
						81034.4827586207,
						0,
						261
					]
				],
				"typeOfSection": 0,
				"gfSection": false,
				"altAnim": false,
				"mustHitSection": true,
				"changeBPM": false,
				"bpm": 174
			},
			{
				"lengthInSteps": 16,
				"sectionNotes": [
					[
						81379.3103448275,
						1,
						348
					],
					[
						81896.5517241379,
						3,
						348
					],
					[
						82413.7931034482,
						0,
						175
					]
				],
				"typeOfSection": 0,
				"gfSection": false,
				"altAnim": false,
				"mustHitSection": true,
				"changeBPM": false,
				"bpm": 174
			},
			{
				"lengthInSteps": 16,
				"sectionNotes": [
					[
						82758.6206896551,
						2,
						131.103448275862
					],
					[
						83017.2413793103,
						1,
						0
					],
					[
						83103.448275862,
						0,
						0
					],
					[
						83275.8620689655,
						3,
						0
					],
					[
						83448.2758620689,
						1,
						0
					],
					[
						83534.4827586206,
						2,
						0
					],
					[
						83620.6896551724,
						0,
						0
					],
					[
						83793.1034482758,
						3,
						0
					],
					[
						83965.5172413793,
						1,
						0
					]
				],
				"typeOfSection": 0,
				"gfSection": false,
				"altAnim": false,
				"mustHitSection": false,
				"changeBPM": false,
				"bpm": 174
			},
			{
				"lengthInSteps": 16,
				"sectionNotes": [
					[
						84137.9310344827,
						2,
						131.103448275862
					],
					[
						84396.5517241379,
						1,
						0
					],
					[
						84482.7586206896,
						0,
						0
					],
					[
						84655.172413793,
						3,
						0
					],
					[
						84827.5862068965,
						1,
						0
					],
					[
						84913.7931034482,
						2,
						0
					],
					[
						84999.9999999999,
						0,
						0
					],
					[
						85172.4137931034,
						1,
						0
					],
					[
						85258.6206896551,
						2,
						0
					],
					[
						85344.8275862068,
						0,
						0
					]
				],
				"typeOfSection": 0,
				"gfSection": false,
				"altAnim": false,
				"mustHitSection": false,
				"changeBPM": false,
				"bpm": 174
			},
			{
				"lengthInSteps": 16,
				"sectionNotes": [
					[
						85517.2413793103,
						3,
						174
					],
					[
						85862.0689655172,
						0,
						0
					],
					[
						86034.4827586206,
						1,
						0
					],
					[
						86379.3103448275,
						3,
						0
					],
					[
						86551.724137931,
						1,
						0
					],
					[
						86724.1379310344,
						0,
						0
					],
					[
						86810.3448275861,
						2,
						0
					]
				],
				"typeOfSection": 0,
				"gfSection": false,
				"altAnim": false,
				"mustHitSection": false,
				"changeBPM": false,
				"bpm": 174
			},
			{
				"lengthInSteps": 16,
				"sectionNotes": [
					[
						87241.3793103448,
						0,
						0
					],
					[
						87413.7931034482,
						3,
						0
					],
					[
						86896.5517241379,
						3,
						0
					],
					[
						87068.9655172413,
						3,
						0
					],
					[
						87758.6206896551,
						1,
						0
					],
					[
						87931.0344827586,
						2,
						89
					],
					[
						88189.6551724137,
						0,
						0
					],
					[
						88103.448275862,
						3,
						0
					]
				],
				"typeOfSection": 0,
				"gfSection": false,
				"altAnim": false,
				"mustHitSection": false,
				"changeBPM": false,
				"bpm": 174
			},
			{
				"lengthInSteps": 16,
				"sectionNotes": [
					[
						88275.8620689654,
						5,
						0
					],
					[
						88448.2758620689,
						6,
						0
					],
					[
						88620.6896551723,
						5,
						0
					],
					[
						88793.1034482758,
						4,
						0
					],
					[
						88965.5172413792,
						5,
						0
					],
					[
						89137.9310344827,
						6,
						0
					],
					[
						89310.3448275861,
						5,
						0
					],
					[
						89482.7586206896,
						4,
						0
					],
					[
						88275.8620689654,
						1,
						0
					],
					[
						88448.2758620689,
						2,
						0
					],
					[
						88620.6896551723,
						1,
						0
					],
					[
						88793.1034482758,
						0,
						261
					],
					[
						89137.9310344827,
						1,
						0
					],
					[
						89224.1379310344,
						3,
						0
					],
					[
						89310.3448275861,
						2,
						0
					],
					[
						89482.7586206896,
						1,
						0
					]
				],
				"typeOfSection": 0,
				"gfSection": false,
				"altAnim": false,
				"mustHitSection": true,
				"changeBPM": false,
				"bpm": 174
			},
			{
				"lengthInSteps": 16,
				"sectionNotes": [
					[
						89655.172413793,
						5,
						0
					],
					[
						89827.5862068965,
						6,
						0
					],
					[
						89999.9999999999,
						5,
						0
					],
					[
						90172.4137931034,
						4,
						0
					],
					[
						90344.8275862068,
						5,
						0
					],
					[
						90517.2413793103,
						6,
						0
					],
					[
						90689.6551724137,
						5,
						0
					],
					[
						90862.0689655172,
						4,
						0
					],
					[
						89655.172413793,
						0,
						261
					],
					[
						89999.9999999999,
						3,
						0
					],
					[
						90344.8275862068,
						2,
						0
					],
					[
						90517.2413793103,
						1,
						0
					],
					[
						90862.0689655172,
						1,
						0
					],
					[
						90689.6551724137,
						2,
						0
					],
					[
						90172.4137931034,
						0,
						0
					]
				],
				"typeOfSection": 0,
				"gfSection": false,
				"altAnim": false,
				"mustHitSection": true,
				"changeBPM": false,
				"bpm": 174
			},
			{
				"lengthInSteps": 16,
				"sectionNotes": [
					[
						91034.4827586206,
						6,
						0
					],
					[
						91034.4827586206,
						7,
						261
					],
					[
						91379.3103448275,
						5,
						0
					],
					[
						91415.948275862,
						4,
						0
					],
					[
						91551.7241379309,
						6,
						0
					],
					[
						91724.1379310344,
						6,
						175
					],
					[
						92068.9655172413,
						7,
						0
					],
					[
						92241.3793103447,
						4,
						0
					],
					[
						91551.7241379309,
						0,
						0
					],
					[
						91724.1379310344,
						3,
						0
					],
					[
						91896.5517241378,
						2,
						0
					],
					[
						92068.9655172413,
						3,
						0
					],
					[
						92241.3793103447,
						0,
						0
					],
					[
						91034.4827586206,
						3,
						0
					],
					[
						91206.896551724,
						2,
						0
					],
					[
						91379.3103448275,
						3,
						0
					]
				],
				"typeOfSection": 0,
				"gfSection": false,
				"altAnim": false,
				"mustHitSection": true,
				"changeBPM": false,
				"bpm": 174
			},
			{
				"lengthInSteps": 16,
				"sectionNotes": [
					[
						92413.7931034482,
						5,
						0
					],
					[
						92758.6206896551,
						6,
						174
					],
					[
						92586.2068965516,
						7,
						0
					],
					[
						93189.6551724137,
						5,
						0
					],
					[
						93103.448275862,
						7,
						0
					],
					[
						93275.8620689654,
						4,
						0
					],
					[
						93448.2758620689,
						7,
						0
					],
					[
						93534.4827586206,
						5,
						0
					],
					[
						93620.6896551723,
						4,
						0
					],
					[
						92413.7931034482,
						1,
						0
					],
					[
						92586.2068965516,
						2,
						0
					],
					[
						92758.6206896551,
						1,
						0
					],
					[
						92931.0344827585,
						0,
						0
					],
					[
						93103.448275862,
						1,
						0
					],
					[
						93275.8620689654,
						2,
						0
					],
					[
						93448.2758620689,
						0,
						0
					],
					[
						93620.6896551723,
						3,
						0
					]
				],
				"typeOfSection": 0,
				"gfSection": false,
				"altAnim": false,
				"mustHitSection": true,
				"changeBPM": false,
				"bpm": 174
			},
			{
				"lengthInSteps": 16,
				"sectionNotes": [
					[
						93793.1034482757,
						0,
						0
					],
					[
						93879.3103448275,
						1,
						0
					],
					[
						93965.5172413792,
						3,
						0
					],
					[
						94137.9310344826,
						0,
						0
					],
					[
						94224.1379310344,
						1,
						0
					],
					[
						94482.7586206895,
						1,
						261
					],
					[
						94827.5862068964,
						3,
						0
					],
					[
						94913.7931034482,
						0,
						0
					],
					[
						94999.9999999999,
						2,
						0
					],
					[
						93793.1034482758,
						6,
						0
					],
					[
						93879.3103448275,
						7,
						0
					],
					[
						93965.5172413792,
						5,
						0
					],
					[
						94137.9310344827,
						6,
						0
					],
					[
						94482.7586206896,
						4,
						0
					],
					[
						94568.9655172413,
						6,
						0
					],
					[
						94655.172413793,
						5,
						0
					],
					[
						94827.5862068964,
						4,
						0
					],
					[
						94310.3448275861,
						7,
						0
					],
					[
						94999.9999999999,
						6,
						0
					],
					[
						94310.3448275861,
						2,
						0
					],
					[
						95086.2068965516,
						3,
						0
					]
				],
				"typeOfSection": 0,
				"gfSection": false,
				"altAnim": false,
				"mustHitSection": true,
				"changeBPM": false,
				"bpm": 174
			},
			{
				"lengthInSteps": 16,
				"sectionNotes": [
					[
						95172.4137931033,
						1,
						0
					],
					[
						95344.8275862068,
						0,
						0
					],
					[
						95431.0344827585,
						1,
						0
					],
					[
						95603.4482758619,
						0,
						0
					],
					[
						95689.6551724137,
						1,
						0
					],
					[
						95862.0689655171,
						2,
						0
					],
					[
						96034.4827586206,
						3,
						0
					],
					[
						96206.896551724,
						0,
						0
					],
					[
						96379.3103448275,
						0,
						0
					],
					[
						96120.6896551723,
						7,
						0
					],
					[
						95862.0689655171,
						4,
						0
					],
					[
						95948.2758620689,
						6,
						0
					],
					[
						96034.4827586206,
						5,
						0
					],
					[
						96206.896551724,
						4,
						0
					],
					[
						96293.1034482758,
						5,
						0
					],
					[
						96379.3103448275,
						6,
						0
					],
					[
						95172.4137931033,
						7,
						0
					],
					[
						95258.6206896551,
						4,
						0
					],
					[
						95344.8275862068,
						6,
						0
					],
					[
						95517.2413793102,
						7,
						0
					],
					[
						95689.6551724137,
						5,
						0
					]
				],
				"typeOfSection": 0,
				"gfSection": false,
				"altAnim": false,
				"mustHitSection": true,
				"changeBPM": false,
				"bpm": 174
			},
			{
				"lengthInSteps": 16,
				"sectionNotes": [
					[
						96551.7241379309,
						0,
						0
					],
					[
						96637.9310344826,
						1,
						0
					],
					[
						96724.1379310344,
						3,
						0
					],
					[
						96896.5517241378,
						0,
						0
					],
					[
						96982.7586206895,
						1,
						0
					],
					[
						97241.3793103447,
						1,
						261
					],
					[
						97586.2068965516,
						3,
						0
					],
					[
						97672.4137931033,
						0,
						0
					],
					[
						97758.6206896551,
						2,
						0
					],
					[
						96551.7241379309,
						6,
						0
					],
					[
						96637.9310344827,
						7,
						0
					],
					[
						96724.1379310344,
						5,
						0
					],
					[
						96896.5517241378,
						6,
						0
					],
					[
						97241.3793103447,
						4,
						0
					],
					[
						97327.5862068964,
						6,
						0
					],
					[
						97413.7931034482,
						5,
						0
					],
					[
						97586.2068965516,
						4,
						0
					],
					[
						97068.9655172413,
						7,
						0
					],
					[
						97758.6206896551,
						6,
						0
					],
					[
						97068.9655172413,
						2,
						0
					],
					[
						97844.8275862068,
						3,
						0
					]
				],
				"typeOfSection": 0,
				"gfSection": false,
				"altAnim": false,
				"mustHitSection": false,
				"changeBPM": false,
				"bpm": 174
			},
			{
				"lengthInSteps": 16,
				"sectionNotes": [
					[
						97931.0344827585,
						1,
						0
					],
					[
						98103.4482758619,
						0,
						0
					],
					[
						98189.6551724137,
						1,
						0
					],
					[
						98362.0689655171,
						0,
						0
					],
					[
						98448.2758620688,
						1,
						0
					],
					[
						98620.6896551723,
						2,
						0
					],
					[
						98793.1034482757,
						3,
						0
					],
					[
						98965.5172413792,
						0,
						0
					],
					[
						99137.9310344826,
						0,
						0
					],
					[
						98879.3103448275,
						7,
						0
					],
					[
						98620.6896551723,
						4,
						0
					],
					[
						98706.896551724,
						6,
						0
					],
					[
						98793.1034482758,
						5,
						0
					],
					[
						98965.5172413792,
						4,
						0
					],
					[
						99051.7241379309,
						5,
						0
					],
					[
						99137.9310344827,
						6,
						0
					],
					[
						97931.0344827585,
						7,
						0
					],
					[
						98017.2413793102,
						4,
						0
					],
					[
						98103.448275862,
						6,
						0
					],
					[
						98275.8620689654,
						7,
						0
					],
					[
						98448.2758620689,
						5,
						0
					]
				],
				"typeOfSection": 0,
				"gfSection": false,
				"altAnim": false,
				"mustHitSection": false,
				"changeBPM": false,
				"bpm": 174
			},
			{
				"lengthInSteps": 16,
				"sectionNotes": [
					[
						99655.1724137931,
						0,
						0
					],
					[
						99741.3793103448,
						1,
						0
					],
					[
						100517.24137931,
						0,
						0
					],
					[
						100172.413793103,
						3,
						0
					],
					[
						99827.5862068966,
						2,
						0
					],
					[
						99310.3448275862,
						2,
						0
					],
					[
						100553.879310345,
						2,
						175
					]
				],
				"typeOfSection": 0,
				"gfSection": false,
				"altAnim": false,
				"mustHitSection": false,
				"changeBPM": false,
				"bpm": 174
			},
			{
				"lengthInSteps": 16,
				"sectionNotes": [
					[
						100862.068965517,
						1,
						0
					],
					[
						101034.482758621,
						3,
						0
					],
					[
						101206.896551724,
						1,
						0
					],
					[
						101379.310344828,
						0,
						0
					],
					[
						101551.724137931,
						2,
						0
					],
					[
						101724.137931034,
						1,
						0
					],
					[
						101896.551724138,
						3,
						0
					]
				],
				"typeOfSection": 0,
				"gfSection": false,
				"altAnim": false,
				"mustHitSection": false,
				"changeBPM": false,
				"bpm": 174
			},
			{
				"lengthInSteps": 16,
				"sectionNotes": [
					[
						102241.379310345,
						0,
						0
					],
					[
						102327.586206897,
						1,
						0
					],
					[
						102413.793103448,
						2,
						0
					],
					[
						102586.206896552,
						3,
						0
					],
					[
						102758.620689655,
						0,
						0
					],
					[
						102931.034482759,
						2,
						0
					],
					[
						103103.448275862,
						1,
						0
					],
					[
						103275.862068966,
						3,
						0
					]
				],
				"typeOfSection": 0,
				"gfSection": false,
				"altAnim": false,
				"mustHitSection": false,
				"changeBPM": false,
				"bpm": 174
			},
			{
				"lengthInSteps": 16,
				"sectionNotes": [
					[
						103448.275862069,
						0,
						0
					],
					[
						103793.103448276,
						2,
						0
					],
					[
						104137.931034483,
						1,
						0
					],
					[
						104224.137931034,
						0,
						0
					],
					[
						104310.344827586,
						3,
						0
					],
					[
						104482.75862069,
						1,
						0
					],
					[
						104655.172413793,
						2,
						0
					]
				],
				"typeOfSection": 0,
				"gfSection": false,
				"altAnim": false,
				"mustHitSection": false,
				"changeBPM": false,
				"bpm": 174
			},
			{
				"lengthInSteps": 16,
				"sectionNotes": [
					[
						105172.413793103,
						3,
						0
					],
					[
						105258.620689655,
						2,
						0
					],
					[
						106034.482758621,
						3,
						0
					],
					[
						105689.655172414,
						0,
						0
					],
					[
						105344.827586207,
						1,
						0
					],
					[
						104827.586206897,
						1,
						0
					],
					[
						106077.586206897,
						2,
						174
					]
				],
				"typeOfSection": 0,
				"gfSection": false,
				"altAnim": false,
				"mustHitSection": true,
				"changeBPM": false,
				"bpm": 174
			},
			{
				"lengthInSteps": 16,
				"sectionNotes": [
					[
						106379.310344828,
						1,
						0
					],
					[
						106551.724137931,
						3,
						0
					],
					[
						107241.379310345,
						3,
						0
					],
					[
						106724.137931034,
						0,
						0
					],
					[
						106896.551724138,
						2,
						0
					],
					[
						107068.965517241,
						1,
						0
					],
					[
						107413.793103448,
						1,
						0
					]
				],
				"typeOfSection": 0,
				"gfSection": false,
				"altAnim": false,
				"mustHitSection": true,
				"changeBPM": false,
				"bpm": 174
			},
			{
				"lengthInSteps": 16,
				"sectionNotes": [
					[
						107758.620689655,
						3,
						0
					],
					[
						107844.827586207,
						2,
						0
					],
					[
						107931.034482759,
						1,
						0
					],
					[
						108103.448275862,
						0,
						0
					],
					[
						108275.862068966,
						3,
						0
					],
					[
						108448.275862069,
						1,
						0
					],
					[
						108620.689655172,
						2,
						0
					],
					[
						108793.103448276,
						0,
						0
					]
				],
				"typeOfSection": 0,
				"gfSection": false,
				"altAnim": false,
				"mustHitSection": true,
				"changeBPM": false,
				"bpm": 174
			},
			{
				"lengthInSteps": 16,
				"sectionNotes": [
					[
						108965.517241379,
						3,
						0
					],
					[
						109310.344827586,
						3,
						0
					],
					[
						109655.172413793,
						1,
						261
					],
					[
						110000,
						7,
						0
					],
					[
						110086.206896552,
						4,
						0
					],
					[
						110172.413793103,
						7,
						0
					],
					[
						110258.620689655,
						6,
						0
					]
				],
				"typeOfSection": 0,
				"gfSection": false,
				"altAnim": false,
				"mustHitSection": true,
				"changeBPM": false,
				"bpm": 174
			},
			{
				"lengthInSteps": 16,
				"sectionNotes": [
					[
						110344.827586207,
						1,
						261
					],
					[
						110344.827586207,
						0,
						0
					],
					[
						110689.655172414,
						2,
						0
					],
					[
						110862.068965517,
						3,
						0
					],
					[
						111206.896551724,
						3,
						0
					],
					[
						111551.724137931,
						3,
						0
					],
					[
						111379.310344828,
						2,
						0
					],
					[
						111424.568965517,
						0,
						0
					]
				],
				"typeOfSection": 0,
				"gfSection": false,
				"altAnim": false,
				"mustHitSection": false,
				"changeBPM": false,
				"bpm": 174
			},
			{
				"lengthInSteps": 16,
				"sectionNotes": [
					[
						111896.551724138,
						2,
						0
					],
					[
						111982.75862069,
						1,
						0
					],
					[
						112068.965517241,
						0,
						0
					],
					[
						112241.379310345,
						3,
						0
					],
					[
						112413.793103448,
						1,
						0
					],
					[
						112586.206896552,
						3,
						0
					],
					[
						112758.620689655,
						2,
						0
					],
					[
						112931.034482759,
						0,
						0
					]
				],
				"typeOfSection": 0,
				"gfSection": false,
				"altAnim": false,
				"mustHitSection": false,
				"changeBPM": false,
				"bpm": 174
			},
			{
				"lengthInSteps": 16,
				"sectionNotes": [
					[
						113103.448275862,
						1,
						261
					],
					[
						113448.275862069,
						2,
						0
					],
					[
						113620.689655172,
						2,
						261
					],
					[
						114137.931034483,
						0,
						88
					]
				],
				"typeOfSection": 0,
				"gfSection": false,
				"altAnim": false,
				"mustHitSection": false,
				"changeBPM": false,
				"bpm": 174
			},
			{
				"lengthInSteps": 16,
				"sectionNotes": [
					[
						114482.75862069,
						1,
						0
					],
					[
						114655.172413793,
						3,
						0
					],
					[
						114827.586206897,
						0,
						0
					],
					[
						115000,
						2,
						174
					],
					[
						115344.827586207,
						1,
						0
					],
					[
						115517.24137931,
						0,
						261
					],
					[
						115517.24137931,
						4,
						0
					],
					[
						115689.655172414,
						7,
						0
					]
				],
				"typeOfSection": 0,
				"gfSection": false,
				"altAnim": false,
				"mustHitSection": false,
				"changeBPM": false,
				"bpm": 174
			},
			{
				"lengthInSteps": 16,
				"sectionNotes": [
					[
						115862.068965517,
						1,
						261
					],
					[
						116206.896551724,
						2,
						0
					],
					[
						116379.310344828,
						0,
						0
					],
					[
						116724.137931035,
						2,
						0
					],
					[
						116896.551724138,
						3,
						0
					],
					[
						116931.034482759,
						0,
						0
					],
					[
						117068.965517241,
						2,
						0
					]
				],
				"typeOfSection": 0,
				"gfSection": false,
				"altAnim": false,
				"mustHitSection": true,
				"changeBPM": false,
				"bpm": 174
			},
			{
				"lengthInSteps": 16,
				"sectionNotes": [
					[
						117500,
						1,
						0
					],
					[
						117586.206896552,
						0,
						0
					],
					[
						117758.620689655,
						3,
						0
					],
					[
						117931.034482759,
						1,
						0
					],
					[
						118103.448275862,
						3,
						0
					],
					[
						118275.862068966,
						2,
						0
					],
					[
						118448.275862069,
						0,
						0
					],
					[
						117413.793103448,
						3,
						0
					]
				],
				"typeOfSection": 0,
				"gfSection": false,
				"altAnim": false,
				"mustHitSection": true,
				"changeBPM": false,
				"bpm": 174
			},
			{
				"lengthInSteps": 16,
				"sectionNotes": [
					[
						118620.689655172,
						2,
						261
					],
					[
						118965.517241379,
						1,
						0
					],
					[
						119137.931034483,
						1,
						261
					],
					[
						119655.172413793,
						1,
						174
					]
				],
				"typeOfSection": 0,
				"gfSection": false,
				"altAnim": false,
				"mustHitSection": true,
				"changeBPM": false,
				"bpm": 174
			},
			{
				"lengthInSteps": 16,
				"sectionNotes": [
					[
						120000,
						2,
						0
					],
					[
						120689.655172414,
						1,
						0
					],
					[
						121206.896551724,
						1,
						0
					],
					[
						120172.413793104,
						1,
						0
					],
					[
						120344.827586207,
						2,
						0
					],
					[
						120517.24137931,
						0,
						0
					],
					[
						120862.068965517,
						2,
						0
					],
					[
						121034.482758621,
						3,
						0
					]
				],
				"typeOfSection": 0,
				"gfSection": false,
				"altAnim": false,
				"mustHitSection": true,
				"changeBPM": false,
				"bpm": 174
			},
			{
				"lengthInSteps": 16,
				"sectionNotes": [
					[
						121379.310344828,
						4,
						0
					],
					[
						121551.724137931,
						6,
						0
					],
					[
						121896.551724138,
						5,
						261
					],
					[
						122241.379310345,
						4,
						0
					],
					[
						122413.793103448,
						5,
						0
					],
					[
						121379.310344828,
						1,
						0
					],
					[
						121551.724137931,
						0,
						0
					],
					[
						121637.931034483,
						3,
						0
					],
					[
						121724.137931035,
						2,
						88
					],
					[
						122068.965517241,
						1,
						0
					],
					[
						122241.379310345,
						2,
						262
					],
					[
						122586.206896552,
						0,
						0
					]
				],
				"typeOfSection": 0,
				"gfSection": false,
				"altAnim": false,
				"mustHitSection": false,
				"changeBPM": false,
				"bpm": 174
			},
			{
				"lengthInSteps": 16,
				"sectionNotes": [
					[
						122758.620689655,
						7,
						0
					],
					[
						123103.448275862,
						5,
						0
					],
					[
						123448.275862069,
						6,
						261
					],
					[
						122758.620689655,
						1,
						0
					],
					[
						122931.034482759,
						3,
						0
					],
					[
						123103.448275862,
						0,
						0
					],
					[
						123275.862068966,
						1,
						0
					],
					[
						123448.275862069,
						2,
						0
					],
					[
						123620.689655172,
						0,
						0
					],
					[
						123793.103448276,
						2,
						0
					],
					[
						123965.517241379,
						1,
						0
					]
				],
				"typeOfSection": 0,
				"gfSection": false,
				"altAnim": false,
				"mustHitSection": false,
				"changeBPM": false,
				"bpm": 174
			},
			{
				"lengthInSteps": 16,
				"sectionNotes": [
					[
						124137.931034483,
						3,
						0
					],
					[
						124310.344827586,
						0,
						0
					],
					[
						124482.75862069,
						2,
						0
					],
					[
						124655.172413793,
						1,
						0
					],
					[
						124827.586206897,
						3,
						0
					],
					[
						124913.793103448,
						0,
						0
					],
					[
						125000,
						2,
						0
					],
					[
						125172.413793104,
						1,
						0
					],
					[
						125344.827586207,
						2,
						0
					]
				],
				"typeOfSection": 0,
				"gfSection": false,
				"altAnim": false,
				"mustHitSection": false,
				"changeBPM": false,
				"bpm": 174
			},
			{
				"lengthInSteps": 16,
				"sectionNotes": [
					[
						125517.24137931,
						0,
						0
					],
					[
						125689.655172414,
						3,
						0
					],
					[
						125862.068965517,
						1,
						0
					],
					[
						126034.482758621,
						2,
						0
					],
					[
						126120.689655172,
						3,
						0
					],
					[
						126206.896551724,
						0,
						87
					],
					[
						126379.310344828,
						1,
						0
					],
					[
						126551.724137931,
						3,
						0
					],
					[
						126724.137931035,
						2,
						0
					]
				],
				"typeOfSection": 0,
				"gfSection": false,
				"altAnim": false,
				"mustHitSection": false,
				"changeBPM": false,
				"bpm": 174
			},
			{
				"lengthInSteps": 16,
				"sectionNotes": [
					[
						126896.551724138,
						4,
						0
					],
					[
						127068.965517241,
						6,
						0
					],
					[
						127413.793103448,
						5,
						261
					],
					[
						127758.620689655,
						4,
						0
					],
					[
						127931.034482759,
						5,
						0
					],
					[
						126896.551724138,
						1,
						0
					],
					[
						127068.965517241,
						0,
						0
					],
					[
						127155.172413793,
						3,
						0
					],
					[
						127241.379310345,
						2,
						88
					],
					[
						127586.206896552,
						1,
						0
					],
					[
						127758.620689655,
						2,
						262
					],
					[
						128103.448275862,
						0,
						0
					]
				],
				"typeOfSection": 0,
				"gfSection": false,
				"altAnim": false,
				"mustHitSection": true,
				"changeBPM": false,
				"bpm": 174
			},
			{
				"lengthInSteps": 16,
				"sectionNotes": [
					[
						128275.862068966,
						7,
						0
					],
					[
						128620.689655172,
						5,
						0
					],
					[
						128965.517241379,
						6,
						261
					],
					[
						128275.862068966,
						1,
						0
					],
					[
						128448.275862069,
						3,
						0
					],
					[
						128620.689655172,
						0,
						0
					],
					[
						128793.103448276,
						1,
						0
					],
					[
						128965.517241379,
						2,
						0
					],
					[
						129137.931034483,
						0,
						0
					],
					[
						129310.344827586,
						2,
						0
					],
					[
						129482.75862069,
						1,
						0
					]
				],
				"typeOfSection": 0,
				"gfSection": false,
				"altAnim": false,
				"mustHitSection": true,
				"changeBPM": false,
				"bpm": 174
			},
			{
				"lengthInSteps": 16,
				"sectionNotes": [
					[
						129655.172413793,
						3,
						0
					],
					[
						129827.586206897,
						0,
						0
					],
					[
						130000,
						2,
						0
					],
					[
						130172.413793104,
						1,
						0
					],
					[
						130344.827586207,
						3,
						0
					],
					[
						130689.655172414,
						1,
						0
					],
					[
						130862.068965517,
						2,
						0
					],
					[
						130775.862068966,
						3,
						0
					],
					[
						130517.24137931,
						0,
						0
					]
				],
				"typeOfSection": 0,
				"gfSection": false,
				"altAnim": false,
				"mustHitSection": true,
				"changeBPM": false,
				"bpm": 174
			},
			{
				"lengthInSteps": 16,
				"sectionNotes": [
					[
						131034.482758621,
						0,
						0
					],
					[
						131206.896551724,
						3,
						0
					],
					[
						131379.310344828,
						1,
						0
					],
					[
						131551.724137931,
						2,
						0
					],
					[
						131637.931034483,
						3,
						0
					],
					[
						131724.137931035,
						0,
						87
					],
					[
						131896.551724138,
						2,
						0
					],
					[
						132068.965517241,
						1,
						88
					]
				],
				"typeOfSection": 0,
				"gfSection": false,
				"altAnim": false,
				"mustHitSection": true,
				"changeBPM": false,
				"bpm": 174
			},
			{
				"lengthInSteps": 16,
				"sectionNotes": [
					[
						132413.793103448,
						3,
						0
					],
					[
						132413.793103448,
						2,
						0
					],
					[
						132586.206896551,
						1,
						0
					],
					[
						132758.620689655,
						0,
						0
					],
					[
						132931.034482758,
						2,
						0
					],
					[
						133103.448275862,
						1,
						0
					],
					[
						133275.862068965,
						3,
						0
					],
					[
						133448.275862069,
						0,
						0
					],
					[
						133620.689655172,
						3,
						0
					]
				],
				"typeOfSection": 0,
				"gfSection": false,
				"altAnim": false,
				"mustHitSection": false,
				"changeBPM": false,
				"bpm": 174
			},
			{
				"lengthInSteps": 16,
				"sectionNotes": [
					[
						133793.103448276,
						2,
						0
					],
					[
						133879.310344827,
						1,
						0
					],
					[
						133965.517241379,
						0,
						0
					],
					[
						134137.931034482,
						3,
						0
					],
					[
						134310.344827586,
						2,
						0
					],
					[
						134482.758620689,
						0,
						0
					],
					[
						134568.965517241,
						1,
						0
					],
					[
						134655.172413793,
						3,
						0
					],
					[
						134827.586206896,
						2,
						0
					],
					[
						135000,
						0,
						0
					]
				],
				"typeOfSection": 0,
				"gfSection": false,
				"altAnim": false,
				"mustHitSection": false,
				"changeBPM": false,
				"bpm": 174
			},
			{
				"lengthInSteps": 16,
				"sectionNotes": [
					[
						135172.413793103,
						1,
						0
					],
					[
						135172.413793103,
						3,
						0
					],
					[
						135517.24137931,
						2,
						0
					],
					[
						135603.448275862,
						1,
						0
					],
					[
						135689.655172414,
						0,
						0
					],
					[
						135862.068965517,
						2,
						0
					],
					[
						135948.275862069,
						1,
						0
					],
					[
						136034.48275862,
						3,
						262
					],
					[
						136379.310344827,
						0,
						0
					]
				],
				"typeOfSection": 0,
				"gfSection": false,
				"altAnim": false,
				"mustHitSection": false,
				"changeBPM": false,
				"bpm": 174
			},
			{
				"lengthInSteps": 16,
				"sectionNotes": [
					[
						136551.724137931,
						2,
						87
					],
					[
						136724.137931034,
						1,
						0
					],
					[
						136896.551724138,
						2,
						87
					],
					[
						137068.965517241,
						1,
						0
					],
					[
						137241.379310345,
						0,
						0
					],
					[
						137413.793103448,
						3,
						0
					],
					[
						137500,
						2,
						0
					],
					[
						137586.206896551,
						1,
						0
					],
					[
						137586.206896551,
						0,
						0
					],
					[
						137758.620689655,
						3,
						0
					]
				],
				"typeOfSection": 0,
				"gfSection": false,
				"altAnim": false,
				"mustHitSection": false,
				"changeBPM": false,
				"bpm": 174
			},
			{
				"lengthInSteps": 16,
				"sectionNotes": [
					[
						137931.034482758,
						2,
						89
					],
					[
						138103.448275862,
						0,
						0
					],
					[
						138189.655172414,
						3,
						0
					],
					[
						138275.862068965,
						1,
						0
					],
					[
						138448.275862069,
						2,
						0
					],
					[
						138620.689655172,
						0,
						0
					],
					[
						138793.103448276,
						2,
						0
					],
					[
						138965.517241379,
						0,
						0
					],
					[
						139137.931034483,
						1,
						0
					]
				],
				"typeOfSection": 0,
				"gfSection": false,
				"altAnim": false,
				"mustHitSection": false,
				"changeBPM": false,
				"bpm": 174
			},
			{
				"lengthInSteps": 16,
				"sectionNotes": [
					[
						139310.344827586,
						2,
						0
					],
					[
						139482.758620689,
						1,
						0
					],
					[
						139741.379310345,
						0,
						0
					],
					[
						139827.586206896,
						3,
						0
					],
					[
						140000,
						2,
						0
					],
					[
						140086.206896551,
						0,
						0
					],
					[
						140172.413793103,
						1,
						0
					],
					[
						140344.827586207,
						2,
						0
					],
					[
						140517.24137931,
						0,
						0
					]
				],
				"typeOfSection": 0,
				"gfSection": false,
				"altAnim": false,
				"mustHitSection": false,
				"changeBPM": false,
				"bpm": 174
			},
			{
				"lengthInSteps": 16,
				"sectionNotes": [
					[
						140689.655172414,
						1,
						0
					],
					[
						140862.068965517,
						3,
						0
					],
					[
						141120.689655172,
						1,
						0
					],
					[
						141206.896551724,
						3,
						0
					],
					[
						141034.48275862,
						2,
						0
					],
					[
						141724.137931034,
						1,
						0
					],
					[
						141896.551724138,
						3,
						0
					],
					[
						141379.310344827,
						0,
						0
					],
					[
						141551.724137931,
						2,
						0
					],
					[
						141810.344827586,
						2,
						0
					]
				],
				"typeOfSection": 0,
				"gfSection": false,
				"altAnim": false,
				"mustHitSection": false,
				"changeBPM": false,
				"bpm": 174
			},
			{
				"lengthInSteps": 16,
				"sectionNotes": [
					[
						142068.965517241,
						0,
						0
					],
					[
						142068.965517241,
						2,
						0
					],
					[
						142241.379310345,
						1,
						0
					],
					[
						142413.793103448,
						2,
						0
					],
					[
						142586.206896552,
						1,
						0
					],
					[
						142758.620689655,
						0,
						0
					],
					[
						142758.620689655,
						2,
						0
					],
					[
						142931.034482758,
						3,
						0
					],
					[
						143103.448275862,
						1,
						0
					],
					[
						143275.862068965,
						2,
						0
					]
				],
				"typeOfSection": 0,
				"gfSection": false,
				"altAnim": false,
				"mustHitSection": false,
				"changeBPM": false,
				"bpm": 174
			},
			{
				"lengthInSteps": 16,
				"sectionNotes": [
					[
						143448.275862069,
						3,
						0
					],
					[
						143448.275862069,
						2,
						0
					],
					[
						143620.689655172,
						1,
						0
					],
					[
						143793.103448276,
						0,
						0
					],
					[
						143965.517241379,
						2,
						0
					],
					[
						144137.931034482,
						1,
						0
					],
					[
						144310.344827586,
						3,
						0
					],
					[
						144482.758620689,
						0,
						0
					],
					[
						144655.172413793,
						3,
						0
					],
					[
						143448.275862069,
						4,
						0
					],
					[
						143793.103448276,
						4,
						0
					]
				],
				"typeOfSection": 0,
				"gfSection": false,
				"altAnim": false,
				"mustHitSection": true,
				"changeBPM": false,
				"bpm": 174
			},
			{
				"lengthInSteps": 16,
				"sectionNotes": [
					[
						144827.586206896,
						2,
						0
					],
					[
						144913.793103448,
						1,
						0
					],
					[
						145000,
						0,
						0
					],
					[
						145172.413793103,
						3,
						0
					],
					[
						145344.827586207,
						2,
						0
					],
					[
						145517.24137931,
						0,
						0
					],
					[
						145603.448275862,
						1,
						0
					],
					[
						145689.655172414,
						3,
						0
					],
					[
						145862.068965517,
						2,
						0
					],
					[
						146034.48275862,
						0,
						0
					],
					[
						144827.586206896,
						4,
						0
					],
					[
						145172.413793103,
						4,
						0
					],
					[
						145862.068965517,
						7,
						0
					],
					[
						146034.48275862,
						6,
						0
					]
				],
				"typeOfSection": 0,
				"gfSection": false,
				"altAnim": false,
				"mustHitSection": true,
				"changeBPM": false,
				"bpm": 174
			},
			{
				"lengthInSteps": 16,
				"sectionNotes": [
					[
						146206.896551724,
						3,
						0
					],
					[
						146551.724137931,
						2,
						0
					],
					[
						146724.137931034,
						0,
						0
					],
					[
						147413.793103448,
						0,
						0
					],
					[
						146206.896551724,
						1,
						262
					],
					[
						146896.551724138,
						3,
						0
					],
					[
						146982.758620689,
						1,
						0
					],
					[
						147068.965517241,
						2,
						261
					],
					[
						146637.931034483,
						1,
						0
					],
					[
						146206.896551724,
						4,
						0
					],
					[
						146551.724137931,
						4,
						0
					]
				],
				"typeOfSection": 0,
				"gfSection": false,
				"altAnim": false,
				"mustHitSection": true,
				"changeBPM": false,
				"bpm": 174
			},
			{
				"lengthInSteps": 16,
				"sectionNotes": [
					[
						147758.620689655,
						1,
						0
					],
					[
						148103.448275862,
						1,
						0
					],
					[
						148275.862068965,
						0,
						0
					],
					[
						148448.275862069,
						3,
						0
					],
					[
						148534.48275862,
						2,
						0
					],
					[
						148620.689655172,
						1,
						0
					],
					[
						148620.689655172,
						0,
						0
					],
					[
						147931.034482758,
						2,
						0
					],
					[
						147586.206896552,
						2,
						0
					],
					[
						148793.103448276,
						3,
						0
					],
					[
						147586.206896552,
						4,
						0
					],
					[
						147931.034482758,
						4,
						0
					],
					[
						148448.275862069,
						5,
						0
					],
					[
						148793.103448276,
						6,
						0
					]
				],
				"typeOfSection": 0,
				"gfSection": false,
				"altAnim": false,
				"mustHitSection": true,
				"changeBPM": false,
				"bpm": 174
			},
			{
				"lengthInSteps": 16,
				"sectionNotes": [
					[
						148965.517241379,
						2,
						89
					],
					[
						149137.931034483,
						0,
						0
					],
					[
						149224.137931034,
						3,
						0
					],
					[
						149310.344827586,
						1,
						0
					],
					[
						149482.758620689,
						2,
						0
					],
					[
						149655.172413793,
						0,
						0
					],
					[
						149827.586206896,
						2,
						0
					],
					[
						150000,
						0,
						0
					],
					[
						150172.413793103,
						1,
						0
					],
					[
						148965.517241379,
						5,
						0
					],
					[
						149310.344827586,
						5,
						0
					]
				],
				"typeOfSection": 0,
				"gfSection": false,
				"altAnim": false,
				"mustHitSection": true,
				"changeBPM": false,
				"bpm": 174
			},
			{
				"lengthInSteps": 16,
				"sectionNotes": [
					[
						150344.827586207,
						2,
						0
					],
					[
						150517.24137931,
						1,
						0
					],
					[
						150775.862068965,
						0,
						0
					],
					[
						150862.068965517,
						3,
						0
					],
					[
						151034.48275862,
						2,
						0
					],
					[
						151120.689655172,
						0,
						0
					],
					[
						151206.896551724,
						1,
						0
					],
					[
						151379.310344827,
						2,
						0
					],
					[
						151551.724137931,
						0,
						0
					],
					[
						150344.827586207,
						5,
						0
					],
					[
						150689.655172414,
						5,
						0
					],
					[
						151379.310344827,
						7,
						0
					],
					[
						151551.724137931,
						6,
						0
					]
				],
				"typeOfSection": 0,
				"gfSection": false,
				"altAnim": false,
				"mustHitSection": true,
				"changeBPM": false,
				"bpm": 174
			},
			{
				"lengthInSteps": 16,
				"sectionNotes": [
					[
						151724.137931034,
						1,
						0
					],
					[
						151896.551724138,
						3,
						0
					],
					[
						152155.172413793,
						1,
						0
					],
					[
						152241.379310345,
						3,
						0
					],
					[
						152068.965517241,
						2,
						0
					],
					[
						152758.620689655,
						1,
						0
					],
					[
						152931.034482758,
						3,
						0
					],
					[
						152413.793103448,
						0,
						0
					],
					[
						152586.206896552,
						2,
						0
					],
					[
						152844.827586207,
						2,
						0
					],
					[
						151724.137931034,
						5,
						0
					],
					[
						152068.965517241,
						5,
						0
					]
				],
				"typeOfSection": 0,
				"gfSection": false,
				"altAnim": false,
				"mustHitSection": true,
				"changeBPM": false,
				"bpm": 174
			},
			{
				"lengthInSteps": 16,
				"sectionNotes": [
					[
						153103.448275862,
						0,
						0
					],
					[
						153103.448275862,
						2,
						0
					],
					[
						153275.862068965,
						1,
						0
					],
					[
						153448.275862069,
						2,
						0
					],
					[
						153620.689655172,
						1,
						0
					],
					[
						153793.103448276,
						0,
						0
					],
					[
						153793.103448276,
						2,
						0
					],
					[
						153965.517241379,
						3,
						0
					],
					[
						154137.931034483,
						1,
						0
					],
					[
						154310.344827586,
						2,
						0
					],
					[
						153103.448275862,
						5,
						0
					],
					[
						153448.275862069,
						5,
						0
					]
				],
				"typeOfSection": 0,
				"gfSection": false,
				"altAnim": false,
				"mustHitSection": true,
				"changeBPM": false,
				"bpm": 174
			},
			{
				"lengthInSteps": 16,
				"sectionNotes": [
					[
						154482.75862069,
						2,
						431.034482758621
					]
				],
				"typeOfSection": 0,
				"gfSection": false,
				"altAnim": false,
				"mustHitSection": true,
				"changeBPM": false,
				"bpm": 174
			},
			{
				"lengthInSteps": 16,
				"sectionNotes": [],
				"typeOfSection": 0,
				"gfSection": false,
				"altAnim": false,
				"mustHitSection": true,
				"changeBPM": false,
				"bpm": 174
			},
			{
				"lengthInSteps": 16,
				"sectionNotes": [],
				"typeOfSection": 0,
				"gfSection": false,
				"altAnim": false,
				"mustHitSection": true,
				"changeBPM": false,
				"bpm": 174
			},
			{
				"lengthInSteps": 16,
				"sectionNotes": [],
				"typeOfSection": 0,
				"gfSection": false,
				"altAnim": false,
				"mustHitSection": true,
				"changeBPM": false,
				"bpm": 174
			},
			{
				"lengthInSteps": 16,
				"sectionNotes": [],
				"typeOfSection": 0,
				"gfSection": false,
				"altAnim": false,
				"mustHitSection": true,
				"changeBPM": false,
				"bpm": 174
			},
			{
				"lengthInSteps": 16,
				"sectionNotes": [],
				"gfSection": false,
				"altAnim": false,
				"bpm": 174,
				"changeBPM": false,
				"mustHitSection": true
			},
			{
				"sectionNotes": [],
				"lengthInSteps": 16,
				"gfSection": false,
				"altAnim": false,
				"mustHitSection": true,
				"changeBPM": false,
				"bpm": 174
			},
			{
				"sectionNotes": [],
				"lengthInSteps": 16,
				"gfSection": false,
				"altAnim": false,
				"mustHitSection": true,
				"changeBPM": false,
				"bpm": 174
			},
			{
				"sectionNotes": [],
				"lengthInSteps": 16,
				"gfSection": false,
				"altAnim": false,
				"mustHitSection": true,
				"changeBPM": false,
				"bpm": 174
			},
			{
				"lengthInSteps": 16,
				"sectionNotes": [],
				"gfSection": false,
				"altAnim": false,
				"bpm": 174,
				"changeBPM": false,
				"mustHitSection": true
			},
			{
				"lengthInSteps": 16,
				"sectionNotes": [],
				"gfSection": false,
				"altAnim": false,
				"bpm": 174,
				"changeBPM": false,
				"mustHitSection": true
			},
			{
				"lengthInSteps": 16,
				"sectionNotes": [],
				"gfSection": false,
				"altAnim": false,
				"bpm": 174,
				"changeBPM": false,
				"mustHitSection": true
			},
			{
				"sectionNotes": [],
				"lengthInSteps": 16,
				"gfSection": false,
				"altAnim": false,
				"mustHitSection": true,
				"changeBPM": false,
				"bpm": 174
			},
			{
				"gfSection": false,
				"lengthInSteps": 16,
				"altAnim": false,
				"sectionNotes": [],
				"bpm": 174,
				"changeBPM": false,
				"mustHitSection": true
			},
			{
				"gfSection": false,
				"lengthInSteps": 16,
				"altAnim": false,
				"sectionNotes": [],
				"bpm": 174,
				"changeBPM": false,
				"mustHitSection": true
			},
			{
				"gfSection": false,
				"lengthInSteps": 16,
				"altAnim": false,
				"sectionNotes": [],
				"bpm": 174,
				"changeBPM": false,
				"mustHitSection": true
			}
		],
		"gfVersion": "mora-speaker",
		"events": [
			[
				0,
				[
					[
						"Black Bars",
						"110",
						"1, expoOut"
					],
					[
						"Camera Zoom",
						"0.5",
						""
					]
				]
			],
			[
				11034.4827586207,
				[
					[
						"Black Bars",
						"90",
						"1, expoOut"
					],
					[
						"defaultZoom",
						"",
						""
					],
					[
						"Flash",
						"0.1",
						""
					]
				]
			],
			[
				22068.9655172414,
				[
					[
						"Flash",
						"0.1",
						""
					]
				]
			],
			[
				33103.4482758621,
				[
					[
						"Flash",
						"0.1",
						""
					],
					[
						"Black Bars",
						"110",
						"1, expoOut"
					],
					[
						"Camera Zoom",
						"0.5",
						""
					]
				]
			],
			[
				44137.9310344828,
				[
					[
						"Flash",
						"0.1",
						""
					]
				]
			],
			[
				55172.4137931035,
				[
					[
						"defaultZoom",
						"",
						""
					],
					[
						"Black Bars",
						"90",
						"1, expoOut"
					]
				]
			],
			[
				55517.2413793104,
				[
					[
						"Flash",
						"0.1",
						""
					]
				]
			],
			[
				66206.8965517242,
				[
					[
						"Flash",
						"0.1",
						""
					],
					[
						"Black Bars",
						"110",
						"1, expoOut"
					]
				]
			],
			[
				77241.3793103448,
				[
					[
						"Flash",
						"0.1",
						""
					],
					[
						"Camera Zoom",
						"0.5",
						""
					]
				]
			],
			[
				99310.3448275861,
				[
					[
						"Camera Zoom",
						"0.5",
						""
					],
					[
						"Black Bars",
						"130",
						"1, expoOut"
					],
					[
						"Flash",
						"0.1",
						""
					],
					[
						"shaderApply",
						"thermal",
						"25"
					],
					[
						"shaderApply",
						"saturation",
						"30"
					],
					[
						"shaderApply",
						"torn",
						"5"
					]
				]
			],
			[
				110344.827586207,
				[
					[
						"Flash",
						"0.3",
						""
					],
					[
						"defaultZoom",
						"",
						""
					],
					[
						"shaderRemove",
						"",
						"2"
					]
				]
			],
			[
				121379.310344827,
				[
					[
						"Flash",
						"0.1",
						""
					],
					[
						"Black Bars",
						"110",
						"1, expoOut"
					]
				]
			],
			[
				132413.793103448,
				[
					[
						"Black Bars",
						"130",
						"1, expoOut"
					],
					[
						"Flash",
						"0.1",
						""
					]
				]
			],
			[
				143448.275862069,
				[
					[
						"Flash",
						"0.1",
						""
					]
				]
			],
			[
				154482.75862069,
				[
					[
						"defaultZoom",
						"",
						""
					],
					[
						"Flash",
						"0.1",
						""
					],
					[
						"Black Bars",
						"90",
						"1, expoOut"
					]
				]
			]
		],
		"player3": null,
		"song": "Bomba",
		"validScore": true,
		"needsVoices": true,
		"stage": "junkyard",
		"speed": 3.2,
		"bpm": 174
	}
}