{
    "size":75,
    "cameraX":80,
    "cameraY":-40,
    "x":99999,
    "y":99999,
    "animations":{
        "idle":{"frames":"1"},
        "up":{"frames":"13"},
        "down":{"frames":"14"},
        "left":{"frames":"14"},
        "right":{"frames":"14"},
        "seconds per frame":0.025
    },
    "offsets":{
        "idle":{"x":0,"y":0},
        "up":{"x":0,"y":0},
        "down":{"x":0,"y":0},
        "left":{"x":0,"y":0},
        "right":{"x":0,"y":0}
    },
    "healthColor":"#af66ce"
}